IDENT;NOPOSTE;SEXE;AGE;DIPLOME;STATUT;CONTRAT;TEMPS;HEURES;MOTIF_ABS;SALAIRE_NET;PRIME;ANCIENNETE;SECTEUR;REGION
00000262;1;1;38;4;1;1;1;38;;999 999,00;1 182,39;5;GZ;76
00001293;1;1;50;7;1;1;1;26;;999 999,00;;19;OQ;27
00001555;1;2;51;5;2;1;9;42;;4 609,14;511,41;12;FZ;28
00003257;1;2;39;9;1;2;1;35;;999 999,00;;16;AZ;44
00003257;2;2;39;9;1;1;1;35;;2 967,79;;11;OQ;27
00004550;1;2;45;6;1;1;1;99;;2 310,97;;10;GZ;76
00004550;2;2;45;6;1;2;1;35;;2 398,72;;1;OQ;76
00006195;1;2;44;1;1;1;1;34;;2 499,21;1 594,33;6;GZ;11
00006195;2;2;44;1;1;1;2;27;;560,61;490,03;3;FZ;93
00006845;1;1;25;4;1;1;1;32;;1 760,39;;1;BE;32
00009682;1;2;34;4;1;1;1;36;;3 756,13;;7;BE;52
00011201;1;1;62;1;1;1;1;35;;1 549,47;;12;BE;53
00012331;1;1;57;1;1;1;1;33;;1 656,48;;13;HZ;11
00013324;1;2;60;7;1;2;1;42;;4 979,41;2 216,11;2;RU;32
00016089;1;1;30;1;1;1;1;45;;1 683,82;;4;GZ;11
00020534;1;2;53;4;1;1;1;44;;1 544,44;;14;GZ;75
00023756;1;2;32;1;2;3;1;41;1;1 537,76;999 999,00;9;JZ;11
00024381;1;2;52;6;2;1;1;34;;2 262,77;638,29;2;GZ;93
00025046;1;2;60;4;1;1;1;35;;2 851,54;;8;GZ;75
00025253;1;2;28;3;1;1;2;12;;684,00;1 179,90;8;OQ;28
00026117;1;2;59;7;1;1;1;40;;4 026,83;;1;BE;93
00026117;2;2;59;7;1;1;2;23;;1 957,24;1 188,86;12;OQ;84
00028811;1;2;20;6;1;1;2;12;;1 047,28;712,47;4;BE;44
00029087;1;1;53;4;1;1;1;30;2;999 999,00;691,08;12;RU;11
00029520;1;2;27;7;2;9;1;44;;1 994,72;1 319,21;9;BE;24
00029910;1;1;32;5;1;1;1;29;;2 710,05;2 310,63;3;BE;44
00031270;1;1;52;5;1;1;1;45;;5 416,56;;3;OQ;93
00031270;2;1;52;5;1;1;2;25;;1 582,67;;1;FZ;11
00032041;1;1;31;3;1;1;1;50;;2 566,81;;8;OQ;75
00033827;1;1;34;7;1;1;1;36;;3 538,77;999 999,00;1;MN;32
00034669;1;2;46;3;2;1;1;37;;2 945,32;1 336,63;0;BE;11
00034910;1;2;28;3;1;1;2;11;;805,36;954,20;12;FZ;93
00035982;1;1;44;4;1;2;1;33;;4 016,66;;24;OQ;84
00036167;1;2;17;4;3;8;1;60;;0,00;999 999,00;-1;BE;24
00036647;1;2;64;9;1;1;1;27;;4 298,95;;19;GZ;76
00039766;1;2;26;7;1;1;1;46;;3 909,26;;10;RU;11
00040915;1;2;58;7;1;3;1;43;;2 646,35;209,57;8;RU;52
00041860;1;1;50;9;2;1;2;30;;1 297,23;535,97;4;FZ;11
00042175;1;1;39;7;1;1;9;31;;2 257,36;;3;OQ;84
00042634;1;2;19;7;3;8;1;55;;0,00;;-1;OQ;11
00049503;1;2;34;3;1;1;1;36;;1 321,94;;2;OQ;53
00050984;1;2;33;6;1;1;1;32;;3 037,37;;2;MN;32
00051865;1;2;57;1;1;1;1;43;;1 463,05;;18;OQ;32
00053285;1;1;27;3;1;1;1;44;;1 419,76;;7;MN;11
00053946;1;2;55;1;1;1;2;28;;446,47;;1;GZ;76
00054328;1;2;32;5;1;1;1;41;;2 313,17;450,55;2;OQ;53
00055634;1;1;63;4;1;1;1;40;;2 115,93;;16;RU;11
00056407;1;1;48;3;1;1;1;39;1;3 905,82;1 762,00;6;MN;44
00056605;1;2;22;4;2;1;1;56;;2 041,27;1 914,03;0;HZ;76
00058817;1;1;32;9;3;8;1;46;1;0,00;;-1;BE;11
00059389;1;1;51;6;1;1;1;32;5;5 952,31;1 272,99;12;BE;44
00060359;1;1;48;7;1;2;1;38;;3 032,12;1 039,88;18;OQ;84
00060599;1;2;33;7;1;1;1;47;;3 813,57;;17;RU;52
00060994;1;2;24;6;1;1;1;38;;1 379,17;293,31;8;OQ;28
00061275;1;1;56;3;1;3;1;40;;2 994,37;;3;BE;24
00063984;1;2;51;6;1;1;1;41;;1 180,73;;2;JZ;11
00064091;1;1;55;3;2;1;1;33;;1 772,57;;1;GZ;52
00065067;1;1;20;7;1;1;1;60;;1 606,33;1 024,68;4;FZ;11
00068624;1;2;28;5;3;8;2;34;;0,00;;-1;OQ;93
00068886;1;2;41;5;1;1;1;35;;3 086,08;;2;BE;84
00069535;1;1;42;5;1;1;1;40;;999 999,00;300,57;3;BE;93
00069676;1;2;54;3;2;1;2;11;99;1 228,28;4 233,59;3;GZ;84
00071148;1;2;46;4;3;8;2;25;;0,00;999 999,00;-1;BE;32
00072049;1;1;64;5;1;9;2;19;;1 755,49;789,38;8;MN;44
00073027;1;2;33;4;1;1;1;42;;708,56;;0;GZ;76
00073486;1;2;62;1;1;1;1;30;2;2 653,66;;6;FZ;84
00073578;1;1;45;3;2;1;1;41;2;1 562,89;999 999,00;2;JZ;24
00073589;1;2;39;1;1;2;1;32;1;1 542,02;;5;OQ;11
00074171;1;1;35;3;2;1;1;33;;2 859,04;;8;MN;84
00075326;1;1;27;6;1;1;1;36;;4 593,94;;5;BE;44
00076549;1;2;45;6;2;1;1;41;;2 952,25;;9;GZ;11
00076855;1;1;28;6;1;1;1;37;;2 625,06;;7;BE;44
00078282;1;2;33;3;2;9;1;41;;999 999,00;;8;JZ;11
00079556;1;1;46;5;2;1;1;43;1;4 717,85;;5;OQ;84
00080777;1;2;46;7;2;1;1;42;;5 817,11;999 999,00;7;OQ;32
00081538;1;2;26;3;1;1;1;60;;2 368,63;;8;FZ;11
00081538;2;2;26;3;1;1;1;36;;1 589,97;999 999,00;4;OQ;44
00081582;1;2;48;5;1;1;1;34;1;3 298,86;;5;BE;28
00082684;1;2;53;3;3;8;1;41;;0,00;;-1;OQ;75
00083180;1;2;25;4;1;3;1;36;;3 466,04;;1;RU;28
00083292;1;1;33;1;1;2;1;40;;1 604,63;;1;HZ;52
00084286;1;1;27;3;2;1;1;31;;1 822,74;680,56;11;HZ;75
00084457;1;2;44;7;1;1;1;57;;6 182,16;;14;MN;44
00084939;1;2;37;7;2;2;2;26;1;999 999,00;;2;HZ;84
00084948;1;1;48;7;2;1;1;42;1;5 166,45;;3;GZ;84
00085232;1;1;44;9;3;8;1;56;;0,00;;-1;FZ;44
00085755;1;2;51;5;2;1;1;33;;1 864,59;750,63;8;MN;76
00088007;1;2;15;7;1;1;1;38;;3 126,17;1 026,25;0;AZ;84
00088191;1;2;23;5;3;8;1;60;;0,00;;-1;BE;28
00088191;2;2;23;5;3;8;2;33;2;0,00;;-1;BE;11
00088536;1;2;37;9;2;1;1;38;;1 803,35;;2;GZ;84
00088703;1;2;47;1;1;1;2;26;;822,81;;24;OQ;27
00088728;1;1;37;3;3;8;1;57;;0,00;;-1;FZ;32
00091884;1;2;29;5;1;1;1;41;;2 717,78;737,20;6;OQ;24
00091884;2;2;29;5;1;2;9;13;;1 287,39;962,89;2;GZ;32
00091907;1;1;44;4;1;1;1;41;;4 163,00;;25;OQ;84
00092110;1;2;62;9;2;1;1;35;;2 344,75;;18;OQ;44
00092904;1;2;35;3;1;1;1;39;;2 950,65;3 540,44;17;GZ;27
00093060;1;2;38;5;1;2;1;41;;3 732,20;;2;OQ;11
00093752;1;1;37;4;1;1;9;41;;1 792,57;573,11;15;BE;93
00094269;1;2;43;4;1;1;1;27;;2 322,76;;15;HZ;75
00096887;1;1;61;3;1;3;1;46;;3 293,91;;6;OQ;44
00097397;1;1;50;4;3;8;2;52;;0,00;;-1;MN;11
00099518;1;1;52;4;1;1;1;45;;4 529,72;1 070,50;1;MN;11
00104955;1;1;57;4;2;2;1;53;1;3 105,34;;3;OQ;27
00107552;1;1;30;6;2;2;1;32;;4 026,42;;14;OQ;32
00107853;1;2;41;3;3;8;2;99;;0,00;;-1;OQ;84
00111649;1;1;55;6;1;2;1;32;;2 887,02;;3;GZ;28
00111993;1;2;20;4;1;2;1;40;;999 999,00;2 071,58;4;BE;75
00112385;1;2;35;7;1;2;1;60;;3 242,60;;9;OQ;32
00114463;1;1;53;1;1;1;1;42;;2 242,29;333,09;12;GZ;84
00117928;1;1;46;4;2;1;1;32;;1 696,39;;2;JZ;11
00120285;1;2;54;7;1;1;1;31;4;2 041,30;;3;OQ;32
00121396;1;1;51;3;1;1;1;49;;4 614,68;999 999,00;7;JZ;44
00122918;1;2;35;5;2;2;2;17;;1 642,11;;1;HZ;28
00124093;1;1;54;6;1;1;1;44;9;3 247,78;1 592,51;6;BE;76
00125225;1;2;41;4;1;1;1;40;;3 013,01;;7;MN;84
00125774;1;1;55;4;1;1;2;10;;2 470,07;;1;JZ;11
00127876;1;1;42;9;1;1;1;32;;3 548,36;;3;BE;11
00128039;1;1;54;3;1;1;1;40;;2 340,60;999 999,00;1;OQ;93
00128354;1;2;38;7;1;1;1;37;;3 621,36;;3;GZ;44
00128967;1;2;41;1;2;1;9;39;;1 251,36;896,93;1;OQ;75
00129791;1;2;28;4;1;1;1;34;;1 810,01;446,04;2;GZ;76
00129791;2;2;28;4;1;1;2;99;1;775,09;999 999,00;2;HZ;11
00132477;1;2;41;7;2;1;1;34;;2 753,08;1 115,29;1;RU;52
00132706;1;2;34;3;1;1;1;52;;1 298,40;845,72;0;OQ;44
00134326;1;2;26;2;1;2;1;34;;1 887,46;387,21;2;MN;52
00135557;1;2;63;3;3;8;2;38;;0,00;;-1;BE;11
00136114;1;2;43;9;1;1;1;51;;1 904,53;227,64;8;GZ;53
00136114;2;2;43;9;1;2;2;18;;1 006,97;919,48;2;OQ;84
00137494;1;1;26;4;1;1;1;37;;1 288,78;;5;FZ;44
00137973;1;2;34;7;3;8;1;54;;0,00;999 999,00;-1;OQ;32
00142913;1;2;42;5;1;1;1;37;;3 823,91;591,60;11;AZ;32
00146752;1;1;51;3;1;1;9;35;;2 097,88;;1;BE;93
00148514;1;2;23;3;2;1;1;99;;999 999,00;738,17;5;JZ;11
00150484;1;2;25;4;1;1;2;22;;921,69;;9;OQ;32
00150499;1;2;44;4;1;1;1;35;;1 892,11;1 610,29;0;BE;75
00154770;1;1;52;7;1;2;1;41;;6 629,10;;3;GZ;84
00155941;1;1;42;1;1;1;1;39;;2 030,81;1 774,84;2;BE;44
00157524;1;1;21;9;1;1;1;31;;2 282,44;2 720,82;5;RU;93
00157661;1;1;54;6;1;3;1;38;;3 966,44;3 742,14;2;FZ;52
00162821;1;2;46;7;1;1;1;41;;2 657,03;936,66;9;BE;93
00163336;1;2;48;7;2;1;1;33;;10 000,00;2 164,14;8;GZ;75
00163336;2;2;48;7;2;1;1;35;;999 999,00;1 536,87;1;BE;76
00164202;1;1;42;3;1;1;9;30;;2 542,76;;1;HZ;84
00164202;2;1;42;3;1;1;1;40;2;4 645,88;2 421,57;2;BE;24
00164300;1;1;47;7;1;1;1;41;;2 278,55;;6;OQ;75
00165376;1;1;45;4;1;2;9;59;2;2 580,15;;0;BE;93
00165936;1;2;46;4;1;3;1;40;;1 821,26;;1;OQ;28
00166189;1;2;57;7;1;1;1;32;;3 387,59;539,85;4;MN;44
00169244;1;1;21;1;1;1;1;36;;2 054,97;1 798,58;2;GZ;76
00169427;1;2;27;4;1;1;2;12;;2 598,45;;11;OQ;93
00169502;1;2;23;6;1;1;1;43;;1 893,83;;5;JZ;84
00171366;1;2;29;7;1;9;1;41;;4 952,86;;9;JZ;84
00171637;1;2;51;1;1;1;1;39;;1 571,17;515,84;7;GZ;52
00172255;1;2;56;7;2;1;1;32;;2 149,24;;2;GZ;84
00172547;1;1;56;5;2;1;1;35;;5 548,24;;1;GZ;11
00174110;1;1;30;4;2;1;1;33;;1 969,14;;4;BE;11
00174765;1;2;33;6;1;1;1;48;2;1 779,80;;10;BE;28
00174910;1;1;23;5;1;1;1;28;;1 268,95;;2;MN;75
00175234;1;2;26;6;1;1;1;56;;999 999,00;;2;GZ;32
00177107;1;2;40;3;3;8;1;60;;0,00;999 999,00;-1;RU;75
00177610;1;2;35;3;2;1;9;29;;1 856,27;;3;OQ;75
00177801;1;2;63;7;3;8;1;49;;0,00;;-1;FZ;52
00177836;1;2;56;7;1;2;1;48;;3 587,64;2 649,41;11;BE;44
00182382;1;1;39;6;1;3;1;50;;1 345,05;;2;OQ;11
00183472;1;1;40;6;1;2;1;32;;8 346,06;2 205,59;12;GZ;75
00185313;1;2;51;3;1;1;1;26;;1 588,66;;13;BE;52
00185530;1;2;57;3;2;9;9;60;;3 870,67;461,95;0;JZ;44
00187184;1;2;57;5;2;1;2;21;;1 114,35;476,77;8;OQ;93
00188400;1;2;43;4;1;1;1;40;;2 356,07;483,77;0;HZ;93
00188902;1;1;18;3;2;1;2;25;1;1 259,74;;2;OQ;28
00188902;2;1;18;3;2;1;2;27;;1 124,59;1 201,09;0;OQ;44
00189096;1;1;46;9;1;2;1;60;;4 397,51;;7;MN;84
00189276;1;2;30;7;2;1;1;46;;999 999,00;1 502,13;4;GZ;11
00190670;1;2;41;9;1;1;2;18;;1 130,27;1 635,03;2;OQ;11
00190670;2;2;41;9;1;1;2;99;;792,74;;16;OQ;76
00190994;1;1;57;3;1;1;2;9;;1 413,38;;4;HZ;75
00191915;1;1;64;4;1;1;1;38;;2 211,18;;6;RU;32
00198253;1;1;62;1;1;9;2;28;;1 108,93;;15;BE;24
00198514;1;1;22;6;2;1;1;39;;999 999,00;;1;MN;76
00198619;1;1;23;1;1;1;1;60;;1 259,00;;1;HZ;11
00198777;1;2;27;2;1;2;2;30;;988,62;;6;BE;44
00198777;2;2;27;2;1;1;2;13;;1 222,22;565,63;7;OQ;32
00203973;1;2;55;6;1;1;1;34;;2 756,36;1 086,94;3;MN;28
00204285;1;2;37;9;2;1;2;29;;999 999,00;1 217,50;18;OQ;27
00205994;1;2;57;9;2;2;1;30;;2 912,84;;7;GZ;53
00207142;1;1;59;5;2;1;1;37;;999 999,00;;7;GZ;24
00207845;1;1;54;9;2;1;1;33;1;3 221,89;;19;OQ;28
00208255;1;1;30;2;1;1;1;43;;1 915,48;;3;HZ;75
00211365;1;1;54;3;1;1;1;39;1;4 135,83;976,45;2;OQ;27
00211523;1;2;36;5;1;2;1;41;;1 963,06;742,31;5;MN;11
00213627;1;2;35;7;1;1;2;28;1;999 999,00;781,30;3;OQ;52
00216826;1;1;55;3;1;1;1;21;;4 092,61;489,19;2;GZ;93
00217080;1;2;42;2;1;1;1;40;;1 329,38;;1;MN;93
00217968;1;1;44;2;2;1;1;33;;1 704,90;;6;OQ;84
00218043;1;2;26;1;1;1;2;99;;581,12;;9;OQ;24
00219600;1;2;35;3;1;1;1;46;;4 531,10;;9;BE;32
00219841;1;2;50;6;3;8;1;60;;0,00;;-1;FZ;76
00221601;1;1;37;2;1;1;1;46;;2 405,19;;0;OQ;76
00221601;2;1;37;2;1;3;2;24;;1 951,27;;13;OQ;27
00221704;1;1;24;7;1;2;9;38;;4 226,86;;2;OQ;11
00222113;1;1;23;1;2;1;1;38;;1 525,91;1 086,00;0;GZ;44
00222212;1;2;43;3;1;1;2;18;;1 227,08;;7;GZ;11
00224413;1;1;28;7;1;1;1;39;;2 409,25;1 374,48;4;OQ;44
00225312;1;1;33;4;2;1;1;44;;2 091,05;1 416,08;17;HZ;11
00226229;1;1;56;6;1;1;1;36;;2 877,34;;5;MN;24
00227751;1;1;59;3;1;2;1;50;;3 136,33;;8;FZ;24
00228821;1;1;39;2;1;1;1;40;;1 114,08;;11;MN;27
00229051;1;1;55;1;2;1;1;42;;1 844,96;;3;JZ;84
00231404;1;2;18;3;2;1;2;20;;1 164,65;1 221,42;2;MN;11
00233485;1;2;55;4;1;1;1;34;;5 467,35;;4;JZ;76
00239495;1;1;23;7;1;1;1;49;;4 268,54;;6;GZ;76
00239802;1;2;39;7;1;1;1;45;;1 729,28;2 265,90;0;MN;84
00240445;1;2;31;4;2;1;2;13;;1 905,69;;6;AZ;75
00240445;2;2;31;4;2;1;2;15;;2 072,01;;8;GZ;53
00241404;1;1;35;3;1;2;2;25;;1 818,02;;1;OQ;52
00242726;1;2;26;5;1;1;1;27;;2 241,92;969,16;3;GZ;24
00243189;1;1;25;9;2;1;1;60;;1 839,64;;2;FZ;53
00246697;1;1;39;7;1;1;1;32;;4 136,62;741,20;3;JZ;76
00249236;1;2;38;4;1;1;2;12;99;1 340,60;884,20;10;GZ;11
00252665;1;1;50;4;1;1;1;38;;999 999,00;432,66;3;AZ;84
00253234;1;1;27;7;1;1;1;60;;3 906,38;999 999,00;3;FZ;93
00256702;1;2;35;5;1;1;1;46;;1 657,33;;6;MN;32
00257229;1;1;34;3;1;1;2;17;;725,20;;15;BE;75
00257985;1;1;34;1;2;2;1;34;;2 853,58;698,66;6;OQ;32
00258567;1;1;34;5;1;1;1;44;;4 081,69;;18;FZ;93
00258567;2;1;34;5;1;9;2;23;1;2 838,39;310,37;7;OQ;75
00258578;1;1;36;7;1;1;2;25;9;3 206,46;;7;OQ;44
00260863;1;1;35;4;1;1;1;32;;3 092,15;562,48;4;FZ;52
00262468;1;2;40;7;2;1;1;50;;4 831,09;;5;GZ;27
00263712;1;1;49;3;1;1;1;30;;1 701,42;1 397,40;0;GZ;53
00263866;1;1;39;4;1;1;1;37;;3 263,40;;2;RU;32
00263875;1;2;58;4;1;2;1;33;2;2 897,65;;1;OQ;93
00266551;1;1;52;5;2;1;1;39;;2 821,27;5 289,64;1;BE;75
00268792;1;2;36;6;1;1;1;32;;3 029,78;2 105,22;3;BE;52
00269334;1;1;60;7;3;8;1;60;;0,00;;-1;RU;27
00269603;1;2;54;4;1;1;2;17;;1 606,64;;15;OQ;52
00271180;1;1;38;3;1;1;1;37;;3 900,72;3 010,76;6;MN;84
00274985;1;2;60;3;1;1;2;12;1;1 753,06;225,04;27;OQ;53
00278137;1;2;42;2;1;1;1;49;;1 754,39;421,19;9;OQ;84
00278234;1;1;63;4;1;9;2;8;;1 245,36;;5;OQ;76
00279541;1;2;64;4;2;2;2;24;;1 917,45;920,85;20;OQ;76
00281236;1;1;29;3;2;3;1;31;;2 079,91;1 265,22;5;HZ;24
00284246;1;2;31;4;1;1;1;42;;2 528,69;;5;MN;11
00284460;1;1;34;4;1;1;1;44;;2 849,48;751,69;7;BE;52
00285004;1;1;22;6;1;3;1;45;1;2 173,81;;1;MN;53
00285986;1;2;30;4;2;1;1;37;2;999 999,00;;1;BE;84
00287688;1;1;51;6;1;1;1;44;;2 754,41;;5;JZ;44
00288133;1;2;27;2;1;1;1;40;4;1 769,27;;1;RU;84
00290365;1;1;31;4;2;1;1;34;;2 500,40;;4;RU;75
00290698;1;1;31;4;1;1;2;13;;1 354,61;2 361,69;7;MN;32
00292117;1;1;42;6;3;8;1;36;;0,00;;-1;JZ;52
00292588;1;2;37;4;3;8;1;60;;0,00;;-1;AZ;75
00292677;1;2;30;1;1;1;2;13;;1 680,38;354,85;2;OQ;76
00293617;1;1;35;1;1;2;9;99;;1 526,31;540,78;1;MN;93
00293930;1;1;34;4;1;1;1;41;;1 968,53;887,51;1;OQ;76
00293930;2;1;34;4;1;2;2;24;;1 003,94;1 231,99;1;GZ;11
00294959;1;1;27;4;2;1;1;35;;2 187,17;1 991,28;11;FZ;24
00295282;1;2;33;3;1;2;1;41;;1 228,52;1 738,07;6;OQ;52
00295393;1;2;55;7;1;1;1;32;;7 505,69;;11;OQ;84
00296154;1;2;54;1;1;1;2;19;;1 649,95;1 259,88;8;OQ;76
00298696;1;2;37;3;1;1;1;37;;999 999,00;;5;FZ;76
00299712;1;2;40;4;1;1;1;38;;4 305,75;;2;BE;11
00301813;1;2;27;1;2;1;1;39;;1 943,23;;1;MN;93
00302482;1;2;42;9;1;3;2;28;;2 172,42;;25;JZ;53
00303057;1;2;49;5;1;2;1;43;;2 564,06;;11;BE;84
00303979;1;1;35;1;1;1;1;44;;1 904,42;782,53;3;OQ;27
00303979;2;1;35;1;1;1;2;10;;1 554,91;598,69;4;FZ;84
00304164;1;1;33;4;1;1;1;45;;3 270,24;;17;GZ;53
00304841;1;1;44;4;1;2;1;51;;2 537,66;999 999,00;4;OQ;52
00304882;1;2;39;6;1;1;1;38;;2 440,25;699,16;3;OQ;44
00304986;1;2;43;5;2;3;2;30;;1 500,06;;10;OQ;76
00307139;1;2;55;5;1;1;1;34;;2 762,86;1 155,67;0;AZ;32
00307410;1;1;34;2;1;1;1;99;;3 034,31;;8;MN;76
00309193;1;2;26;3;1;2;2;24;;1 104,11;;10;OQ;24
00309560;1;2;31;4;2;1;2;30;;1 420,57;;3;JZ;11
00310696;1;2;21;1;1;1;2;21;;1 158,95;;2;OQ;32
00312791;1;1;41;1;1;1;1;41;;4 209,48;763,62;25;OQ;84
00314988;1;1;42;3;1;1;1;39;9;999 999,00;;1;BE;32
00315876;1;1;57;5;1;1;1;35;;3 878,78;4 065,62;13;BE;52
00317089;1;1;21;7;1;2;1;36;;2 983,96;323,34;4;GZ;76
00318009;1;1;53;5;3;8;1;60;;0,00;;-1;MN;11
00318009;2;1;53;5;3;8;2;53;;0,00;;-1;RU;11
00318225;1;2;57;5;1;1;1;48;1;3 120,81;352,04;4;OQ;28
00318523;1;1;40;7;1;1;1;25;;2 015,45;;14;OQ;52
00320518;1;1;57;4;1;1;1;29;;2 938,59;;4;RU;84
00320545;1;2;41;4;1;1;1;40;;3 566,39;;12;OQ;11
00320857;1;1;29;5;2;1;1;44;;3 035,10;447,06;1;OQ;84
00323040;1;2;36;1;2;1;1;36;;1 770,78;315,47;13;BE;11
00323040;2;2;36;1;2;2;2;29;2;1 279,16;;2;OQ;93
00323779;1;1;28;2;1;1;2;24;1;1 067,75;;0;RU;93
00326814;1;2;63;1;1;1;1;41;1;2 454,61;;25;OQ;93
00326814;2;2;63;1;1;1;2;27;;702,59;2 553,08;0;BE;53
00327330;1;1;61;5;1;1;1;30;;2 895,77;2 005,39;13;BE;11
00327706;1;2;61;5;1;1;2;25;;2 529,75;847,65;13;OQ;52
00327977;1;1;41;6;2;1;1;39;;7 150,07;;2;GZ;53
00328252;1;2;59;9;1;1;2;13;;1 016,76;249,43;11;OQ;76
00330395;1;2;44;3;2;1;1;26;;3 169,13;1 345,80;17;FZ;84
00331738;1;1;28;1;1;1;1;48;;1 867,87;;2;MN;44
00333441;1;1;57;3;1;1;1;45;;2 681,70;;0;OQ;84
00334203;1;1;26;3;1;1;1;38;;1 623,41;;7;JZ;75
00336734;1;1;15;1;2;1;1;38;;2 952,18;;0;GZ;84
00336734;2;1;15;1;2;1;2;21;;427,80;481,43;0;GZ;84
00337987;1;1;49;3;2;1;1;37;1;2 899,22;694,33;3;RU;11
00341204;1;2;55;7;1;1;1;38;;3 171,74;561,35;18;HZ;52
00347349;1;1;54;7;2;2;1;26;;2 317,09;;1;GZ;28
00347349;2;1;54;7;2;1;2;13;;2 967,04;999 999,00;5;GZ;27
00351810;1;1;23;7;2;1;1;35;;2 838,01;;3;GZ;76
00351810;2;1;23;7;2;1;2;23;;999 999,00;;7;OQ;84
00351964;1;2;30;3;1;1;1;43;;2 290,64;1 438,81;2;HZ;44
00353198;1;1;28;4;1;3;1;52;;2 000,63;;10;BE;11
00355563;1;2;20;5;1;1;1;43;;2 226,29;;3;FZ;84
00356679;1;1;32;7;1;1;1;34;1;3 986,29;;4;OQ;11
00356680;1;1;41;7;1;1;1;33;;999 999,00;519,12;2;FZ;11
00357164;1;2;53;9;1;2;1;39;;1 468,40;757,16;10;RU;84
00357968;1;1;44;2;3;8;1;60;;0,00;;-1;AZ;44
00358400;1;1;63;4;1;1;1;44;;2 028,32;718,51;0;BE;11
00358419;1;2;62;6;1;1;1;31;;1 996,07;;2;OQ;27
00361158;1;2;50;2;2;1;1;44;;2 932,24;833,42;11;GZ;44
00361366;1;1;58;5;2;1;1;38;;4 690,24;1 252,35;2;OQ;76
00361469;1;1;44;5;1;1;1;45;4;2 861,97;1 160,77;5;GZ;32
00361469;2;1;44;5;1;1;2;26;;1 990,52;602,62;9;GZ;76
00362001;1;2;20;7;2;1;2;30;1;2 398,91;;4;MN;32
00362286;1;2;63;3;2;1;2;28;;1 129,08;659,90;3;GZ;84
00363303;1;1;42;5;1;9;9;43;;8 154,52;;22;GZ;11
00364909;1;2;55;5;1;1;2;26;3;2 859,24;;5;GZ;44
00367262;1;1;26;3;1;1;1;33;;4 041,65;751,22;0;BE;11
00367568;1;1;45;3;1;1;1;33;;1 639,23;;2;AZ;53
00368947;1;1;57;4;1;1;1;37;;2 874,99;791,20;0;MN;75
00370677;1;2;50;3;1;3;1;30;;4 283,41;558,99;4;BE;84
00373310;1;1;41;7;1;1;2;26;;4 411,17;544,06;9;OQ;84
00375003;1;2;39;4;2;1;2;17;;1 302,15;;14;BE;84
00375967;1;1;25;3;2;1;1;45;;1 548,97;384,33;6;BE;27
00378466;1;2;52;3;2;1;1;29;;2 140,75;;6;HZ;11
00379996;1;1;43;3;1;1;1;60;99;3 053,76;;4;MN;24
00380822;1;2;24;6;1;2;1;34;;999 999,00;;6;RU;27
00381157;1;1;42;6;1;1;1;26;;2 475,35;485,12;2;BE;53
00381157;2;1;42;6;1;1;2;10;1;1 812,91;;1;OQ;52
00382528;1;2;31;5;1;1;1;33;;2 882,27;;8;OQ;11
00383462;1;1;49;3;1;1;1;41;;4 067,14;;32;OQ;93
00388835;1;2;49;3;2;1;1;40;;3 368,03;;19;OQ;52
00389459;1;1;26;7;3;8;1;60;;0,00;;-1;BE;52
00389703;1;2;61;1;1;1;1;47;;1 808,96;1 200,98;0;OQ;27
00390207;1;2;70;4;2;1;1;42;;2 912,69;1 753,74;5;OQ;52
00391302;1;2;48;3;2;1;1;51;;2 417,27;3 547,76;4;AZ;44
00392735;1;2;63;1;1;1;1;34;;2 177,04;;1;RU;76
00393508;1;1;31;5;3;8;1;60;;0,00;;-1;GZ;44
00394839;1;2;47;2;1;1;1;41;;2 163,50;2 560,06;4;OQ;52
00395671;1;2;35;6;1;1;1;36;;1 332,50;571,82;0;FZ;11
00395671;2;2;35;6;1;2;2;20;;1 754,79;1 092,69;0;BE;75
00397812;1;1;42;7;1;1;1;39;;2 107,30;;1;GZ;24
00397812;2;1;42;7;1;1;2;23;;1 873,24;673,87;2;BE;75
00398983;1;1;54;6;1;1;1;41;3;2 638,86;;5;RU;11
00399709;1;2;38;7;1;1;1;47;;5 085,73;;1;BE;93
00402892;1;2;21;9;1;3;1;37;;1 859,65;837,57;5;GZ;32
00403263;1;1;41;5;1;1;1;41;99;1 900,77;;6;MN;76
00407499;1;1;43;3;2;1;1;36;;3 770,90;897,63;26;OQ;76
00407796;1;1;34;1;1;1;1;38;;1 683,31;;1;BE;76
00408959;1;2;44;6;2;2;1;33;;2 285,51;413,87;2;OQ;11
00409328;1;2;26;3;1;1;1;99;;1 908,04;;5;JZ;52
00412681;1;1;33;7;1;2;1;40;;3 890,39;;13;BE;11
00413179;1;2;64;3;3;8;1;60;;0,00;;-1;FZ;11
00413950;1;1;33;6;2;1;1;39;3;3 428,31;1 280,65;5;OQ;84
00414600;1;1;30;2;2;1;1;34;;1 317,25;804,03;6;FZ;11
00414791;1;1;59;5;1;1;1;37;;4 160,46;1 038,54;16;MN;53
00418160;1;2;49;3;1;2;1;52;;2 289,36;;8;OQ;84
00418160;2;2;49;3;1;1;2;26;;2 820,33;153,50;12;MN;76
00418705;1;1;43;2;1;1;9;48;;1 869,04;;18;BE;32
00421213;1;2;51;7;2;1;1;41;;10 000,00;;0;AZ;27
00421917;1;2;37;2;1;1;1;39;2;1 547,16;;6;OQ;44
00422751;1;1;62;3;1;1;9;27;1;2 810,79;893,55;6;AZ;75
00424356;1;1;44;6;1;1;1;32;;3 306,37;;3;MN;76
00424871;1;2;62;1;1;2;2;9;;885,19;999 999,00;2;OQ;84
00425775;1;2;42;3;1;1;9;30;;2 516,16;;5;OQ;53
00426508;1;2;36;5;2;1;1;36;;2 140,87;;2;OQ;28
00427204;1;1;48;7;2;1;9;50;1;6 170,83;;14;MN;44
00427826;1;2;53;4;1;1;1;39;;2 417,79;;8;BE;11
00428511;1;2;34;4;2;1;2;25;;1 577,37;324,80;2;MN;27
00428511;2;2;34;4;2;1;1;39;;1 592,19;;1;OQ;93
00428993;1;2;59;3;1;1;1;50;;2 789,68;2 524,06;15;AZ;84
00430792;1;2;53;9;1;1;2;29;;1 160,63;;2;OQ;84
00432121;1;2;33;6;2;2;1;47;;2 164,75;;5;OQ;44
00433568;1;1;51;6;2;1;1;44;;2 379,49;1 333,36;4;GZ;32
00437523;1;1;22;7;1;1;1;34;;2 069,52;;6;AZ;53
00437763;1;1;54;4;2;1;1;34;;4 708,60;776,61;2;RU;11
00440028;1;2;40;9;1;2;1;36;;2 147,59;;23;OQ;53
00442135;1;2;59;6;2;1;9;29;;2 442,51;;0;AZ;93
00443154;1;1;29;3;1;2;1;35;1;2 526,26;;2;OQ;75
00443503;1;2;57;5;1;2;1;36;;999 999,00;627,85;3;GZ;84
00444658;1;1;59;5;1;1;1;40;;3 355,87;1 132,38;9;MN;32
00446900;1;1;43;7;1;2;2;15;;999 999,00;2 319,89;9;OQ;11
00447492;1;2;44;9;2;1;1;26;;1 442,62;;26;GZ;32
00448078;1;1;32;7;1;1;1;40;;2 072,71;999 999,00;7;OQ;75
00450713;1;1;47;5;1;1;1;42;;7 092,47;;3;BE;32
00450787;1;2;17;4;2;1;1;25;;1 514,11;1 948,18;1;BE;76
00452845;1;2;24;2;1;1;1;32;;2 418,23;;8;BE;11
00454586;1;1;57;4;1;3;1;50;;4 002,05;;0;BE;44
00458448;1;1;56;4;3;8;1;60;;0,00;;-1;FZ;11
00458448;2;1;56;4;3;8;9;47;;0,00;;-1;BE;52
00458638;1;2;63;6;1;2;1;34;;3 315,30;;17;GZ;52
00459776;1;1;51;4;1;2;1;40;;2 925,94;;7;BE;11
00462805;1;2;48;7;3;8;1;60;;0,00;;-1;OQ;11
00464211;1;1;33;3;1;1;1;42;;1 980,66;;2;MN;52
00464820;1;2;20;1;3;8;9;30;;0,00;999 999,00;-1;MN;28
00467548;1;2;48;5;1;1;1;99;;5 049,15;1 291,98;2;HZ;84
00471212;1;2;31;5;1;2;2;22;;976,21;788,50;4;OQ;75
00471212;2;2;31;5;1;1;1;34;;1 143,45;2 617,04;0;GZ;24
00471695;1;2;46;3;1;1;9;44;;3 087,32;;1;AZ;76
00476244;1;2;21;2;1;2;1;34;;1 228,91;1 497,81;0;OQ;93
00476244;2;2;21;2;1;1;2;27;;873,15;741,24;5;BE;84
00477599;1;2;27;5;1;1;1;34;;1 472,11;2 612,98;2;GZ;52
00477670;1;2;36;5;2;1;2;8;;999 999,00;1 036,75;13;JZ;84
00478954;1;1;22;5;1;1;1;39;;2 403,10;;6;GZ;27
00481169;1;1;39;1;1;1;1;40;;2 368,93;;1;AZ;52
00481219;1;2;42;4;3;8;2;18;1;0,00;;-1;RU;76
00483616;1;2;32;4;1;1;1;36;;999 999,00;;7;MN;32
00484289;1;1;54;7;3;8;1;52;;0,00;;-1;OQ;11
00484901;1;2;62;6;1;2;1;33;;3 292,99;;13;OQ;32
00485611;1;2;49;1;2;1;1;39;;3 684,64;219,36;15;AZ;76
00485902;1;2;30;6;1;1;2;29;;926,22;;2;OQ;76
00489144;1;1;28;7;1;1;2;9;;1 962,80;;12;MN;93
00489144;2;1;28;7;1;1;2;14;;1 895,20;;5;OQ;32
00489626;1;1;44;5;1;2;1;39;;4 133,84;1 363,47;1;JZ;11
00489890;1;1;46;4;2;3;1;41;;2 447,58;;13;FZ;11
00490674;1;1;35;4;1;1;1;36;;2 921,02;458,27;19;MN;44
00492842;1;1;24;6;1;1;1;46;;3 318,63;;8;OQ;44
00494268;1;2;55;1;1;1;2;17;;760,28;999 999,00;3;AZ;44
00494611;1;1;42;4;2;2;1;34;;999 999,00;;13;RU;11
00495934;1;1;30;3;2;3;1;36;2;2 005,57;169,62;3;RU;75
00496009;1;2;36;7;1;1;1;40;;3 500,89;;3;JZ;11
00500672;1;1;36;1;2;1;1;31;;2 241,35;874,69;6;BE;76
00501464;1;2;44;3;2;1;1;37;;3 330,49;1 236,14;8;GZ;76
00501853;1;1;32;3;1;1;1;37;;3 280,74;;7;OQ;84
00502099;1;1;62;3;1;1;1;38;;2 855,07;;14;OQ;52
00503150;1;2;65;3;1;1;2;17;;625,96;;5;BE;24
00503437;1;1;22;3;2;1;1;39;;1 945,18;;4;OQ;44
00504193;1;2;37;3;1;1;1;33;;1 940,29;;6;RU;32
00505349;1;1;60;1;1;1;1;44;;2 651,03;4 388,40;8;OQ;84
00507857;1;1;61;3;3;8;1;51;1;0,00;;-1;OQ;75
00508821;1;2;26;7;1;1;1;36;;1 415,83;1 974,33;2;MN;53
00508943;1;1;31;2;1;1;1;37;;999 999,00;815,41;0;HZ;75
00509471;1;2;40;3;3;8;1;59;;0,00;;-1;OQ;75
00509613;1;1;39;7;1;2;1;50;;2 349,23;1 618,59;6;RU;32
00510254;1;2;36;7;1;2;1;41;;999 999,00;;2;OQ;93
00510259;1;1;58;7;1;9;1;37;;6 116,62;;2;FZ;11
00511545;1;1;36;3;2;1;9;34;;3 084,69;;1;OQ;11
00511685;1;2;28;1;1;1;1;39;1;1 335,46;753,16;5;GZ;11
00512910;1;1;55;5;2;1;1;31;;2 631,88;1 126,59;4;FZ;28
00515082;1;1;65;5;1;1;1;46;;3 204,55;999 999,00;7;OQ;84
00516112;1;1;41;9;1;1;1;60;;3 468,42;1 129,54;18;GZ;28
00516364;1;2;48;4;2;1;1;27;;2 452,91;797,45;9;BE;75
00517294;1;2;25;5;1;1;1;36;;1 196,11;;5;GZ;84
00517600;1;1;40;4;1;1;1;40;;1 719,94;;5;GZ;11
00517639;1;2;34;3;2;1;2;24;;976,72;;18;OQ;24
00518476;1;1;25;3;1;1;1;37;;3 296,00;;9;MN;84
00518476;2;1;25;3;1;1;2;15;;1 445,31;755,53;4;MN;75
00520120;1;2;50;4;1;1;1;39;;3 197,58;;4;BE;27
00521294;1;1;39;9;1;1;1;32;;2 941,61;550,74;3;BE;76
00521348;1;1;21;7;1;1;1;38;;10 000,00;1 999,19;4;OQ;76
00521750;1;1;41;1;1;1;1;39;;999 999,00;;9;OQ;44
00521849;1;2;40;3;1;1;1;39;;2 988,76;181,82;2;MN;11
00522026;1;1;39;4;1;1;1;31;;2 136,69;311,34;0;OQ;28
00522584;1;2;50;1;1;1;9;36;;3 969,91;;5;RU;44
00523051;1;2;60;7;1;1;2;25;;2 006,75;522,80;3;GZ;28
00523081;1;2;49;3;2;1;2;99;;913,56;749,97;1;BE;44
00523326;1;2;51;6;3;8;1;55;;0,00;;-1;MN;76
00525274;1;2;61;4;1;1;1;36;;3 349,03;776,26;12;GZ;32
00525805;1;2;36;6;1;9;2;13;;1 539,10;;2;HZ;76
00526304;1;1;24;4;1;1;1;39;;2 362,18;8 568,52;6;GZ;24
00526706;1;2;61;3;1;1;2;18;;2 296,55;;6;GZ;44
00528135;1;2;45;7;2;9;2;99;;1 435,66;;11;OQ;11
00528135;2;2;45;7;2;1;2;8;;2 174,50;;22;BE;75
00528813;1;1;27;5;1;1;2;13;;1 209,43;;9;GZ;84
00529406;1;1;42;3;1;1;1;42;;4 610,62;;10;BE;76
00529406;2;1;42;3;1;1;2;21;;1 561,61;;13;MN;44
00529761;1;2;24;6;1;1;1;34;;1 563,41;;7;MN;75
00532762;1;2;47;4;1;1;2;8;;1 402,50;513,28;9;BE;53
00536022;1;1;48;5;1;1;2;13;;1 546,94;446,35;13;FZ;28
00536359;1;2;36;4;1;1;9;36;;1 335,00;;7;OQ;52
00537861;1;1;64;4;1;1;1;39;;2 118,09;1 481,12;4;OQ;28
00539427;1;1;61;6;1;1;9;46;;2 796,45;;12;OQ;32
00539654;1;2;55;3;1;1;2;26;;1 422,18;;8;JZ;11
00539906;1;1;35;9;1;1;1;28;;3 694,24;1 255,45;5;GZ;52
00542155;1;1;62;6;1;1;1;30;;2 602,93;653,76;10;OQ;11
00546199;1;2;38;5;1;1;9;46;;4 671,39;999 999,00;16;HZ;24
00547236;1;1;72;4;2;1;1;30;1;1 528,86;999 999,00;10;MN;84
00547311;1;1;41;5;2;1;1;42;;2 902,25;;0;AZ;24
00549837;1;2;27;7;1;1;1;46;;3 503,95;;5;OQ;84
00550921;1;2;35;5;2;3;1;36;;2 365,75;;2;BE;76
00551743;1;2;44;6;1;1;1;45;;4 192,15;;9;MN;11
00552438;1;1;43;7;3;8;1;42;;0,00;;-1;GZ;93
00553071;1;2;25;4;1;1;1;39;;1 857,03;510,11;5;BE;53
00555248;1;1;46;4;1;1;1;35;;4 039,64;409,83;11;BE;11
00557490;1;1;20;6;2;2;1;99;;999 999,00;712,97;0;RU;76
00557532;1;1;26;2;2;1;2;29;;906,02;;1;GZ;75
00557895;1;1;62;7;1;9;2;30;;1 611,90;;11;MN;75
00559475;1;1;37;5;3;8;1;54;;0,00;;-1;OQ;76
00561308;1;1;52;7;1;1;2;25;;4 489,04;;10;BE;93
00561877;1;1;34;3;1;1;1;37;;2 923,60;;1;GZ;32
00565832;1;2;22;5;1;1;1;28;;4 648,95;1 455,55;6;GZ;84
00565961;1;2;56;6;1;1;1;99;;2 971,69;;3;OQ;11
00567545;1;1;39;4;1;1;1;53;;1 545,43;709,94;3;MN;93
00568972;1;1;35;5;2;1;2;27;;2 016,23;311,33;3;BE;32
00570623;1;1;49;4;2;1;1;34;;2 415,18;1 762,33;5;GZ;44
00570866;1;1;27;6;1;1;1;44;;4 497,50;;6;HZ;11
00571161;1;1;41;4;1;1;1;24;;1 895,31;194,98;3;MN;11
00571161;2;1;41;4;1;2;2;27;;1 241,74;;3;MN;84
00572417;1;1;58;1;2;1;1;38;;2 688,52;371,27;0;GZ;93
00574349;1;1;24;4;1;1;1;33;;2 320,49;1 047,40;4;HZ;27
00575057;1;1;38;7;1;1;1;24;;3 972,19;;12;GZ;84
00576026;1;2;25;3;1;2;1;40;;2 330,71;289,94;5;GZ;27
00576136;1;1;35;3;1;1;2;29;;1 650,01;630,65;2;HZ;76
00576256;1;2;32;5;1;1;1;39;;3 529,40;;10;OQ;84
00576522;1;1;55;1;1;1;1;39;;2 548,12;999 999,00;4;OQ;32
00576522;2;1;55;1;1;1;2;20;;1 178,89;;11;OQ;11
00577182;1;2;50;5;1;1;2;10;;1 054,50;;0;GZ;84
00577688;1;1;63;3;1;1;2;25;;1 166,19;;9;GZ;76
00579924;1;2;44;1;1;1;2;29;;1 412,84;969,78;0;OQ;93
00581177;1;2;61;4;1;1;1;54;;2 134,19;;5;GZ;44
00581816;1;2;58;7;1;1;2;16;;999 999,00;;19;OQ;44
00582302;1;2;25;5;3;8;1;57;;0,00;;-1;GZ;76
00582941;1;2;28;1;1;1;1;40;1;1 094,28;4 952,11;4;BE;11
00583387;1;1;20;6;1;1;1;60;;3 171,70;;4;MN;27
00586015;1;2;62;1;1;1;1;42;;2 243,19;;3;BE;44
00586262;1;2;29;5;2;1;1;51;;1 896,24;;6;OQ;53
00589927;1;2;62;3;3;8;9;57;;0,00;;-1;GZ;84
00590946;1;1;59;9;1;1;1;60;;1 420,68;;7;OQ;32
00592407;1;2;63;1;1;1;2;12;;957,89;713,62;6;GZ;53
00595192;1;2;64;5;2;1;1;48;;5 911,02;999 999,00;4;BE;84
00596104;1;1;32;7;1;1;1;31;;999 999,00;;2;OQ;11
00597797;1;2;23;3;1;1;2;20;;430,23;931,05;3;OQ;11
00601326;1;2;63;6;1;1;9;38;;2 551,79;999 999,00;12;GZ;76
00601641;1;1;29;9;3;8;1;60;;0,00;;-1;GZ;84
00601965;1;1;32;4;2;1;1;41;;1 315,50;;2;GZ;76
00601965;2;1;32;4;2;1;1;40;;2 005,31;;1;JZ;32
00602413;1;1;30;7;2;1;1;36;;3 812,51;;7;MN;84
00606870;1;2;47;9;1;1;1;29;;2 242,32;;1;BE;11
00609272;1;2;31;7;1;1;2;18;;1 379,13;;7;OQ;75
00612004;1;1;64;7;1;1;9;35;;10 000,00;;7;GZ;75
00612347;1;2;34;5;3;8;1;53;;0,00;;-1;GZ;53
00612871;1;2;55;3;1;1;1;33;1;1 787,32;1 146,77;1;JZ;27
00613602;1;2;16;6;3;8;2;43;;0,00;;-1;MN;93
00613833;1;1;58;3;1;1;1;39;;999 999,00;;2;MN;93
00615175;1;1;40;6;1;2;1;44;;999 999,00;;6;MN;44
00616268;1;2;52;4;2;1;1;36;;3 608,69;;1;OQ;84
00616268;2;2;52;4;2;1;2;17;;3 734,14;;5;OQ;84
00617322;1;1;34;5;1;2;1;47;;1 882,13;2 042,19;0;GZ;84
00617769;1;1;35;7;2;1;1;33;;2 804,17;;13;GZ;11
00619276;1;1;27;5;1;1;2;28;;972,67;;0;GZ;84
00619671;1;1;47;5;2;2;1;42;;2 489,73;;12;OQ;53
00620042;1;1;61;5;2;1;1;47;;4 938,48;;1;OQ;75
00620123;1;1;58;3;3;8;1;49;;0,00;;-1;BE;53
00620123;2;1;58;3;3;8;2;32;;0,00;;-1;OQ;53
00621078;1;2;36;3;1;2;1;44;;2 129,65;;15;OQ;27
00621415;1;1;40;6;1;1;1;43;;2 924,49;1 646,58;4;GZ;76
00621547;1;1;27;3;1;2;1;43;;2 085,03;238,68;2;OQ;52
00625729;1;1;56;1;3;8;1;60;;0,00;;-1;JZ;52
00626632;1;1;39;5;1;1;1;37;;2 389,02;1 997,95;4;BE;52
00626632;2;1;39;5;1;1;2;20;;2 384,83;;7;MN;84
00626922;1;2;47;3;2;1;1;33;;1 771,67;1 761,49;1;GZ;53
00631086;1;2;21;4;1;1;1;41;;1 655,27;;3;OQ;93
00631210;1;1;29;4;1;1;1;42;;2 299,76;;8;FZ;27
00631402;1;1;45;4;1;1;2;21;;1 185,27;;1;FZ;84
00631980;1;2;45;6;2;2;1;43;;4 535,93;420,96;0;MN;32
00632978;1;1;46;7;1;1;1;37;;3 286,90;;20;GZ;52
00633245;1;2;21;7;2;1;1;40;;3 460,90;436,03;4;GZ;53
00633574;1;1;27;6;1;1;2;17;;1 211,83;999 999,00;2;GZ;32
00633823;1;2;29;7;1;1;1;39;;2 425,08;957,91;5;JZ;75
00634427;1;2;45;3;1;1;1;30;;3 919,57;;19;JZ;27
00634613;1;1;54;5;2;1;1;30;;2 937,18;1 147,59;7;RU;11
00636030;1;2;55;4;2;1;1;42;1;3 300,20;;3;MN;84
00637359;1;2;64;4;3;8;2;99;;0,00;;-1;RU;76
00637871;1;1;32;5;1;1;1;31;;999 999,00;;1;BE;11
00637871;2;1;32;5;1;1;1;34;;5 165,54;1 443,90;10;AZ;84
00637877;1;2;35;4;1;1;1;46;;2 838,19;999 999,00;3;GZ;84
00638289;1;1;59;4;2;1;1;51;;2 707,88;802,17;17;FZ;11
00640492;1;2;42;1;1;3;2;11;;999,09;;3;OQ;52
00643046;1;2;60;6;2;1;1;38;;2 466,86;924,93;0;HZ;24
00643046;2;2;60;6;2;1;2;9;;1 884,69;1 218,96;6;GZ;11
00643970;1;2;34;3;2;1;1;37;;999 999,00;;14;OQ;11
00646461;1;1;28;3;1;1;1;38;;1 495,52;1 250,29;12;FZ;53
00649948;1;1;51;7;1;2;1;43;;999 999,00;;5;AZ;11
00650441;1;1;56;4;1;1;1;45;;2 223,47;999 999,00;24;OQ;32
00650749;1;2;28;9;1;1;1;34;;2 530,94;;12;RU;44
00651365;1;2;57;1;1;1;2;18;;1 480,32;1 364,21;15;OQ;24
00652373;1;2;46;3;2;3;1;32;;2 532,82;;3;GZ;32
00653121;1;2;18;4;1;1;1;32;;2 615,39;;2;OQ;27
00654652;1;2;49;7;1;1;2;19;;2 617,18;;4;GZ;52
00654875;1;2;24;5;1;1;2;23;9;999 999,00;999 999,00;1;RU;84
00654875;2;2;24;5;1;1;1;52;;2 117,19;;7;HZ;32
00656609;1;1;40;7;1;1;1;47;;2 305,38;;1;OQ;53
00659681;1;1;27;7;1;1;1;34;;2 123,43;;2;FZ;32
00660293;1;2;32;6;1;1;2;12;;999 999,00;;7;HZ;75
00661575;1;1;54;3;1;1;1;36;;2 498,34;;14;RU;75
00662981;1;2;54;3;2;1;2;25;;1 338,64;;0;GZ;32
00664101;1;2;35;7;1;1;1;33;;2 597,21;;0;FZ;32
00664521;1;2;60;3;1;1;1;40;;2 822,77;1 416,36;8;OQ;27
00664521;2;2;60;3;1;1;2;15;;2 204,18;;27;OQ;84
00665280;1;1;61;7;1;1;1;38;;2 676,87;1 908,62;3;GZ;11
00665727;1;1;40;7;1;1;1;35;;5 351,42;;3;OQ;11
00669090;1;2;47;4;1;1;1;45;;3 892,41;;2;BE;32
00669362;1;1;54;7;1;1;1;39;;7 899,13;;10;GZ;75
00671340;1;2;64;5;2;1;1;31;;2 485,13;999 999,00;4;GZ;93
00673859;1;2;22;4;1;1;2;9;;1 222,77;;1;OQ;11
00676768;1;2;30;5;1;1;1;41;;2 022,53;;9;AZ;11
00681927;1;2;61;6;2;1;1;41;;1 983,76;488,27;0;RU;44
00685084;1;1;62;7;1;1;1;27;;5 233,94;;6;OQ;28
00685996;1;1;20;7;1;1;1;39;;2 250,59;;1;OQ;44
00686246;1;2;51;4;3;8;2;29;;0,00;;-1;OQ;27
00686246;2;2;51;4;3;8;2;37;;0,00;;-1;GZ;28
00686900;1;1;50;5;1;1;1;32;;3 757,39;;4;BE;93
00687418;1;1;56;4;1;1;9;60;;1 725,00;;6;FZ;11
00687418;2;1;56;4;1;2;2;9;;1 549,53;;4;HZ;76
00691100;1;2;44;5;1;1;1;45;;3 352,62;;18;BE;44
00691856;1;1;20;9;1;1;1;45;;1 322,83;;1;OQ;76
00692593;1;1;41;9;1;1;1;35;;999 999,00;;8;OQ;11
00693988;1;2;35;5;1;1;1;49;;2 359,99;;2;BE;11
00695953;1;2;48;7;1;1;1;31;;3 861,45;286,06;6;OQ;52
00696681;1;2;43;1;1;1;1;99;;1 108,28;646,43;10;OQ;53
00697510;1;2;38;4;1;1;1;39;;3 970,51;1 171,04;11;GZ;27
00697902;1;1;27;1;1;1;1;33;;1 702,75;1 131,48;1;BE;44
00698473;1;2;53;7;2;2;9;39;;1 909,45;;0;OQ;32
00699139;1;1;29;4;3;8;1;56;;0,00;;-1;BE;76
00701202;1;2;26;1;2;1;1;41;;1 221,87;;4;RU;53
00701391;1;2;39;5;3;8;1;59;;0,00;;-1;JZ;93
00702782;1;1;49;5;1;3;1;52;;1 947,19;388,73;1;OQ;44
00702782;2;1;49;5;1;2;2;25;;2 354,47;1 644,22;5;BE;11
00704089;1;1;35;4;1;1;1;60;;2 483,54;1 898,04;1;OQ;11
00706828;1;2;46;6;3;8;1;60;;0,00;;-1;MN;84
00706896;1;2;32;3;1;1;1;35;;2 273,78;1 431,16;1;JZ;11
00707418;1;2;45;3;2;1;1;37;1;3 160,64;;1;AZ;93
00707646;1;2;43;3;2;2;1;38;1;1 287,29;468,58;0;GZ;11
00709818;1;1;56;4;1;2;1;28;;3 842,94;;3;RU;11
00710354;1;2;49;4;1;2;1;39;;2 348,27;;7;FZ;32
00713139;1;2;30;4;2;1;1;44;;1 912,06;2 735,15;4;AZ;11
00713210;1;2;37;6;1;1;1;37;;2 290,15;;3;OQ;75
00713792;1;2;37;3;1;2;1;36;;1 853,62;;3;OQ;84
00716619;1;2;67;6;2;2;1;29;;4 959,11;359,83;4;OQ;24
00719190;1;2;44;3;2;1;1;43;;2 397,13;;11;OQ;53
00720416;1;2;62;3;3;8;1;56;;0,00;;-1;OQ;11
00720703;1;1;25;1;1;3;1;36;1;1 353,98;1 442,41;9;MN;93
00723671;1;2;62;3;1;1;1;33;;2 079,02;636,09;1;GZ;11
00723846;1;2;45;4;2;1;1;60;;2 418,44;999 999,00;2;RU;76
00724598;1;2;43;3;1;1;1;46;;3 221,98;;1;GZ;32
00724678;1;2;57;7;1;1;2;8;;1 816,28;2 247,41;15;BE;32
00727724;1;2;47;6;1;2;1;28;;1 976,02;2 310,20;4;JZ;32
00728303;1;1;54;4;1;1;1;34;;2 228,05;;1;GZ;53
00728779;1;2;60;3;2;1;1;29;;4 244,17;2 269,87;0;OQ;11
00730187;1;2;45;7;2;1;1;51;;4 040,70;1 832,33;4;JZ;28
00730666;1;1;57;9;1;1;1;46;;1 791,13;;1;GZ;44
00731516;1;2;55;6;1;2;1;26;;2 800,86;;0;OQ;93
00732507;1;1;35;1;1;1;2;23;;899,42;1 456,12;1;GZ;11
00733079;1;2;42;4;2;9;9;19;;1 406,08;;2;GZ;11
00734041;1;1;33;5;3;8;1;47;;0,00;;-1;HZ;76
00734458;1;2;32;3;1;1;1;41;1;1 833,60;;6;BE;76
00734530;1;2;54;5;2;1;2;30;99;1 886,32;;16;GZ;84
00734530;2;2;54;5;2;1;2;10;;2 540,56;2 033,08;6;RU;11
00735315;1;1;62;5;1;1;9;39;4;5 624,15;;23;MN;44
00739654;1;2;21;2;1;1;1;36;;1 265,91;363,09;5;OQ;76
00741159;1;2;23;4;1;1;1;60;;1 383,87;;5;OQ;84
00743419;1;1;47;9;2;1;9;37;;999 999,00;;1;FZ;84
00744087;1;1;59;3;1;1;1;34;;2 882,10;790,29;3;MN;44
00745413;1;2;35;7;1;1;1;38;;3 952,86;2 538,09;7;OQ;24
00745517;1;2;44;2;2;2;2;8;;954,89;631,41;1;OQ;44
00747667;1;1;46;5;1;1;1;45;;3 395,97;577,53;12;MN;75
00747962;1;1;64;5;1;1;2;9;;4 201,84;;6;HZ;53
00748404;1;1;45;3;1;2;1;37;;1 775,75;728,96;2;AZ;84
00748404;2;1;45;3;1;3;1;42;;2 320,99;;10;FZ;93
00748680;1;2;31;4;1;1;2;28;;2 049,74;;3;HZ;32
00749632;1;1;59;7;1;1;1;33;;999 999,00;1 456,36;1;RU;84
00750350;1;1;32;9;3;8;2;41;;0,00;;-1;OQ;53
00751972;1;1;58;9;1;1;1;39;;2 964,65;2 170,31;1;OQ;11
00754419;1;1;25;5;1;1;1;53;1;3 496,54;;6;OQ;76
00754419;2;1;25;5;1;3;2;22;;957,52;;9;GZ;24
00756889;1;2;34;5;1;1;2;10;;1 040,07;;1;BE;93
00757425;1;2;26;7;1;1;1;50;;2 421,07;1 381,71;3;OQ;52
00759419;1;2;33;2;1;1;1;30;2;1 455,21;2 044,40;13;GZ;11
00760237;1;2;53;4;1;1;9;40;;2 800,75;;11;MN;52
00760376;1;1;26;6;1;1;1;38;;2 453,33;282,45;0;BE;52
00761299;1;2;60;5;2;1;1;50;;2 554,68;;6;OQ;84
00764802;1;2;28;7;1;1;1;43;;4 086,81;999 999,00;1;GZ;44
00767102;1;2;42;2;2;1;9;99;;999 999,00;;2;MN;27
00768046;1;1;63;5;1;1;1;40;;4 037,53;645,83;3;BE;93
00768873;1;1;32;4;1;1;1;44;;2 992,50;;16;OQ;76
00770342;1;1;48;6;1;3;1;40;;4 626,39;735,67;2;OQ;24
00772488;1;2;30;9;1;1;1;46;;2 978,91;;4;RU;11
00774651;1;1;53;7;1;1;9;99;;3 242,70;;4;GZ;52
00776071;1;2;22;9;1;1;1;48;;1 420,98;924,21;6;OQ;76
00776651;1;1;39;3;1;1;1;19;;2 460,47;1 668,31;1;RU;93
00776786;1;2;50;6;3;8;1;44;1;0,00;;-1;HZ;93
00778592;1;1;33;3;1;1;1;25;;1 073,19;;0;GZ;52
00779197;1;1;56;6;1;1;1;48;;5 404,26;;18;OQ;11
00779907;1;2;36;4;2;1;1;35;;1 578,37;;1;OQ;53
00779907;2;2;36;4;2;1;9;33;;2 967,30;244,57;5;JZ;75
00783277;1;2;60;3;1;1;1;33;;1 550,01;;2;BE;44
00784546;1;2;34;3;1;1;1;38;;1 972,46;1 128,60;6;RU;84
00785998;1;1;23;6;1;1;1;40;;10 000,00;;7;OQ;11
00786413;1;2;61;3;1;1;1;33;1;999 999,00;;9;OQ;11
00786882;1;1;20;3;1;1;9;54;;1 075,28;;4;OQ;11
00787371;1;2;27;5;1;1;1;29;3;2 725,77;;4;FZ;84
00787656;1;1;52;3;1;1;1;53;;4 122,71;999 999,00;12;OQ;76
00788198;1;2;59;6;1;1;1;41;;4 542,16;478,50;11;FZ;24
00788942;1;2;34;3;1;1;1;29;;2 693,71;293,85;8;RU;11
00789083;1;1;41;1;1;2;1;31;;1 858,77;;10;OQ;44
00789083;2;1;41;1;1;2;1;39;;999 999,00;;9;GZ;53
00789348;1;2;20;5;1;1;1;26;;7 581,11;;1;BE;44
00789348;2;2;20;5;1;1;2;24;;2 494,49;;4;GZ;75
00789652;1;1;27;7;3;8;2;32;;0,00;;-1;OQ;44
00790270;1;2;27;6;1;1;1;45;;1 459,41;2 216,18;3;MN;84
00791720;1;1;38;4;1;1;1;35;;999 999,00;5 030,24;2;AZ;24
00791895;1;2;35;7;1;1;1;40;;10 000,00;;1;GZ;24
00792269;1;1;61;2;1;1;1;39;;1 752,44;1 404,40;6;OQ;32
00792269;2;1;61;2;1;1;9;44;;1 777,58;;7;OQ;11
00792304;1;2;56;4;2;1;1;35;;2 831,98;3 740,38;6;BE;84
00793910;1;1;25;4;1;1;1;26;;2 719,71;;1;GZ;93
00795246;1;1;33;1;1;2;1;33;;1 441,19;;2;JZ;11
00796110;1;2;49;5;2;1;1;40;;2 013,19;;1;GZ;27
00796715;1;1;40;3;2;1;1;99;1;999 999,00;;1;FZ;27
00797220;1;2;61;4;1;1;1;44;;999 999,00;6 532,06;0;GZ;76
00797599;1;1;31;4;1;1;1;45;;1 028,51;;3;RU;11
00797600;1;1;64;1;1;1;1;35;;3 356,93;999 999,00;10;AZ;11
00803923;1;2;52;5;3;8;1;45;;0,00;;-1;OQ;53
00804516;1;2;27;4;3;8;1;60;;0,00;;-1;OQ;11
00804695;1;2;40;3;3;8;2;30;;0,00;;-1;JZ;27
00805002;1;1;25;3;1;1;2;14;1;2 364,18;248,13;0;OQ;11
00806095;1;2;46;4;1;1;2;27;;1 098,63;157,15;3;OQ;24
00806602;1;2;60;7;1;1;1;31;;3 809,34;;2;BE;11
00807566;1;2;19;1;1;1;2;17;;819,14;1 672,91;3;BE;84
00807825;1;2;25;1;1;1;1;47;;2 429,52;1 027,81;2;GZ;11
00808129;1;2;21;2;2;1;1;43;;1 023,32;;5;GZ;28
00808923;1;1;31;7;1;1;1;43;;3 634,55;993,27;2;GZ;11
00809096;1;2;61;6;1;1;1;35;;4 137,32;;10;HZ;76
00811192;1;2;41;2;1;1;1;28;;1 057,88;2 652,59;2;BE;44
00812290;1;2;63;1;3;8;1;60;;0,00;;-1;GZ;24
00814543;1;2;60;3;3;8;1;50;;0,00;;-1;MN;44
00815957;1;2;60;6;2;2;1;44;;3 598,10;1 548,05;14;HZ;11
00815994;1;2;63;7;1;1;9;45;;3 748,59;;4;GZ;76
00818613;1;1;25;7;1;2;1;38;;2 308,98;5 322,30;1;GZ;53
00819386;1;1;35;1;1;1;9;99;;1 704,84;903,93;3;RU;76
00820032;1;2;64;4;1;1;2;14;;1 321,00;;2;OQ;75
00821256;1;2;40;3;1;1;1;27;;2 334,43;;17;RU;11
00822669;1;2;22;3;1;1;1;40;;1 012,95;494,52;1;GZ;84
00823499;1;1;41;7;1;1;1;48;;2 193,19;;1;GZ;84
00823508;1;1;40;4;1;1;1;38;;1 180,67;;11;OQ;11
00824747;1;1;40;7;1;1;9;40;;3 203,29;;9;HZ;84
00827880;1;2;60;5;2;1;9;16;;1 601,71;;1;OQ;76
00830411;1;2;60;4;2;1;1;36;;4 639,71;4 389,92;8;OQ;75
00833788;1;2;51;4;3;8;1;37;;0,00;;-1;OQ;11
00837037;1;2;46;9;2;1;1;28;1;3 503,72;778,10;3;BE;75
00837356;1;1;35;2;2;1;1;60;;2 268,15;3 470,28;0;OQ;93
00839089;1;2;32;6;1;1;1;33;;5 354,98;;5;MN;84
00839620;1;1;28;5;1;1;1;44;;999 999,00;999 999,00;8;GZ;27
00840229;1;2;50;1;2;1;2;8;;1 319,95;;3;MN;76
00841576;1;2;61;5;1;1;1;42;;3 752,60;244,05;23;OQ;53
00842144;1;2;50;6;1;1;1;34;;3 869,63;;30;OQ;93
00843503;1;2;34;7;1;1;1;43;;2 377,66;;4;HZ;84
00846750;1;2;64;7;1;3;1;49;1;5 198,98;;12;BE;24
00848810;1;1;62;3;2;1;1;34;;2 801,25;297,17;12;RU;27
00850654;1;2;50;5;1;1;2;24;;1 458,08;;7;GZ;93
00850818;1;1;48;1;1;1;1;34;;1 123,89;;1;FZ;75
00850959;1;1;64;7;1;9;1;41;;3 578,44;1 410,06;1;FZ;75
00853813;1;2;30;3;2;1;2;8;;1 046,23;;14;FZ;84
00853854;1;2;36;5;1;1;1;34;;2 211,75;;0;GZ;52
00853929;1;2;37;4;2;2;1;41;;999 999,00;;0;RU;24
00854455;1;1;44;3;3;8;1;47;;0,00;;-1;BE;75
00855385;1;2;36;4;1;1;2;11;;1 120,09;531,39;1;GZ;53
00855385;2;2;36;4;1;1;2;23;;667,97;1 393,29;12;JZ;84
00855940;1;2;27;4;1;1;1;36;;2 881,22;;3;MN;84
00858164;1;2;58;5;1;1;1;43;;3 445,72;;13;HZ;11
00858997;1;1;32;1;1;1;1;45;;1 793,11;1 439,26;7;GZ;76
00861227;1;2;56;3;1;1;1;42;;3 024,52;307,83;2;GZ;84
00862656;1;1;22;4;1;1;2;24;;1 097,21;;6;OQ;52
00865113;1;1;25;5;1;1;1;45;;3 148,94;;9;OQ;28
00865163;1;2;64;3;1;1;1;36;;2 272,24;4 720,64;2;GZ;11
00866196;1;1;34;9;2;9;1;42;;2 387,27;;5;OQ;52
00866196;2;1;34;9;2;1;2;16;;1 433,95;1 275,26;5;JZ;11
00866807;1;2;40;5;1;1;1;55;;944,76;1 430,74;4;GZ;52
00868679;1;1;73;7;2;1;1;46;;999 999,00;;8;AZ;44
00868905;1;1;34;5;2;1;1;45;;3 199,23;3 770,28;8;MN;44
00868977;1;2;32;3;1;9;1;31;;1 834,37;449,54;13;OQ;84
00869203;1;1;63;4;2;1;1;26;;3 057,66;852,64;2;GZ;11
00870056;1;2;27;7;3;8;1;53;;0,00;;-1;RU;28
00870286;1;2;44;1;1;1;1;37;;2 667,21;;1;OQ;11
00870289;1;2;46;1;3;8;2;52;;0,00;;-1;OQ;11
00870616;1;2;50;6;2;1;1;45;;1 836,69;;4;GZ;52
00870616;2;2;50;6;2;1;2;15;;999 999,00;;7;BE;75
00872483;1;1;59;3;1;9;9;49;;2 063,34;;15;OQ;53
00872794;1;1;58;4;2;1;1;40;;2 863,84;;16;JZ;84
00873858;1;2;24;3;1;1;1;99;;1 587,53;3 231,02;8;AZ;32
00873935;1;2;37;3;3;8;1;60;;0,00;;-1;GZ;32
00873935;2;2;37;3;3;8;2;99;1;0,00;;-1;MN;32
00879037;1;2;57;3;1;1;1;36;;4 239,19;;7;OQ;44
00881213;1;1;53;9;1;1;9;33;;2 860,34;645,19;16;OQ;11
00881998;1;1;37;3;1;2;1;33;1;2 386,86;;3;BE;11
00883860;1;2;31;4;2;1;1;47;;2 346,04;;11;GZ;93
00883997;1;1;45;3;3;8;1;60;;0,00;;-1;MN;27
00884368;1;2;52;5;1;1;1;40;;999 999,00;302,29;8;OQ;28
00884898;1;1;40;6;2;1;1;40;;10 000,00;;5;HZ;52
00886247;1;1;55;7;1;1;1;44;;8 183,90;2 077,59;2;OQ;75
00892091;1;1;49;7;1;2;1;41;;5 127,90;;22;MN;32
00893371;1;1;48;5;1;1;1;51;9;3 294,97;2 873,07;10;GZ;11
00894081;1;1;50;7;1;1;1;60;;5 901,00;663,07;5;OQ;52
00895081;1;2;21;4;1;1;2;20;;1 618,98;6 909,19;5;HZ;84
00895647;1;2;37;7;2;1;1;28;;2 531,31;3 410,38;17;BE;11
00896609;1;2;31;4;1;2;1;99;;999 999,00;1 338,58;5;OQ;84
00899698;1;2;57;5;2;1;1;37;;5 083,47;884,68;0;HZ;76
00901404;1;1;52;4;1;1;1;44;;1 647,29;;4;OQ;84
00902769;1;2;33;5;1;1;2;21;;1 022,86;;2;GZ;53
00904709;1;1;43;7;1;2;2;18;;999 999,00;;2;RU;11
00905184;1;1;52;3;1;1;1;48;;999 999,00;375,37;12;OQ;44
00905432;1;1;37;9;1;1;1;45;;2 016,49;;6;MN;75
00905548;1;2;41;4;1;1;1;33;;3 678,35;;3;OQ;93
00905751;1;2;26;1;1;1;2;9;;1 372,42;;10;FZ;11
00907153;1;2;55;4;1;1;1;60;;2 037,42;950,82;4;GZ;11
00909265;1;1;58;4;1;2;1;36;;1 602,15;;24;OQ;75
00909494;1;2;30;7;1;1;1;35;;10 000,00;292,94;1;GZ;84
00911215;1;2;57;5;1;1;2;22;;2 227,31;324,92;7;GZ;75
00911828;1;1;27;5;2;1;1;60;;7 706,95;;3;OQ;75
00912745;1;2;31;3;1;1;2;28;;1 540,33;264,62;1;AZ;11
00913477;1;1;51;2;1;1;1;45;2;2 517,42;;3;MN;75
00914393;1;2;39;7;2;1;1;31;;1 659,01;1 823,25;5;GZ;93
00917312;1;1;18;1;2;1;9;45;;1 717,62;740,24;1;FZ;93
00917444;1;2;50;3;2;1;2;11;;1 057,06;3 674,33;1;JZ;84
00918145;1;1;43;3;2;1;1;31;;1 507,27;1 531,99;3;HZ;93
00918882;1;2;31;9;1;1;1;34;;1 219,44;;3;BE;44
00918882;2;2;31;9;1;3;1;38;;2 186,02;2 101,49;8;BE;84
00920528;1;1;62;3;1;1;2;15;;1 915,02;;0;JZ;76
00920662;1;1;69;1;2;2;1;34;;999 999,00;;8;GZ;76
00920721;1;2;44;6;1;1;2;24;2;2 590,65;;12;OQ;27
00920721;2;2;44;6;1;1;2;17;;2 533,23;;3;OQ;28
00924436;1;1;53;5;1;1;1;44;;999 999,00;;23;OQ;28
00927216;1;2;47;5;2;1;1;45;;2 335,96;6 058,68;2;GZ;28
00927807;1;2;25;5;1;3;1;38;;3 486,58;;3;RU;75
00929201;1;2;24;5;2;1;1;30;;1 363,27;;1;MN;93
00931057;1;2;35;6;1;2;1;45;;999 999,00;999 999,00;7;BE;11
00931598;1;1;39;3;2;2;1;99;;2 865,90;196,49;6;OQ;75
00935529;1;2;59;7;1;2;1;38;;3 061,08;999 999,00;5;HZ;52
00935876;1;1;53;3;1;1;2;21;5;999 999,00;265,25;4;MN;84
00935876;2;1;53;3;1;1;2;10;;2 099,18;980,41;19;BE;93
00941876;1;1;51;3;3;8;1;54;;0,00;;-1;BE;53
00942870;1;1;50;9;1;1;1;37;;3 202,01;;1;OQ;84
00942909;1;2;47;2;1;2;1;36;;2 641,25;1 655,09;0;MN;11
00943550;1;2;56;6;1;1;1;41;;3 720,98;251,44;1;OQ;11
00946321;1;2;32;4;1;1;1;32;;3 823,77;;3;BE;53
00946611;1;2;52;7;1;1;2;26;;1 865,27;;13;OQ;93
00946716;1;2;26;7;2;3;2;28;;2 025,28;999 999,00;4;HZ;84
00946840;1;1;58;4;1;2;1;20;;999 999,00;977,38;5;OQ;75
00949462;1;1;52;7;1;2;1;43;1;5 208,43;2 933,04;4;HZ;84
00950608;1;1;48;3;1;2;1;31;1;3 185,01;762,84;0;GZ;84
00953003;1;2;37;3;1;1;1;60;;1 783,39;;12;GZ;28
00953331;1;1;37;4;1;1;1;43;;3 134,32;;0;OQ;52
00953455;1;2;43;7;1;1;1;35;;3 391,73;;1;OQ;52
00953975;1;1;30;5;2;1;1;39;;1 699,09;;1;GZ;84
00954665;1;1;35;1;1;1;1;49;;2 102,31;;3;MN;76
00955932;1;1;63;7;1;1;1;37;;2 551,15;;5;JZ;11
00956406;1;2;63;1;1;1;1;99;;1 704,53;209,21;5;BE;32
00957375;1;2;20;3;1;1;1;41;;1 337,67;691,06;4;GZ;24
00959544;1;2;57;4;1;9;1;60;;3 932,84;;7;GZ;75
00959983;1;1;47;1;2;1;1;44;;2 242,55;6 419,96;11;HZ;84
00960812;1;2;30;5;1;1;2;30;;852,95;332,11;4;GZ;52
00961215;1;1;65;9;1;1;1;30;;2 332,74;918,89;5;MN;44
00963322;1;1;42;1;2;1;1;33;;1 875,68;999 999,00;3;OQ;32
00966057;1;1;35;4;1;1;1;25;3;1 650,06;3 865,18;1;BE;32
00966131;1;1;51;4;1;1;9;38;1;3 126,72;1 105,03;4;OQ;11
00966610;1;2;31;1;1;1;2;29;;1 064,99;;8;GZ;27
00969029;1;2;37;7;2;3;1;99;;999 999,00;999 999,00;7;OQ;44
00970010;1;2;42;3;1;1;2;8;;921,39;;3;OQ;28
00970098;1;1;53;4;1;1;1;99;;5 133,62;3 011,19;1;FZ;11
00971904;1;1;34;6;1;2;1;44;;999 999,00;1 361,27;18;GZ;84
00972150;1;2;60;3;1;1;1;37;;2 968,77;162,53;5;OQ;27
00972251;1;1;32;5;2;2;1;43;;1 746,38;;5;GZ;84
00973378;1;2;45;4;2;1;1;38;;1 373,85;;3;MN;93
00974678;1;1;57;5;3;8;1;50;;0,00;;-1;OQ;28
00976583;1;1;28;1;3;8;1;60;2;0,00;;-1;GZ;11
00980348;1;2;49;3;2;1;1;37;;3 095,26;;5;GZ;32
00980748;1;1;49;7;1;2;1;39;;1 616,36;394,67;0;GZ;24
00980748;2;1;49;7;1;3;9;20;;1 301,92;2 844,75;0;FZ;11
00982578;1;1;58;3;1;1;1;48;;1 748,19;;0;BE;84
00982616;1;2;30;5;1;2;1;42;;2 727,61;;14;MN;11
00985368;1;2;35;1;1;1;1;42;1;1 425,17;850,64;3;OQ;93
00986067;1;2;20;5;1;1;1;46;;2 783,95;;4;MN;11
00986388;1;2;22;3;2;1;9;35;;996,03;354,29;0;FZ;93
00988788;1;2;25;9;1;1;1;35;;2 849,80;848,99;7;RU;11
00989232;1;2;24;3;1;1;2;14;;1 633,35;3 220,47;5;OQ;84
00989994;1;2;35;5;3;8;1;60;;0,00;;-1;AZ;84
00996726;1;1;54;3;2;2;2;26;;1 160,46;;1;RU;84
00996726;2;1;54;3;2;1;1;32;;2 892,23;;10;JZ;52
00996766;1;1;48;4;2;1;1;36;;3 118,93;1 643,02;8;MN;93
00997410;1;2;55;3;3;8;2;29;;0,00;;-1;MN;93
00999367;1;2;31;3;2;1;2;23;;1 896,04;1 332,95;15;GZ;93
00999910;1;2;28;4;1;1;2;16;;737,34;1 034,61;12;MN;11
01002687;1;1;67;4;1;1;1;99;;5 465,21;;20;GZ;28
01006179;1;2;43;5;1;1;2;14;;2 310,42;629,40;2;OQ;44
01007571;1;2;59;7;1;1;2;23;;1 876,14;;9;FZ;11
01009122;1;2;51;7;1;1;1;35;;3 900,84;;9;FZ;24
01009122;2;2;51;7;1;1;1;46;;999 999,00;605,43;2;OQ;32
01014838;1;2;46;7;1;1;1;29;4;3 306,14;367,72;14;BE;44
01014838;2;2;46;7;1;1;2;14;;1 988,93;;2;OQ;11
01015682;1;2;49;3;2;1;1;41;;3 641,98;;0;OQ;27
01016811;1;2;34;1;1;1;2;25;;999 999,00;;5;BE;84
01018398;1;2;59;1;2;2;9;11;1;1 901,34;;1;GZ;11
01018398;2;2;59;1;2;1;2;99;2;2 176,92;999 999,00;1;JZ;76
01019129;1;2;40;7;1;1;1;35;;5 122,60;;11;OQ;76
01019851;1;2;59;1;1;9;2;14;;1 687,93;;10;OQ;84
01020263;1;1;31;3;2;1;1;31;;2 845,94;1 154,14;7;JZ;84
01020314;1;1;61;5;1;1;1;40;;2 830,34;1 618,92;0;FZ;32
01027026;1;1;47;6;1;1;1;43;;1 865,54;;3;MN;27
01028122;1;1;45;6;2;1;9;42;;6 885,71;;4;OQ;76
01029182;1;1;39;2;1;1;1;40;;2 184,41;;2;JZ;84
01033517;1;1;40;7;1;1;1;33;;5 272,22;468,04;15;OQ;44
01034215;1;1;29;6;3;8;1;46;;0,00;;-1;OQ;24
01034240;1;2;41;7;1;1;1;41;;999 999,00;1 928,73;10;GZ;28
01034709;1;1;32;7;1;1;1;48;;1 420,76;999 999,00;2;GZ;11
01034709;2;1;32;7;1;1;2;10;;1 763,27;999 999,00;4;OQ;76
01035421;1;2;32;1;1;1;1;20;;2 756,47;1 428,54;9;OQ;32
01037778;1;1;56;6;1;1;2;99;;1 529,25;;0;JZ;44
01038744;1;1;48;3;1;1;1;50;;2 059,57;193,18;4;BE;44
01039048;1;2;36;3;1;1;1;34;;1 651,26;4 594,11;8;GZ;75
01040255;1;1;53;7;1;1;1;42;;3 198,38;776,83;2;OQ;75
01040540;1;2;55;1;1;1;2;29;;1 209,54;;1;BE;27
01041035;1;2;44;3;2;1;1;37;;2 283,38;479,92;19;GZ;11
01041303;1;1;41;6;1;2;1;45;;1 910,55;;0;MN;11
01043149;1;1;30;7;1;1;1;30;;4 593,97;999 999,00;2;OQ;28
01043268;1;1;41;5;2;2;1;34;;2 488,79;;1;OQ;11
01048125;1;1;61;5;1;1;1;42;;3 682,00;;4;GZ;44
01048758;1;2;60;4;3;8;1;60;;0,00;;-1;OQ;11
01048827;1;2;37;5;1;1;2;17;1;1 635,84;1 728,16;3;BE;52
01048845;1;2;32;7;1;2;1;46;;2 162,74;4 754,58;14;OQ;84
01050226;1;1;48;3;2;1;1;29;;2 489,37;;1;OQ;28
01050277;1;1;33;2;1;1;1;99;;3 130,74;454,26;0;GZ;44
01052076;1;1;60;3;1;1;9;35;;3 908,74;357,86;11;GZ;93
01055717;1;2;63;1;1;1;1;60;;1 416,04;1 317,15;5;FZ;32
01057016;1;1;64;7;1;1;1;41;;2 384,18;;2;HZ;32
01059250;1;1;26;4;2;1;1;46;;3 817,43;;7;OQ;11
01060296;1;2;60;5;1;1;2;27;;2 698,29;;1;MN;44
01060945;1;2;44;3;1;1;1;43;;2 633,89;887,46;7;BE;93
01061011;1;2;24;6;3;8;1;59;;0,00;;-1;MN;44
01062043;1;1;28;3;3;8;2;47;;0,00;;-1;MN;44
01062043;2;1;28;3;3;8;2;43;;0,00;;-1;MN;75
01063225;1;2;45;5;2;1;1;42;;10 000,00;;7;OQ;27
01064028;1;2;61;3;1;1;1;33;;2 708,52;1 158,79;2;OQ;53
01064092;1;1;62;4;1;2;1;32;;2 327,16;;12;MN;84
01067734;1;1;38;3;1;2;1;34;;2 809,27;;4;GZ;28
01068510;1;2;39;4;2;1;1;36;;1 529,42;;1;JZ;53
01072734;1;1;44;3;1;1;1;37;;2 042,08;;0;BE;11
01072734;2;1;44;3;1;1;1;35;;4 561,07;762,45;16;HZ;84
01072990;1;1;45;4;1;1;1;39;;1 868,66;852,50;0;OQ;11
01075648;1;2;27;9;2;1;2;30;;793,14;;11;GZ;32
01076355;1;2;54;1;1;1;2;29;;999 999,00;1 285,68;5;OQ;11
01077854;1;2;20;4;1;1;1;60;;2 101,33;1 177,83;2;OQ;11
01080564;1;2;52;1;1;1;1;43;;3 812,29;;4;BE;75
01080796;1;1;49;1;2;1;1;32;;2 133,43;999 999,00;15;MN;44
01084047;1;2;54;5;1;1;1;39;;999 999,00;;1;MN;76
01086587;1;2;25;6;1;1;1;36;;999 999,00;;9;OQ;93
01086816;1;2;37;4;1;1;2;25;;1 049,53;;7;GZ;24
01087241;1;2;44;5;1;1;1;33;;6 518,83;;15;OQ;84
01088154;1;1;71;3;2;2;1;36;;999 999,00;464,17;3;MN;75
01088409;1;1;35;5;1;1;1;47;;2 528,03;;3;OQ;93
01090037;1;1;22;6;2;1;1;39;;3 582,89;;6;OQ;84
01090451;1;2;16;7;3;8;2;35;;0,00;999 999,00;-1;OQ;28
01091728;1;1;60;1;2;1;1;99;;3 079,60;909,43;8;HZ;53
01094549;1;2;62;4;1;1;2;29;;999 999,00;;5;OQ;32
01096599;1;1;59;4;1;1;1;40;;1 952,20;;0;OQ;32
01096900;1;2;25;4;1;1;2;21;;555,15;;5;GZ;32
01099020;1;1;35;6;2;1;1;32;;2 508,52;;5;MN;28
01099565;1;2;37;6;1;1;1;45;;4 125,29;1 152,16;4;MN;75
01100647;1;2;24;2;1;1;1;47;;2 624,76;1 163,43;1;GZ;11
01100924;1;2;43;4;2;1;1;51;;4 986,29;327,80;8;FZ;11
01101263;1;1;50;3;1;1;1;39;;2 362,68;862,60;10;GZ;84
01101263;2;1;50;3;1;9;1;39;;2 083,69;554,19;6;OQ;75
01101917;1;2;29;5;3;8;2;28;;0,00;;-1;BE;44
01105360;1;1;58;6;1;1;1;38;;2 890,87;1 277,89;13;OQ;75
01105848;1;2;52;3;1;1;1;42;;2 474,18;;11;OQ;11
01106448;1;2;25;7;2;1;1;99;;2 224,63;318,81;9;OQ;84
01109638;1;2;35;6;1;1;1;43;;1 423,89;;4;OQ;27
01111131;1;2;21;5;2;1;1;33;;1 832,09;1 188,01;5;AZ;11
01113744;1;2;56;5;1;1;1;35;;3 207,22;;3;OQ;24
01114255;1;2;58;3;1;1;1;38;;2 758,86;;0;MN;44
01115350;1;2;45;7;1;2;2;13;;2 459,54;;1;RU;93
01118427;1;1;35;4;1;2;1;47;;1 845,45;;2;BE;75
01118572;1;2;63;1;1;2;1;36;;4 030,11;;21;FZ;93
01121139;1;2;20;7;2;1;2;20;;999 999,00;;1;BE;53
01121237;1;1;30;4;1;1;1;36;;2 415,57;;5;OQ;84
01121634;1;2;42;5;2;1;2;16;;1 533,70;350,79;7;FZ;84
01122437;1;2;47;1;2;1;1;43;;2 220,89;;0;MN;27
01122777;1;1;51;9;1;1;1;35;;1 824,31;1 033,69;4;BE;27
01123074;1;1;58;3;1;1;1;40;;3 396,09;3 237,95;18;OQ;28
01123882;1;2;55;6;1;1;1;48;;5 867,76;2 094,27;6;HZ;11
01124274;1;2;53;3;1;1;1;38;;3 098,35;;11;FZ;24
01125652;1;2;47;3;1;1;1;47;;999 999,00;;11;OQ;75
01129684;1;2;55;5;1;1;1;33;1;3 779,08;732,28;4;FZ;32
01129684;2;2;55;5;1;1;2;30;;1 322,01;;3;GZ;44
01130206;1;2;53;9;1;1;1;34;;4 006,57;848,22;5;MN;84
01131813;1;2;64;3;2;1;1;35;;1 593,41;675,00;2;MN;44
01134279;1;2;60;7;2;1;1;33;;5 285,36;;10;OQ;11
01134279;2;2;60;7;2;1;2;8;;1 630,80;249,73;3;FZ;11
01135248;1;2;49;3;1;1;9;35;;3 107,78;899,86;6;BE;28
01135265;1;1;22;1;2;1;2;12;;999 999,00;516,79;1;BE;28
01136779;1;2;35;7;1;3;1;35;;10 000,00;;0;JZ;44
01137051;1;2;53;2;1;1;1;43;;3 493,91;;2;MN;11
01139561;1;1;71;3;2;1;1;99;;1 547,07;;1;OQ;93
01139850;1;2;44;6;3;8;2;34;;0,00;;-1;OQ;11
01139943;1;2;45;6;2;1;1;42;;2 716,30;1 619,25;4;BE;27
01140818;1;1;61;4;1;1;1;40;;2 211,72;3 964,73;15;BE;84
01141969;1;1;27;7;1;2;1;42;;1 022,95;;11;GZ;84
01142262;1;1;46;4;1;2;9;35;;2 589,47;1 851,22;6;RU;84
01142902;1;1;27;4;1;1;1;37;;3 474,60;;7;OQ;76
01145271;1;2;63;7;3;8;1;45;;0,00;;-1;GZ;76
01145271;2;2;63;7;3;8;2;50;;0,00;;-1;GZ;75
01145583;1;1;51;3;2;1;1;51;;1 858,73;999 999,00;8;FZ;44
01147824;1;1;60;6;2;1;1;39;;3 102,57;;0;MN;93
01148111;1;1;21;1;1;1;1;28;;1 139,64;1 176,55;5;OQ;84
01148893;1;1;53;4;1;1;1;31;;3 352,82;5 068,84;0;OQ;93
01149989;1;2;45;4;3;8;2;41;;0,00;;-1;MN;11
01151180;1;2;21;9;1;1;1;34;;1 324,78;1 206,45;5;HZ;32
01151226;1;2;39;7;1;1;2;11;;1 153,75;;8;AZ;84
01151228;1;2;25;3;3;8;2;32;;0,00;;-1;AZ;11
01151271;1;2;38;5;2;1;2;23;;2 843,05;;13;GZ;32
01153557;1;1;33;4;2;1;1;43;;999 999,00;968,79;6;MN;27
01155639;1;2;43;1;1;1;1;38;;3 002,19;;7;AZ;75
01155639;2;2;43;1;1;1;2;99;;872,71;;4;MN;28
01155802;1;1;63;3;1;1;1;39;5;6 251,73;1 578,62;6;OQ;76
01155976;1;1;43;5;1;2;1;35;;4 810,69;;5;GZ;44
01159016;1;2;46;5;1;1;1;33;;2 806,88;;5;MN;11
01160014;1;1;51;4;2;1;2;13;;1 195,62;;5;GZ;28
01160826;1;1;34;7;2;1;1;41;;2 763,46;;2;MN;11
01161201;1;2;64;4;2;1;1;36;;2 373,33;802,61;3;MN;32
01161221;1;2;37;6;3;8;2;37;;0,00;999 999,00;-1;MN;93
01162789;1;1;58;3;2;1;1;99;;4 880,65;1 054,42;2;GZ;11
01163951;1;1;54;6;1;1;1;40;1;2 243,35;927,85;13;OQ;27
01164346;1;2;54;3;1;1;2;18;;2 940,24;;5;GZ;93
01164575;1;2;43;7;1;2;2;23;;1 523,61;;2;GZ;84
01164921;1;2;60;3;2;2;1;40;1;2 001,10;828,50;0;FZ;53
01168065;1;2;47;6;1;1;2;19;;1 206,18;526,25;11;GZ;53
01174555;1;2;51;4;1;1;1;42;;2 269,36;216,90;28;OQ;44
01176524;1;1;39;3;1;1;1;19;4;4 383,34;3 709,54;6;OQ;44
01177774;1;1;33;1;1;1;1;40;;2 712,75;;7;GZ;84
01179103;1;1;31;4;3;8;1;60;;0,00;999 999,00;-1;BE;52
01179374;1;1;42;6;3;8;1;42;;0,00;;-1;MN;27
01181623;1;2;38;6;1;1;2;26;;1 786,58;;3;RU;24
01181628;1;2;36;4;1;1;2;24;;2 585,70;;12;BE;53
01182528;1;1;27;3;3;8;1;55;;0,00;;-1;MN;11
01190161;1;2;35;3;1;1;1;36;;1 497,41;1 009,35;7;OQ;84
01190851;1;1;58;1;1;2;1;40;1;2 484,80;1 013,34;6;MN;76
01190895;1;2;28;9;1;1;1;37;;2 669,03;;1;JZ;11
01194322;1;2;39;4;1;1;1;35;;2 553,41;;6;MN;52
01197942;1;2;60;3;1;1;1;45;;2 033,40;1 259,48;9;OQ;75
01198188;1;2;25;2;1;1;1;25;;1 614,55;;4;GZ;76
01198517;1;1;30;4;1;1;1;31;;1 470,33;109,09;2;BE;11
01199095;1;1;26;5;1;2;2;12;;2 313,14;999 999,00;6;OQ;76
01199638;1;2;30;6;2;2;1;38;;999 999,00;597,57;1;MN;75
01201881;1;1;30;7;1;1;1;31;;2 935,41;419,42;2;FZ;11
01202868;1;2;32;4;1;1;2;18;;2 633,31;;13;OQ;32
01206894;1;2;48;7;2;2;1;27;;3 928,96;1 872,06;6;GZ;32
01209337;1;2;28;5;2;1;2;17;;1 342,66;993,23;6;BE;28
01209831;1;1;32;3;2;1;1;38;;1 630,38;1 373,23;3;FZ;44
01209998;1;2;34;6;1;1;1;30;;4 138,75;;5;OQ;93
01210246;1;1;58;4;3;8;1;48;;0,00;;-1;OQ;84
01212516;1;2;27;7;1;1;1;41;;2 689,69;2 886,95;11;GZ;44
01213043;1;1;51;3;3;8;1;60;;0,00;;-1;MN;32
01213797;1;1;55;5;1;1;9;25;;903,88;2 135,75;2;OQ;44
01214223;1;2;67;4;1;1;1;39;;1 303,56;1 688,77;1;GZ;44
01214751;1;1;61;3;1;1;1;36;;3 392,89;1 791,06;7;OQ;75
01215846;1;1;57;5;2;1;1;45;;3 130,53;;7;FZ;11
01215859;1;1;46;5;1;1;9;35;;2 602,88;;2;GZ;84
01216234;1;2;22;1;3;8;2;29;;0,00;;-1;BE;93
01217643;1;1;60;5;1;1;1;58;;3 433,24;;3;MN;44
01217921;1;2;48;7;2;1;1;43;;4 759,38;999 999,00;3;GZ;32
01218098;1;2;58;1;2;1;1;31;;1 853,71;;14;OQ;27
01220542;1;2;43;6;1;1;1;99;;9 151,71;;13;BE;24
01221424;1;2;47;7;1;1;2;29;;1 466,28;;7;OQ;11
01221838;1;2;33;3;1;2;1;37;;3 132,13;;5;OQ;53
01222575;1;2;59;1;1;1;1;32;;3 440,11;585,69;1;OQ;93
01224658;1;2;47;3;1;1;1;30;1;1 754,53;1 100,74;1;JZ;93
01226548;1;2;27;4;1;1;1;36;;1 790,17;1 069,40;2;OQ;28
01226548;2;2;27;4;1;2;2;18;;2 663,50;;4;HZ;76
01228276;1;2;46;7;1;1;1;37;;5 798,03;1 335,73;4;BE;84
01229362;1;2;39;3;1;3;9;16;;749,28;;4;OQ;32
01229516;1;1;56;4;1;1;1;33;;1 610,67;342,48;3;GZ;11
01231716;1;2;53;4;2;1;1;44;;1 559,53;1 739,63;1;BE;52
01234338;1;1;31;7;2;2;1;33;;3 875,57;351,05;10;BE;44
01236334;1;2;27;6;2;1;1;29;;1 640,35;526,60;2;MN;76
01236632;1;2;33;5;1;1;1;35;;7 833,34;1 923,13;2;OQ;84
01237835;1;2;39;5;2;1;1;32;1;4 785,88;;8;HZ;76
01237835;2;2;39;5;2;1;2;26;;999 999,00;336,10;4;MN;75
01238825;1;2;25;2;2;3;2;16;;458,24;976,99;1;MN;28
01239482;1;1;58;6;1;2;1;42;;5 217,14;1 110,21;16;BE;76
01240578;1;2;55;6;1;1;1;26;;999 999,00;1 005,51;2;HZ;52
01240894;1;1;25;1;1;1;1;99;;2 274,27;;4;OQ;24
01240894;2;1;25;1;1;1;2;12;;805,16;3 076,25;4;GZ;32
01241364;1;2;27;5;2;9;1;42;99;1 651,73;;6;BE;76
01242906;1;2;56;9;1;1;2;17;;2 039,86;;2;GZ;32
01243810;1;2;51;2;2;2;1;47;;2 816,98;1 684,34;17;OQ;32
01243822;1;2;64;7;3;8;1;51;;0,00;;-1;GZ;93
01244707;1;2;23;4;1;1;2;21;;1 192,02;3 679,19;1;GZ;75
01246401;1;2;59;3;1;2;2;11;;1 257,94;750,78;6;OQ;44
01250215;1;1;36;3;1;2;1;45;;2 650,33;966,59;5;BE;84
01250920;1;2;59;7;3;8;1;60;;0,00;;-1;MN;11
01254286;1;2;55;9;1;1;1;99;;2 868,55;639,51;2;MN;11
01255691;1;1;50;7;2;1;2;21;;1 129,10;;1;OQ;84
01257635;1;1;26;5;1;1;1;48;;999 999,00;1 129,63;6;OQ;32
01258615;1;1;50;2;3;8;1;47;;0,00;;-1;JZ;75
01260547;1;1;57;5;1;1;1;99;;2 413,48;;2;MN;75
01260834;1;2;32;3;2;2;2;12;;999 999,00;;2;MN;84
01265405;1;2;47;1;1;1;2;11;;879,32;;5;GZ;76
01267488;1;2;24;3;1;1;2;19;3;1 315,83;1 188,60;7;OQ;76
01268717;1;1;47;5;1;1;1;37;1;1 948,56;1 016,17;2;OQ;53
01271798;1;1;53;3;1;1;1;43;;3 366,71;;15;GZ;52
01271798;2;1;53;3;1;1;2;13;;1 357,60;;0;OQ;84
01272484;1;1;19;4;3;8;2;56;;0,00;;-1;BE;11
01272889;1;1;42;5;1;2;1;40;;999 999,00;;4;MN;24
01275200;1;1;34;3;1;1;1;39;;3 803,74;;10;MN;28
01276174;1;1;59;7;1;1;1;41;;3 643,08;665,40;1;BE;24
01278170;1;2;25;6;1;1;1;99;1;3 705,92;;6;FZ;53
01278367;1;1;49;1;2;1;1;42;;2 845,10;;20;MN;84
01279793;1;1;54;6;1;1;1;39;;1 685,24;;1;GZ;44
01281121;1;2;27;5;1;9;9;8;;618,58;2 987,42;11;BE;76
01281818;1;2;57;6;1;1;2;11;;1 492,46;;2;RU;75
01282057;1;2;56;5;1;1;9;39;1;3 269,02;;8;OQ;28
01282788;1;1;28;4;1;1;1;34;;2 894,51;653,83;2;RU;93
01284417;1;1;34;6;2;1;1;42;;2 276,94;979,59;9;MN;52
01289180;1;2;40;3;1;1;1;36;;2 304,72;540,21;14;JZ;24
01289297;1;1;45;6;1;1;1;43;;3 099,16;;1;GZ;27
01292038;1;1;24;7;2;9;1;34;;2 206,41;;2;FZ;24
01292944;1;1;61;3;3;8;2;99;;0,00;;-1;OQ;11
01293790;1;2;62;3;1;1;1;41;;3 774,16;302,65;13;GZ;32
01294598;1;2;41;9;2;9;1;47;;1 754,42;;1;RU;53
01294624;1;1;36;3;3;8;2;25;;0,00;;-1;GZ;28
01296122;1;1;57;2;2;2;1;99;;3 021,63;;0;FZ;76
01298602;1;2;25;1;1;1;2;26;;1 215,74;;7;MN;84
01301298;1;2;42;4;1;1;9;42;;999 999,00;;3;BE;11
01301298;2;2;42;4;1;1;1;44;;1 556,20;;2;HZ;27
01302066;1;2;38;3;1;1;1;16;;3 451,82;;5;HZ;11
01302277;1;2;42;6;2;2;1;42;;2 708,07;;2;RU;32
01302480;1;1;63;3;1;1;1;30;;1 666,34;912,24;1;OQ;44
01305077;1;2;36;3;2;1;2;17;;662,73;;5;GZ;93
01305323;1;1;49;6;1;1;1;41;1;3 533,76;;2;FZ;76
01305841;1;2;44;1;2;2;2;17;;1 513,89;617,53;3;JZ;53
01306853;1;2;60;3;3;8;1;60;;0,00;;-1;RU;28
01311153;1;2;53;6;1;1;1;49;;10 000,00;;3;BE;84
01313001;1;2;44;3;1;1;1;99;1;1 987,40;991,66;12;JZ;28
01313194;1;1;28;7;1;1;1;44;;999 999,00;;2;BE;28
01313710;1;2;32;7;1;1;1;27;;4 369,54;469,37;4;FZ;75
01314618;1;2;56;4;2;1;1;41;;1 941,68;2 322,34;2;JZ;84
01315140;1;2;56;7;1;1;1;49;;4 942,76;542,82;0;OQ;75
01318406;1;2;39;7;1;1;1;30;2;3 616,86;999 999,00;2;OQ;27
01321754;1;1;58;5;1;1;1;30;;999 999,00;999 999,00;5;MN;11
01322050;1;2;64;5;1;2;2;10;;1 818,92;683,70;3;OQ;84
01323207;1;1;34;3;1;1;9;30;;2 540,43;;2;AZ;84
01323207;2;1;34;3;1;1;1;42;;914,08;2 851,93;1;GZ;75
01324473;1;2;43;6;1;9;1;28;1;3 119,14;8 427,03;7;OQ;44
01326010;1;2;56;1;2;2;2;17;;1 069,04;;11;MN;76
01326848;1;1;37;5;1;2;1;46;;999 999,00;;0;MN;53
01328623;1;1;19;3;3;8;1;60;;0,00;;-1;GZ;11
01330415;1;2;58;4;1;1;1;38;;4 886,60;;9;GZ;24
01330762;1;2;44;4;2;2;1;34;;2 529,82;;3;BE;32
01334517;1;2;54;1;1;2;1;33;;2 216,08;672,36;0;RU;93
01335201;1;2;37;3;2;1;2;15;;1 468,90;;16;RU;84
01335448;1;1;46;6;2;2;1;38;;2 959,80;;2;BE;24
01335926;1;2;23;3;1;1;1;50;;2 066,51;416,96;7;RU;44
01337244;1;2;57;5;1;1;1;38;;2 261,10;1 500,57;0;BE;84
01337707;1;2;41;5;1;1;1;38;;3 294,02;1 638,61;2;BE;32
01338334;1;1;60;3;2;1;1;35;;5 185,69;;12;GZ;93
01338858;1;2;32;4;3;8;1;48;;0,00;;-1;OQ;32
01339457;1;2;64;7;3;8;1;60;;0,00;;-1;OQ;84
01341050;1;2;59;1;1;1;1;37;;3 370,44;999 999,00;5;MN;84
01341925;1;2;43;7;1;1;1;41;;2 546,12;;4;OQ;93
01342097;1;1;39;4;3;8;1;52;;0,00;;-1;JZ;75
01342756;1;2;42;6;3;8;1;60;;0,00;999 999,00;-1;OQ;76
01343223;1;1;33;5;2;1;1;38;;1 123,70;;11;BE;11
01344477;1;1;23;5;2;1;9;35;;3 039,10;;7;MN;11
01347017;1;1;40;5;1;1;1;39;5;2 542,00;741,41;5;OQ;84
01348375;1;2;41;6;1;1;1;43;;3 224,96;430,51;1;JZ;24
01349653;1;2;69;5;1;1;2;12;;1 322,93;;4;GZ;75
01351275;1;2;19;3;1;1;1;48;;1 335,76;;3;JZ;11
01351905;1;2;37;5;1;1;1;34;;2 435,12;549,71;4;MN;32
01353389;1;2;28;9;1;1;1;51;;1 093,90;;2;RU;11
01354532;1;1;51;9;2;1;2;11;;1 291,38;;9;MN;32
01354551;1;1;54;1;1;1;1;43;;2 125,24;258,89;7;GZ;32
01359712;1;2;57;5;3;8;1;47;;0,00;;-1;MN;84
01359932;1;1;50;1;2;2;2;19;;2 427,98;;11;OQ;44
01362319;1;1;40;4;1;1;1;40;5;2 110,24;;0;OQ;11
01362478;1;2;69;3;2;1;9;30;;831,81;1 163,58;0;BE;75
01363427;1;2;57;3;1;1;1;39;9;1 690,48;;2;GZ;32
01363795;1;1;43;1;2;1;1;32;;1 882,41;;5;OQ;76
01365244;1;1;17;4;1;1;1;33;;3 065,84;834,91;1;HZ;11
01365244;2;1;17;4;1;2;1;38;;2 184,25;;1;OQ;84
01367644;1;2;50;5;1;1;1;44;;2 690,20;;9;OQ;53
01367947;1;1;41;5;3;8;1;60;;0,00;;-1;HZ;76
01368331;1;2;53;5;2;2;1;27;;999 999,00;;0;OQ;75
01368533;1;1;24;6;1;1;1;41;;7 163,63;3 206,26;3;GZ;52
01368545;1;2;32;7;1;1;2;30;;926,21;;2;MN;53
01368718;1;2;53;7;1;2;1;40;;4 564,50;802,57;3;MN;11
01369150;1;1;37;4;1;1;1;43;2;3 969,53;;9;FZ;24
01369856;1;2;39;7;2;1;2;21;;2 370,15;1 063,78;2;GZ;76
01370492;1;2;45;6;1;1;2;17;;2 314,14;;11;MN;44
01372068;1;2;55;7;1;1;9;99;;3 817,37;1 968,40;22;BE;76
01372472;1;1;40;3;1;1;1;42;;3 408,77;353,14;2;JZ;27
01372867;1;2;34;3;1;9;1;38;;1 477,64;;4;RU;11
01374234;1;1;56;1;1;2;1;46;;2 522,37;;6;OQ;24
01374719;1;2;32;1;3;8;9;49;;0,00;;-1;GZ;11
01374859;1;1;42;7;2;1;1;43;;4 968,15;1 592,28;5;BE;76
01377587;1;1;51;3;1;1;1;31;1;5 149,70;2 882,77;12;FZ;32
01381939;1;1;28;4;1;1;1;38;;2 540,76;;12;MN;11
01382498;1;2;55;4;1;1;2;20;;1 525,66;;16;OQ;76
01383418;1;2;44;6;2;3;1;39;;2 019,69;1 405,56;1;GZ;28
01385899;1;2;35;3;1;1;1;41;;1 926,93;;0;MN;32
01386509;1;2;37;2;1;1;1;38;1;1 401,43;;11;RU;11
01387015;1;1;48;3;1;1;1;36;;2 951,42;886,35;9;GZ;11
01388576;1;1;63;4;1;1;1;41;;3 022,48;1 170,38;4;MN;76
01389389;1;2;58;1;1;1;1;41;;3 950,21;;6;OQ;32
01389389;2;2;58;1;1;1;2;11;;854,51;2 394,40;11;GZ;32
01393123;1;2;50;6;3;8;1;58;;0,00;;-1;OQ;28
01394237;1;1;23;3;2;1;1;35;;2 515,48;;1;BE;84
01394726;1;2;22;3;1;1;1;37;;3 000,10;3 196,56;6;OQ;28
01395893;1;2;33;1;1;1;1;35;;2 200,59;;0;OQ;11
01396451;1;2;36;5;2;2;2;10;;1 388,10;1 437,97;6;GZ;52
01396468;1;1;21;1;1;2;9;39;;1 312,63;;1;RU;11
01398044;1;1;59;7;1;1;1;42;;5 254,45;;14;AZ;28
01398938;1;2;41;3;1;1;2;16;;1 087,37;335,02;3;RU;28
01399088;1;2;34;1;1;1;1;41;;1 435,15;;14;HZ;24
01400673;1;1;38;6;1;1;1;32;;999 999,00;;2;GZ;76
01400846;1;1;71;6;1;1;1;36;;3 206,85;;19;OQ;84
01402901;1;2;31;7;1;1;9;22;;991,26;;5;OQ;11
01403792;1;2;63;7;1;9;1;39;;3 488,58;;1;GZ;32
01404189;1;1;49;4;1;1;1;38;;2 833,47;1 527,53;4;GZ;76
01408309;1;2;27;5;2;1;1;40;;1 845,45;;11;BE;24
01409415;1;2;53;6;2;1;1;28;;2 321,49;1 756,17;0;MN;84
01413950;1;2;29;6;1;1;2;14;;1 011,80;427,73;5;FZ;84
01413972;1;2;32;7;2;1;1;40;1;1 886,67;;0;BE;84
01414167;1;2;64;4;2;1;1;39;;1 588,12;;9;OQ;32
01415947;1;2;64;4;1;1;1;38;;2 677,92;;5;GZ;11
01417022;1;1;25;1;2;1;1;40;;1 867,19;935,72;9;RU;75
01417446;1;1;20;4;1;9;1;32;;2 945,24;766,95;4;BE;53
01417662;1;1;40;1;1;1;1;30;;1 823,51;;1;RU;11
01418134;1;1;58;4;1;3;1;27;;2 971,16;;2;AZ;52
01419167;1;1;28;5;1;1;1;33;;999 999,00;;5;OQ;11
01419282;1;2;59;6;1;1;1;39;;3 804,25;;3;MN;32
01420188;1;1;45;3;1;1;9;30;;3 490,24;;5;FZ;27
01420738;1;2;27;3;2;2;1;42;;3 125,49;999 999,00;11;GZ;44
01422373;1;2;40;3;1;1;1;49;;1 603,40;2 167,36;4;FZ;53
01423149;1;2;48;5;1;1;1;99;99;2 018,46;;3;OQ;52
01424407;1;2;57;2;1;1;1;53;;4 111,76;;0;MN;53
01424482;1;1;22;5;2;2;1;36;9;2 401,75;563,78;4;OQ;52
01424869;1;1;45;5;2;1;1;36;;3 030,11;1 540,45;2;OQ;28
01425287;1;1;63;6;2;1;1;28;;6 336,67;813,81;9;BE;11
01427183;1;2;53;5;2;1;1;47;;3 321,62;;15;JZ;24
01427213;1;2;40;1;1;1;1;31;;1 604,85;;3;MN;11
01428490;1;1;34;2;3;8;2;52;;0,00;;-1;OQ;28
01431082;1;2;23;3;1;1;2;23;;885,94;553,69;1;HZ;11
01432740;1;2;62;3;1;1;1;33;;2 582,92;;0;HZ;84
01434385;1;1;38;9;1;1;1;39;;5 352,90;;2;AZ;44
01436402;1;2;52;4;1;2;1;99;;3 875,51;853,47;5;GZ;84
01439650;1;2;29;5;3;8;2;47;;0,00;;-1;HZ;53
01440757;1;2;54;6;1;1;2;16;;1 355,41;3 136,15;2;JZ;84
01441014;1;1;47;6;3;8;1;59;;0,00;;-1;OQ;44
01444097;1;2;45;5;1;1;1;28;;2 894,98;480,29;11;OQ;32
01448710;1;2;64;6;2;2;1;48;;2 716,74;;2;OQ;84
01449690;1;1;27;5;1;1;1;44;1;10 000,00;;11;OQ;44
01450627;1;1;21;5;2;1;1;38;;1 890,12;933,41;1;MN;32
01450887;1;1;63;4;1;1;2;18;;2 196,16;578,43;6;OQ;76
01450887;2;1;63;4;1;1;2;99;1;1 594,74;;5;HZ;84
01452177;1;2;70;5;1;1;1;32;2;4 522,06;;0;OQ;11
01458055;1;1;55;2;1;1;1;46;;2 741,08;;5;OQ;93
01458140;1;2;38;3;1;2;1;99;;2 367,94;;3;RU;11
01459706;1;2;37;4;1;1;2;17;;628,26;3 365,33;1;JZ;11
01459706;2;2;37;4;1;9;2;22;1;1 300,36;;7;AZ;28
01460747;1;2;73;1;2;1;1;41;;1 306,27;1 264,62;3;FZ;27
01462761;1;2;59;9;1;1;1;36;;1 947,89;336,12;2;GZ;93
01463373;1;1;63;7;1;1;1;31;;3 453,57;447,97;1;FZ;93
01463538;1;1;44;7;1;2;1;60;;4 662,42;322,18;10;OQ;32
01463857;1;2;25;4;1;1;1;40;;2 513,94;;8;OQ;44
01465078;1;1;41;5;2;2;1;60;1;2 340,77;3 019,82;9;MN;28
01468941;1;2;28;4;2;1;1;60;;3 507,41;;12;MN;76
01470651;1;1;44;1;1;1;1;47;;1 384,67;;0;FZ;75
01471590;1;1;41;7;1;9;1;42;1;1 784,04;1 436,08;3;OQ;44
01472261;1;1;19;6;1;1;2;13;;858,35;484,12;3;OQ;44
01474501;1;2;24;5;1;1;1;49;;10 000,00;;8;MN;76
01475249;1;2;54;6;1;1;1;32;;3 429,79;;0;GZ;11
01477561;1;1;58;5;1;1;1;41;99;1 846,75;;7;FZ;93
01478047;1;1;34;1;1;1;1;35;;1 201,36;1 427,40;2;OQ;11
01478270;1;2;26;3;1;1;1;99;;3 296,05;;0;JZ;53
01478817;1;1;55;4;1;1;1;32;;1 478,11;;5;HZ;11
01480338;1;1;39;6;1;2;9;51;;2 272,43;;9;GZ;93
01482280;1;2;35;3;1;1;1;99;;1 443,38;;10;OQ;11
01483301;1;2;20;5;1;1;9;37;;4 243,87;;4;OQ;24
01484172;1;2;43;7;1;1;1;30;;2 284,98;175,13;5;GZ;11
01484526;1;2;38;3;1;1;2;20;;1 836,51;;2;BE;11
01484961;1;1;57;3;3;8;1;47;;0,00;;-1;OQ;84
01484961;2;1;57;3;3;8;2;20;;0,00;;-1;OQ;76
01485545;1;1;44;3;2;2;1;38;;2 797,40;767,17;5;OQ;27
01485545;2;1;44;3;2;1;2;23;;1 044,26;;0;AZ;76
01497102;1;1;28;3;1;1;1;38;;999 999,00;1 425,26;12;OQ;44
01499133;1;2;54;7;2;1;1;33;;3 961,09;;0;GZ;11
01499221;1;1;66;1;1;3;1;36;;1 498,42;397,90;3;OQ;24
01499368;1;2;39;4;1;1;1;32;;4 560,75;499,53;14;OQ;28
01501984;1;1;39;1;1;1;1;24;;2 196,08;;3;OQ;28
01506636;1;1;51;7;1;1;1;39;;999 999,00;;4;RU;11
01512137;1;2;42;3;1;1;2;24;;1 301,17;258,97;13;GZ;84
01512522;1;2;52;4;1;1;1;40;;4 074,10;2 188,69;5;JZ;84
01514443;1;2;48;3;1;9;1;99;;2 913,28;591,17;6;FZ;27
01514545;1;1;62;4;1;1;1;46;;5 398,64;;2;GZ;11
01514545;2;1;62;4;1;1;2;14;;1 479,19;1 604,13;5;MN;53
01515423;1;2;50;9;1;1;1;42;;4 870,62;;16;RU;24
01515675;1;1;40;6;1;2;9;36;;1 440,01;3 809,24;2;MN;84
01515675;2;1;40;6;1;1;9;13;;1 677,79;1 402,25;4;GZ;11
01516269;1;1;32;3;1;1;1;39;;1 081,15;2 945,37;3;FZ;75
01516460;1;1;28;3;1;3;1;43;1;1 696,70;;9;MN;93
01516931;1;1;29;7;1;1;1;30;;9 426,23;;7;MN;84
01520248;1;1;49;4;1;1;1;36;2;3 001,68;;1;FZ;84
01522939;1;1;63;4;1;1;1;36;;2 568,38;;4;GZ;84
01523265;1;2;36;3;1;1;1;32;;2 119,55;999 999,00;1;BE;84
01523418;1;2;25;3;1;1;1;36;;1 325,21;;5;HZ;44
01523418;2;2;25;3;1;1;1;44;1;999 999,00;;9;OQ;11
01523892;1;1;26;4;1;1;1;41;;2 327,40;;10;GZ;27
01524101;1;2;41;1;1;1;1;44;;1 687,95;842,83;7;OQ;75
01526785;1;1;56;3;2;1;1;44;;2 151,61;;7;HZ;11
01526850;1;1;44;4;1;1;9;39;;3 520,43;1 584,11;3;OQ;28
01526850;2;1;44;4;1;1;1;32;4;2 434,39;;2;JZ;76
01529847;1;2;50;6;1;2;1;33;;3 486,39;2 269,24;0;MN;28
01530086;1;1;61;6;2;1;1;30;;2 022,67;1 136,13;1;GZ;93
01530476;1;2;64;7;1;2;1;35;;3 848,82;3 618,95;2;OQ;32
01530650;1;1;43;4;1;1;1;44;;999 999,00;2 580,69;2;MN;44
01530650;2;1;43;4;1;1;1;99;;1 244,14;;6;BE;11
01534011;1;1;40;1;1;1;9;31;1;1 587,42;;24;FZ;53
01536756;1;1;62;6;1;3;1;41;1;999 999,00;;11;BE;93
01538010;1;1;57;3;1;1;1;41;;999 999,00;;0;JZ;76
01539108;1;1;28;3;1;1;1;31;;3 128,79;;12;GZ;11
01544173;1;2;27;5;1;1;2;14;;1 462,81;;4;JZ;32
01544221;1;2;53;6;2;1;1;39;;4 917,69;;0;GZ;11
01544865;1;2;23;3;1;1;9;38;;2 355,43;1 859,69;4;FZ;28
01546709;1;1;46;4;1;1;1;46;1;4 327,66;;10;OQ;84
01547001;1;2;39;6;1;1;1;60;;8 202,23;;1;OQ;11
01548968;1;2;37;3;3;8;1;59;;0,00;;-1;GZ;84
01549806;1;2;32;4;2;2;1;42;;1 400,33;;0;BE;84
01550160;1;2;26;4;1;1;1;41;;1 725,30;;10;OQ;84
01551208;1;2;50;1;1;9;1;32;;1 767,47;;1;OQ;75
01552261;1;1;37;1;1;1;1;37;;3 160,02;1 421,99;3;GZ;93
01553655;1;2;42;4;2;1;9;41;;1 910,86;;9;GZ;52
01553892;1;1;55;6;2;1;1;31;;3 707,04;1 032,40;12;JZ;11
01554277;1;1;37;7;1;9;1;60;;2 007,98;;3;FZ;53
01554644;1;1;42;5;2;1;1;99;;3 043,56;7 344,42;10;GZ;84
01557351;1;2;58;4;1;1;1;43;9;2 571,99;1 785,60;12;FZ;11
01558893;1;2;47;3;2;1;1;49;;1 573,46;999 999,00;13;BE;76
01558893;2;2;47;3;2;1;2;17;;901,45;1 103,20;8;OQ;84
01558929;1;2;26;4;1;1;1;43;;2 207,16;;10;HZ;44
01560976;1;2;64;3;2;1;2;23;;1 710,45;;17;BE;53
01562301;1;2;26;3;3;8;2;47;;0,00;999 999,00;-1;BE;11
01562301;2;2;26;3;3;8;1;60;1;0,00;;-1;AZ;32
01564931;1;2;30;3;1;1;2;23;;550,19;;4;BE;76
01564931;2;2;30;3;1;1;2;24;;1 064,46;;5;JZ;84
01565508;1;2;34;3;1;1;1;45;;2 243,95;;6;MN;44
01565508;2;2;34;3;1;1;2;25;;759,95;;1;RU;44
01566423;1;2;30;1;1;1;1;30;;1 561,60;;3;RU;44
01567016;1;2;31;3;2;1;1;43;;1 652,10;;12;OQ;84
01567650;1;2;24;3;1;1;2;13;1;1 615,70;;2;FZ;84
01568059;1;2;61;3;1;1;2;18;;1 477,48;;10;MN;11
01568951;1;2;63;2;1;2;1;42;;2 083,89;1 887,86;3;OQ;11
01569622;1;2;52;4;2;1;9;30;1;3 202,47;;8;GZ;28
01569622;2;2;52;4;2;2;2;16;;1 471,06;;12;FZ;28
01571141;1;2;24;4;1;1;1;42;;1 733,21;;4;MN;11
01571848;1;2;24;6;1;1;9;24;;2 290,09;;5;OQ;27
01572426;1;1;24;2;2;1;1;39;;3 415,58;;6;MN;11
01573205;1;1;24;3;1;2;1;36;;1 794,21;;8;RU;93
01576669;1;2;30;6;2;1;1;45;;2 160,40;;8;GZ;93
01578134;1;1;23;6;1;1;1;44;;4 186,74;951,49;7;OQ;76
01581239;1;2;56;5;3;8;1;60;;0,00;;-1;GZ;75
01581418;1;1;46;3;2;1;1;41;;3 272,10;;15;OQ;11
01584985;1;2;27;4;1;1;2;18;;709,75;;1;OQ;11
01588557;1;1;51;1;1;1;1;34;;2 622,69;;11;BE;93
01588657;1;2;36;3;2;1;1;38;;2 293,65;;4;GZ;32
01588657;2;2;36;3;2;2;2;25;;1 248,75;668,51;3;MN;11
01589806;1;1;59;9;1;1;1;38;;2 316,92;;2;OQ;75
01590368;1;1;35;7;2;1;1;30;;2 575,66;999 999,00;4;MN;75
01591969;1;2;39;7;1;1;1;44;;2 333,86;;10;MN;84
01592494;1;1;43;4;2;1;1;43;;1 421,85;377,59;4;HZ;28
01593429;1;2;50;5;1;2;2;99;;1 783,59;;7;OQ;76
01594155;1;2;47;9;1;1;1;35;;2 868,14;87,11;1;JZ;75
01595649;1;1;71;5;1;3;9;40;;3 628,42;999 999,00;22;FZ;84
01598066;1;1;42;3;3;8;1;49;;0,00;;-1;FZ;52
01598559;1;1;53;4;1;1;1;37;;3 229,58;;11;JZ;11
01598559;2;1;53;4;1;1;2;29;1;1 063,59;801,70;10;OQ;52
01598985;1;1;57;3;2;1;1;45;;2 992,68;486,87;5;OQ;28
01599013;1;2;59;1;1;1;1;38;;3 360,61;;2;FZ;76
01601091;1;1;22;2;1;1;1;44;1;1 477,14;613,78;1;FZ;11
01602709;1;1;21;1;1;1;1;39;;1 444,45;;5;OQ;84
01602709;2;1;21;1;1;1;1;48;;1 445,89;650,39;4;RU;44
01603846;1;1;64;1;3;8;9;60;;0,00;;-1;BE;11
01604318;1;2;48;7;3;8;1;60;;0,00;999 999,00;-1;RU;24
01604318;2;2;48;7;3;8;1;57;;0,00;;-1;OQ;76
01606177;1;2;35;1;1;1;2;15;;918,43;;2;MN;76
01606412;1;1;39;7;2;2;1;26;1;2 819,35;1 031,29;2;RU;32
01606836;1;1;24;2;1;1;1;40;;2 255,51;3 502,47;5;GZ;53
01607556;1;1;33;5;3;8;1;60;;0,00;;-1;MN;52
01608510;1;2;40;5;1;1;1;47;;4 097,90;284,84;4;OQ;11
01608510;2;2;40;5;1;1;2;24;;1 209,73;554,40;10;RU;52
01608830;1;1;31;3;1;1;1;40;;2 347,95;;4;OQ;11
01610700;1;2;27;4;2;1;1;39;;999 999,00;2 197,42;4;JZ;84
01616746;1;1;27;3;1;3;1;28;;2 396,81;;1;AZ;28
01616992;1;2;17;6;1;1;1;42;;1 822,14;;1;MN;11
01616992;2;2;17;6;1;1;2;20;;868,43;439,97;1;MN;11
01617116;1;1;26;3;1;1;9;99;;2 450,73;1 514,52;5;JZ;52
01617451;1;1;52;3;3;8;2;30;3;0,00;;-1;GZ;93
01618569;1;2;43;4;1;1;2;22;;1 645,39;999 999,00;11;OQ;27
01619298;1;1;28;3;1;1;1;36;;1 761,00;;5;OQ;84
01620294;1;1;37;5;1;1;1;33;;3 994,57;1 993,68;4;GZ;32
01624463;1;2;56;7;1;1;2;26;;999 999,00;;7;AZ;11
01624581;1;2;55;1;1;1;2;99;;1 814,90;1 770,34;3;OQ;52
01626554;1;1;25;5;1;1;1;31;;2 738,50;;9;MN;52
01626554;2;1;25;5;1;1;1;37;;10 000,00;;1;FZ;53
01627064;1;2;34;4;1;1;2;21;;698,21;;9;BE;93
01627955;1;2;57;1;1;1;1;38;;2 602,44;1 430,22;8;MN;84
01629231;1;1;36;3;1;1;1;48;;2 853,38;3 891,75;9;AZ;75
01631109;1;1;24;5;1;2;1;33;;999 999,00;1 807,45;7;OQ;93
01631149;1;1;39;5;3;8;1;60;;0,00;;-1;OQ;11
01633540;1;1;26;4;1;1;1;48;;1 648,34;;7;OQ;84
01633569;1;2;74;1;1;1;2;10;;615,63;;8;OQ;44
01634528;1;2;29;4;1;1;2;12;2;1 679,82;781,12;9;FZ;44
01635387;1;1;24;4;1;1;1;44;;1 444,35;;8;OQ;32
01636327;1;1;47;7;1;1;1;33;;6 773,42;;15;MN;93
01637439;1;2;55;1;1;1;1;58;;3 699,56;;4;MN;84
01638159;1;1;60;7;1;1;1;37;1;2 717,26;;9;GZ;75
01638289;1;1;26;1;2;1;1;44;;1 460,51;1 648,50;9;OQ;32
01638740;1;1;36;5;1;1;1;37;;2 328,81;301,77;3;RU;44
01641552;1;1;52;1;1;1;1;38;1;2 166,99;559,24;2;JZ;52
01644521;1;2;46;3;1;1;1;33;;3 344,89;697,29;16;OQ;32
01644881;1;2;52;6;1;1;2;15;;2 587,99;;2;FZ;53
01645173;1;2;52;1;1;1;1;30;;1 476,42;;0;HZ;84
01645347;1;1;43;3;3;8;1;58;;0,00;;-1;FZ;11
01645418;1;1;34;6;2;1;1;46;;999 999,00;405,48;2;GZ;24
01645418;2;1;34;6;2;1;2;25;;1 506,93;1 876,75;1;OQ;24
01646010;1;2;54;4;1;1;1;40;;1 350,27;;0;GZ;75
01646821;1;2;28;7;1;1;1;34;;999 999,00;;11;HZ;75
01646821;2;2;28;7;1;1;2;25;;6 130,70;999 999,00;5;MN;24
01648314;1;1;33;2;2;1;1;35;;2 187,10;;1;RU;24
01648744;1;2;27;3;1;2;1;40;;2 121,74;946,09;3;OQ;11
01649637;1;1;24;3;1;1;1;53;;1 554,89;1 470,72;5;MN;11
01651484;1;2;50;6;1;1;1;50;;3 282,33;;0;MN;93
01651562;1;2;41;3;1;2;2;22;;1 370,47;;11;GZ;52
01653123;1;2;24;7;3;8;2;48;;0,00;;-1;OQ;11
01655722;1;2;20;1;3;8;1;52;;0,00;;-1;OQ;93
01655722;2;2;20;1;3;8;2;26;;0,00;;-1;OQ;44
01660167;1;1;57;3;1;1;1;42;;3 369,92;1 426,13;1;RU;76
01661654;1;1;40;5;2;1;2;19;4;2 132,25;970,40;11;OQ;11
01667985;1;1;29;4;3;8;1;60;;0,00;;-1;GZ;52
01668815;1;2;56;3;3;8;1;60;;0,00;;-1;FZ;84
01670154;1;1;40;5;1;1;2;10;;2 738,76;;11;HZ;24
01672706;1;1;32;1;1;1;1;40;;1 855,32;1 484,63;4;FZ;76
01672820;1;1;64;3;1;1;1;37;;5 993,44;;4;BE;27
01674838;1;1;57;3;2;1;1;40;;2 836,24;314,13;4;BE;28
01675859;1;1;59;3;1;1;2;18;;1 664,85;;8;RU;84
01676642;1;2;41;7;1;2;1;48;;7 270,91;999 999,00;18;OQ;11
01677640;1;2;33;7;1;1;1;27;;999 999,00;;13;MN;52
01678588;1;1;32;1;1;1;1;49;;999 999,00;437,07;5;OQ;44
01679064;1;2;45;6;2;1;2;28;1;2 116,37;;12;RU;75
01679550;1;2;42;3;1;1;2;11;1;1 454,01;;1;GZ;75
01681133;1;2;46;4;1;1;1;50;;2 515,61;1 120,80;4;OQ;84
01681868;1;1;46;7;1;3;1;49;1;3 796,44;;0;GZ;44
01682979;1;1;31;3;1;1;1;42;;1 488,50;;2;GZ;32
01684711;1;2;43;4;2;1;1;27;;3 820,50;;0;BE;53
01686284;1;2;51;6;1;3;2;15;;3 125,05;;6;MN;44
01687972;1;2;26;1;2;2;2;19;;1 113,33;347,95;10;BE;28
01688657;1;2;47;3;1;1;2;26;;999 999,00;;6;JZ;11
01688825;1;2;23;7;1;1;1;33;;2 480,90;711,14;0;BE;27
01688825;2;2;23;7;1;1;1;37;;2 597,62;999 999,00;2;GZ;93
01688856;1;1;48;7;1;1;1;35;;2 594,26;302,97;6;AZ;32
01691614;1;1;31;4;3;8;1;60;;0,00;;-1;GZ;75
01693739;1;1;44;4;1;1;1;45;1;2 794,45;248,83;4;GZ;52
01693766;1;2;47;6;2;1;1;45;;10 000,00;;11;OQ;84
01696108;1;2;28;3;1;2;1;35;;1 675,40;4 102,62;9;GZ;28
01697492;1;2;59;3;1;2;1;47;;2 328,96;;16;HZ;11
01697829;1;1;39;5;1;1;1;42;;4 027,31;1 826,61;1;OQ;11
01701325;1;1;37;7;3;8;1;60;9;0,00;999 999,00;-1;BE;76
01701435;1;2;22;6;1;1;1;43;;999 999,00;1 510,22;1;BE;44
01701833;1;1;23;3;1;1;1;44;;1 650,86;;1;AZ;76
01702471;1;1;29;1;1;1;1;31;;1 254,83;;13;GZ;24
01702595;1;2;37;4;1;3;1;46;1;1 670,73;1 353,43;2;HZ;32
01702595;2;2;37;4;1;1;2;8;;2 636,34;;15;OQ;11
01706025;1;2;35;3;1;1;2;27;;1 790,66;;1;OQ;75
01706134;1;2;60;3;1;1;1;27;;2 673,46;;10;JZ;93
01706644;1;1;34;3;2;1;1;34;;1 822,74;;11;MN;76
01706644;2;1;34;3;2;1;2;16;;1 018,04;;13;OQ;11
01706824;1;1;51;7;1;1;1;23;;10 000,00;;10;HZ;28
01707380;1;1;27;3;1;1;9;22;;999 999,00;221,39;1;AZ;93
01710444;1;2;43;7;1;1;2;8;;2 830,36;999 999,00;3;FZ;75
01710905;1;1;30;4;1;1;1;50;;2 923,57;883,37;4;RU;84
01713156;1;1;52;5;3;8;9;51;;0,00;;-1;OQ;24
01713437;1;1;46;5;1;1;1;42;;2 585,69;999 999,00;13;OQ;52
01713866;1;2;36;7;1;1;2;25;;3 178,03;2 467,12;20;JZ;93
01716161;1;2;46;1;1;1;1;39;;2 452,32;;14;OQ;32
01717057;1;2;29;6;1;1;2;13;;1 627,89;531,43;11;OQ;76
01717397;1;1;44;3;1;1;1;27;;1 375,34;790,77;21;FZ;52
01719441;1;2;59;7;1;1;1;44;;999 999,00;;18;OQ;11
01719441;2;2;59;7;1;1;2;8;;3 199,07;;20;OQ;11
01720222;1;1;26;3;1;1;1;33;;2 360,11;;10;GZ;11
01720328;1;1;23;3;1;1;1;39;;2 536,01;;7;BE;52
01721825;1;2;29;6;3;8;1;60;;0,00;;-1;OQ;44
01724824;1;1;37;6;1;1;2;24;;1 080,80;;2;OQ;32
01727227;1;2;50;7;3;8;1;59;;0,00;;-1;BE;84
01729674;1;1;25;2;1;1;1;41;;2 165,41;999 999,00;5;OQ;84
01735243;1;1;64;3;1;1;2;13;;1 334,63;3 744,35;8;HZ;76
01736511;1;2;43;4;1;1;1;35;;1 662,33;494,35;5;RU;75
01737707;1;2;53;3;1;1;2;19;;1 466,70;1 059,16;0;GZ;24
01738738;1;2;72;4;1;2;1;39;;3 529,23;;4;HZ;84
01738923;1;1;31;7;1;1;1;42;;2 493,84;1 306,98;15;OQ;93
01739756;1;2;55;6;2;1;1;35;1;999 999,00;;9;OQ;84
01744318;1;2;39;1;1;3;1;40;;1 555,65;;1;GZ;76
01745789;1;2;25;4;2;1;1;36;;1 950,61;;9;OQ;32
01746690;1;1;25;4;1;2;1;39;;1 546,42;1 200,48;9;OQ;44
01746932;1;2;45;3;1;1;2;29;;1 359,00;;0;JZ;11
01747438;1;2;24;6;3;8;1;54;;0,00;;-1;GZ;75
01748180;1;1;51;7;1;1;1;42;9;2 891,50;;2;BE;52
01748192;1;2;43;5;3;8;1;60;;0,00;;-1;OQ;93
01748192;2;2;43;5;3;8;9;39;3;0,00;;-1;HZ;44
01750644;1;2;39;6;1;1;9;52;;3 194,90;;7;MN;11
01753172;1;2;41;3;1;2;2;12;;1 080,19;999 999,00;24;OQ;76
01754186;1;1;27;3;2;2;1;37;;2 236,35;1 466,62;0;OQ;84
01754451;1;2;32;6;1;1;1;32;;2 457,02;687,13;1;FZ;53
01754451;2;2;32;6;1;1;2;19;;2 789,34;;2;GZ;52
01754987;1;1;24;2;1;2;1;52;;1 409,72;460,21;4;OQ;24
01756321;1;2;63;6;1;1;1;37;2;999 999,00;1 004,04;5;GZ;11
01757024;1;2;54;4;1;1;2;15;;3 160,07;2 190,18;24;GZ;44
01757606;1;2;42;6;3;8;1;60;;0,00;;-1;GZ;53
01758467;1;1;45;4;2;1;1;54;1;5 497,29;;7;GZ;93
01759337;1;1;30;4;1;1;1;42;;1 906,97;2 187,88;14;OQ;76
01759497;1;2;24;4;2;1;2;29;;999 999,00;2 038,31;8;AZ;28
01759576;1;2;41;3;1;2;1;33;;1 967,04;;3;GZ;84
01759656;1;1;25;7;1;1;1;40;;2 158,34;999 999,00;4;BE;11
01760979;1;1;22;3;2;1;1;30;;1 563,57;;4;FZ;32
01761257;1;2;53;6;1;1;2;27;;2 630,76;895,67;17;GZ;27
01762306;1;1;38;4;1;3;1;36;;1 457,65;3 223,18;1;GZ;93
01763512;1;2;31;4;1;3;1;36;4;4 509,86;;10;OQ;11
01764052;1;2;24;3;1;2;1;33;4;1 548,01;;4;BE;84
01764141;1;1;55;1;1;1;1;42;;5 352,06;;3;MN;76
01764141;2;1;55;1;1;1;2;25;;1 421,31;2 707,05;10;GZ;84
01765541;1;2;38;3;1;1;2;8;1;1 555,22;;2;GZ;84
01766316;1;1;41;7;2;1;1;43;;3 087,17;2 976,24;1;GZ;76
01767099;1;1;46;1;2;1;1;35;;4 050,69;3 731,61;17;OQ;44
01767769;1;2;59;5;1;1;1;38;;2 635,99;1 158,57;10;OQ;11
01768117;1;1;32;5;3;8;1;57;;0,00;;-1;AZ;52
01768300;1;1;32;1;1;1;1;60;9;2 787,91;;16;OQ;75
01770346;1;1;33;3;2;2;1;38;;2 705,53;2 603,32;16;GZ;84
01771781;1;1;32;9;1;1;1;31;;1 932,99;;5;MN;27
01775055;1;2;44;7;2;1;1;42;1;3 294,41;;10;GZ;27
01776254;1;1;31;4;1;1;1;57;;2 192,38;1 498,50;1;OQ;27
01778434;1;2;46;5;1;1;1;40;;3 659,34;;30;OQ;44
01778434;2;2;46;5;1;1;2;28;;3 155,10;1 074,74;20;FZ;53
01778496;1;2;51;3;1;1;2;19;;2 349,54;466,37;5;BE;75
01779305;1;2;29;5;2;1;2;24;;1 720,01;2 024,09;5;BE;84
01780805;1;2;38;6;2;1;1;39;;2 649,08;;2;HZ;53
01780805;2;2;38;6;2;1;2;21;;1 606,70;;2;GZ;32
01781004;1;2;31;1;2;1;1;37;;957,31;;3;GZ;76
01782038;1;2;34;6;1;1;1;35;;1 632,10;;14;MN;75
01782038;2;2;34;6;1;1;1;37;;4 848,71;;4;OQ;93
01784442;1;2;24;3;2;1;2;24;;306,92;;3;OQ;44
01787087;1;2;48;4;2;1;1;35;;4 707,20;756,59;9;FZ;28
01790231;1;2;63;3;1;2;1;41;;4 861,37;807,01;9;OQ;84
01791703;1;1;33;9;2;1;1;37;1;1 501,19;;5;OQ;52
01792100;1;2;57;3;1;1;1;36;1;4 037,17;962,67;0;OQ;28
01792973;1;2;61;9;3;8;2;36;;0,00;;-1;MN;32
01795792;1;2;53;3;2;1;1;28;;2 621,22;442,98;3;RU;84
01796341;1;1;64;9;1;1;9;35;;4 217,20;287,60;1;AZ;28
01797021;1;2;25;3;1;2;1;40;;2 654,68;;0;OQ;76
01799699;1;2;62;4;1;1;1;33;;2 316,11;642,18;2;HZ;84
01801344;1;1;56;1;1;1;1;43;;2 179,31;436,91;16;MN;84
01802343;1;1;41;5;1;1;2;30;;1 854,70;;5;GZ;11
01802697;1;1;47;3;1;2;1;39;;3 204,00;;10;FZ;11
01803640;1;2;62;3;1;1;9;36;;999 999,00;;1;OQ;32
01804253;1;1;20;5;1;2;1;37;;2 555,73;;2;JZ;32
01805271;1;2;52;4;1;1;1;40;;1 648,18;;6;OQ;84
01805383;1;1;24;6;1;1;1;35;;2 888,68;;5;HZ;11
01806103;1;2;54;4;1;1;1;36;;3 882,63;545,65;12;BE;93
01806952;1;2;52;7;1;1;9;32;;2 601,30;1 236,17;1;FZ;27
01807027;1;2;37;6;2;1;1;41;;3 493,13;376,06;16;OQ;44
01809000;1;2;35;9;2;1;1;42;;3 844,50;1 022,47;3;MN;75
01809361;1;1;69;3;2;1;9;23;;3 045,94;529,58;20;BE;11
01810875;1;1;37;4;1;1;2;30;;3 055,76;999 999,00;20;BE;53
01814744;1;2;37;5;2;1;2;20;;999 999,00;999 999,00;21;AZ;76
01815061;1;1;47;3;3;8;1;60;;0,00;;-1;OQ;32
01815307;1;2;36;7;1;2;1;39;;999 999,00;3 898,06;3;GZ;75
01815641;1;2;45;3;2;1;1;39;;4 710,25;4 392,59;4;FZ;75
01815641;2;2;45;3;2;2;2;8;;934,80;;11;OQ;44
01815798;1;2;56;3;2;1;1;46;;2 744,03;948,79;3;MN;76
01816965;1;1;39;7;1;1;1;38;;999 999,00;;2;MN;24
01821967;1;1;24;5;1;1;1;44;;2 140,76;;4;GZ;52
01822253;1;1;31;4;1;1;2;12;;2 155,45;999 999,00;8;MN;32
01823965;1;2;46;6;1;2;1;39;5;3 526,01;;7;MN;32
01824400;1;2;20;6;2;1;9;19;;1 726,28;2 290,03;2;OQ;44
01825650;1;1;26;3;1;1;1;43;;2 392,43;;10;OQ;53
01825650;2;1;26;3;1;1;2;11;;813,05;;7;GZ;75
01827335;1;2;41;9;1;1;9;23;;976,02;782,46;0;MN;84
01828238;1;2;27;6;1;1;1;99;1;5 454,38;573,62;5;OQ;76
01828668;1;1;22;6;1;1;1;36;;2 108,34;999 999,00;6;OQ;27
01828917;1;1;63;1;1;2;1;37;;2 278,74;2 927,33;1;OQ;44
01829363;1;1;29;1;3;8;1;47;;0,00;;-1;OQ;11
01831003;1;1;41;7;2;1;1;33;;2 632,51;;1;BE;32
01832282;1;2;46;6;1;1;1;38;;2 195,51;;7;GZ;32
01832921;1;1;26;3;1;1;1;40;;1 445,07;;1;MN;75
01834625;1;1;43;7;2;1;2;23;;997,56;;4;OQ;52
01835744;1;1;30;4;1;2;1;39;;1 681,68;;1;BE;11
01835750;1;2;48;3;2;1;1;37;;2 696,48;;11;GZ;84
01835750;2;2;48;3;2;2;2;10;;1 224,38;;3;MN;84
01837085;1;2;36;3;1;1;1;44;;1 405,13;;8;GZ;75
01838876;1;2;51;5;1;1;2;9;;1 443,09;1 892,51;7;MN;76
01839681;1;2;40;7;2;1;9;19;;2 578,60;999 999,00;10;OQ;76
01840003;1;1;38;6;1;1;1;39;;2 014,75;656,96;2;MN;84
01842947;1;2;46;5;2;1;1;34;5;999 999,00;967,36;0;OQ;75
01844414;1;1;45;3;1;1;1;39;;1 357,66;;3;GZ;28
01844883;1;1;49;4;1;2;2;10;;882,30;;22;OQ;32
01847623;1;2;29;3;2;1;1;35;;1 791,61;;0;MN;44
01852095;1;1;23;3;1;1;1;40;;1 024,05;;7;OQ;84
01857752;1;2;39;4;2;1;1;34;;4 325,64;3 228,93;13;BE;44
01858716;1;2;52;1;1;1;2;24;;1 026,66;421,25;14;GZ;32
01858837;1;1;45;6;3;8;1;55;;0,00;;-1;RU;84
01859062;1;2;27;7;1;1;2;28;1;1 820,41;;2;GZ;28
01860300;1;2;28;9;1;1;1;36;;1 888,99;1 076,80;1;OQ;84
01863029;1;2;23;5;1;9;2;25;;1 051,78;451,51;3;GZ;93
01863633;1;1;50;4;1;1;1;37;;2 044,38;1 615,11;22;MN;53
01865163;1;1;20;1;2;1;1;36;;1 043,15;;0;BE;11
01867106;1;2;40;1;1;1;1;48;;2 337,85;;5;MN;11
01868725;1;2;42;6;1;1;1;35;1;2 356,74;;2;MN;11
01868839;1;1;60;7;2;1;1;40;2;999 999,00;1 019,49;9;OQ;53
01870417;1;1;49;1;2;1;1;33;1;1 753,78;902,97;0;OQ;84
01871115;1;2;50;3;2;1;1;35;;2 493,91;2 545,74;5;GZ;44
01871349;1;2;44;5;1;1;1;35;;999 999,00;191,56;4;MN;84
01874323;1;1;20;3;2;1;1;29;;1 540,02;;4;GZ;44
01876804;1;1;55;5;1;1;1;47;1;3 026,19;424,84;1;GZ;44
01879702;1;1;42;6;2;1;1;99;;2 358,31;;3;OQ;11
01880367;1;2;29;3;1;1;2;20;;974,58;2 389,81;5;MN;32
01880862;1;1;46;6;1;1;1;37;;5 049,74;;14;BE;76
01881739;1;1;45;7;1;1;1;43;;3 959,13;;7;BE;75
01881982;1;2;59;2;1;2;2;11;;1 426,34;;1;GZ;75
01883140;1;2;40;5;2;1;1;36;;1 469,83;;1;FZ;32
01883711;1;2;42;4;1;1;2;23;;3 521,67;;0;BE;53
01883974;1;2;42;5;1;1;2;17;1;2 240,67;2 519,37;25;OQ;53
01885809;1;2;36;7;2;1;1;35;2;4 203,05;2 287,80;1;OQ;76
01888161;1;2;34;6;1;1;1;39;2;3 046,62;;2;GZ;53
01889852;1;1;40;7;2;1;1;41;;2 136,01;2 233,15;2;OQ;76
01893004;1;2;58;4;1;1;9;39;;3 235,59;1 963,83;3;OQ;75
01894154;1;2;63;6;1;1;2;20;;999 999,00;;10;OQ;84
01897152;1;2;54;3;1;1;2;16;;1 302,84;;1;FZ;84
01898393;1;1;43;3;1;1;1;41;;3 036,26;3 939,54;5;RU;84
01900990;1;1;41;4;2;1;1;31;;3 251,03;;5;RU;84
01902619;1;2;31;1;1;1;2;22;;1 036,22;999 999,00;1;RU;75
01904361;1;1;29;6;1;2;1;39;;2 732,86;1 063,96;1;RU;76
01905060;1;2;26;3;1;2;2;17;;785,89;647,51;4;OQ;76
01907885;1;1;45;3;1;1;1;42;;2 422,91;999 999,00;1;GZ;32
01908414;1;2;35;3;1;1;1;39;;4 550,32;;6;BE;76
01908755;1;1;40;7;2;1;1;34;;999 999,00;528,30;4;OQ;11
01908755;2;1;40;7;2;1;9;24;;1 919,08;518,53;3;GZ;44
01909076;1;2;57;1;2;1;9;26;;625,98;1 237,52;4;HZ;75
01909200;1;2;28;9;1;2;1;39;;1 988,43;874,05;0;BE;44
01909504;1;1;26;3;3;8;1;54;;0,00;;-1;OQ;75
01909535;1;1;35;7;1;1;1;43;;2 398,61;;19;BE;32
01910900;1;2;24;1;1;3;1;40;;1 847,67;;8;OQ;28
01910922;1;1;50;1;1;1;1;45;;2 552,67;1 191,03;1;MN;28
01910922;2;1;50;1;1;2;2;20;;791,20;;2;OQ;11
01911118;1;2;54;5;2;9;1;54;;4 090,35;253,23;10;BE;76
01911571;1;1;62;6;2;1;1;42;;6 057,16;1 480,99;5;BE;11
01911737;1;2;23;5;1;1;1;34;;1 465,67;1 187,98;7;OQ;11
01912116;1;1;21;6;3;8;1;47;;0,00;;-1;BE;11
01913523;1;1;48;3;1;1;1;41;;2 362,29;;2;GZ;53
01915959;1;2;30;1;2;1;2;26;;536,69;;1;MN;75
01916055;1;1;54;5;1;2;1;33;;3 093,14;1 755,82;4;MN;28
01916703;1;1;24;1;1;1;1;34;;1 719,32;;8;GZ;84
01916708;1;1;42;4;2;1;1;40;;2 600,69;;18;GZ;76
01917850;1;1;29;1;1;1;2;14;;759,74;;6;BE;52
01918721;1;1;20;1;1;1;1;44;;1 475,03;;1;GZ;52
01918924;1;2;47;6;1;1;1;38;;2 677,88;723,66;1;AZ;32
01918978;1;1;39;3;1;1;1;39;5;3 139,42;3 435,37;8;BE;28
01921468;1;2;46;1;1;1;1;39;;3 541,34;201,39;5;MN;84
01922696;1;1;63;3;1;1;1;45;;1 235,79;2 951,62;3;OQ;11
01923234;1;1;33;7;2;1;1;42;;2 785,58;447,92;7;BE;11
01923595;1;2;51;9;1;1;1;33;;4 818,85;;5;MN;76
01926695;1;2;40;6;1;1;1;42;;3 253,62;1 886,14;15;OQ;44
01928397;1;2;38;4;1;1;1;36;;3 621,69;5 266,38;12;BE;76
01928721;1;1;30;7;1;1;1;35;;4 548,61;438,90;8;MN;11
01928745;1;2;62;9;1;1;9;16;;1 050,38;;6;GZ;32
01930241;1;1;59;2;1;1;1;42;;2 236,83;583,19;7;GZ;53
01930530;1;2;31;7;1;1;1;23;;1 891,58;;5;GZ;84
01931015;1;2;32;5;1;1;2;14;;1 983,74;999 999,00;3;GZ;11
01931128;1;1;62;5;3;8;1;60;;0,00;;-1;GZ;84
01933271;1;2;41;4;2;1;2;13;;544,52;856,14;1;OQ;84
01934216;1;1;59;4;3;8;9;47;;0,00;;-1;MN;27
01936038;1;2;30;4;2;1;2;18;;958,52;1 158,67;1;OQ;11
01937649;1;1;63;7;2;1;1;27;;3 670,07;1 853,83;12;RU;84
01937649;2;1;63;7;2;2;1;99;;2 844,89;6 028,41;5;OQ;84
01939584;1;2;26;7;2;1;1;44;;3 222,60;;10;FZ;75
01940575;1;2;54;1;2;1;1;38;;1 830,04;;8;GZ;24
01941404;1;1;45;5;1;3;1;33;;2 872,75;;6;OQ;11
01946417;1;1;35;3;1;1;1;40;1;1 973,00;;2;BE;75
01946417;2;1;35;3;1;1;2;22;;1 477,51;1 261,62;11;BE;44
01947188;1;1;40;3;1;1;9;50;;2 090,58;6 248,98;6;GZ;76
01947774;1;1;29;6;2;1;1;46;;4 430,31;1 677,62;6;MN;93
01949957;1;2;44;4;2;1;1;40;;2 154,87;;1;FZ;84
01951213;1;1;35;4;1;1;1;46;;2 860,25;;7;BE;44
01951688;1;1;36;6;1;1;1;99;;1 902,20;;1;JZ;75
01952540;1;1;46;7;2;2;1;51;;2 728,45;;5;GZ;11
01952720;1;2;27;6;1;1;1;23;;999 999,00;;11;RU;76
01953136;1;2;40;6;3;8;2;34;;0,00;;-1;GZ;32
01953276;1;1;64;1;1;1;1;41;;2 507,51;;0;OQ;32
01953688;1;1;31;6;1;1;1;38;;10 000,00;2 676,72;15;OQ;75
01957935;1;1;45;3;2;2;1;43;2;2 989,27;;25;MN;11
01958203;1;2;28;3;1;1;1;35;;2 397,22;;1;OQ;32
01960509;1;1;48;5;1;1;1;58;;10 000,00;1 302,28;3;HZ;32
01960618;1;1;48;4;3;8;1;49;;0,00;;-1;GZ;84
01961744;1;1;40;5;1;1;1;40;;999 999,00;1 863,75;7;MN;28
01962532;1;2;31;7;1;1;1;42;;7 158,87;;10;GZ;11
01964381;1;2;29;6;1;1;9;50;;2 061,35;1 303,41;0;OQ;76
01964445;1;2;74;4;1;1;2;11;;2 379,24;1 055,95;20;GZ;84
01965433;1;1;57;4;1;1;1;48;5;2 703,72;1 842,32;2;FZ;75
01965447;1;2;43;6;2;3;1;23;;2 524,55;877,26;5;BE;32
01971137;1;2;33;3;1;1;1;99;;1 239,97;;3;MN;52
01971137;2;2;33;3;1;1;2;10;;1 012,49;999 999,00;1;BE;24
01973343;1;2;27;1;1;1;1;32;;2 800,62;1 015,47;4;AZ;28
01973944;1;2;56;6;1;1;1;42;;2 738,94;;0;OQ;24
01974549;1;2;40;5;1;2;1;29;;2 336,20;;0;OQ;52
01974549;2;2;40;5;1;1;2;16;;898,91;1 281,00;3;OQ;11
01974615;1;1;38;2;1;1;1;40;;1 522,30;;1;MN;52
01976616;1;1;21;2;2;1;2;23;5;1 640,29;1 113,33;5;BE;44
01977852;1;2;20;7;1;1;2;14;1;1 595,98;;3;GZ;11
01977852;2;2;20;7;1;1;2;22;;1 723,18;;4;GZ;76
01977891;1;1;34;7;1;1;1;51;;2 959,56;;5;FZ;52
01978080;1;2;27;7;1;1;2;8;;1 819,27;2 524,98;11;GZ;24
01978670;1;2;44;3;1;1;2;9;;865,14;151,68;1;OQ;52
01979110;1;1;55;3;1;1;1;46;;1 796,84;1 197,08;0;AZ;76
01981001;1;2;48;6;1;2;2;24;;2 235,86;327,56;6;GZ;32
01982721;1;1;40;5;1;1;1;43;;3 339,70;546,43;6;GZ;76
01985077;1;2;59;5;1;1;2;24;;2 926,59;;18;FZ;93
01985077;2;2;59;5;1;1;2;99;;1 757,52;999 999,00;0;GZ;11
01985182;1;1;50;7;1;1;1;44;;3 758,40;1 078,70;3;GZ;52
01985808;1;1;37;9;1;1;1;39;;2 727,49;236,54;4;OQ;11
01985808;2;1;37;9;1;1;1;32;;1 840,57;8 079,31;1;OQ;93
01986041;1;1;34;1;1;1;1;39;;1 039,10;;7;GZ;84
01987904;1;1;59;4;1;1;9;32;;2 567,67;358,99;8;GZ;32
01988404;1;2;44;6;1;2;9;44;;2 873,88;;3;GZ;76
01991027;1;2;47;7;1;1;1;37;4;4 163,72;2 292,97;8;GZ;84
01991862;1;1;63;1;1;1;9;11;1;2 110,98;1 359,32;0;HZ;75
01991862;2;1;63;1;1;2;2;25;1;2 003,69;;15;OQ;11
01992331;1;1;34;9;1;1;1;43;;2 869,97;1 053,47;1;OQ;52
02000393;1;1;55;4;3;8;1;53;2;0,00;;-1;OQ;44
02002049;1;2;51;3;1;1;1;37;;1 514,38;;10;FZ;84
02002840;1;1;37;9;1;1;2;23;;2 279,32;1 102,22;8;BE;32
02004535;1;2;35;4;1;1;1;38;;2 269,66;;8;OQ;11
02004535;2;2;35;4;1;1;1;38;;1 769,77;;13;JZ;44
02004687;1;1;23;3;1;1;1;46;;2 644,23;;1;GZ;11
02005379;1;2;22;9;2;1;2;9;1;1 042,10;766,40;6;OQ;52
02005405;1;2;52;2;1;1;2;9;;999 999,00;;0;OQ;76
02010999;1;2;62;7;1;2;9;24;;999 999,00;;0;OQ;76
02013125;1;1;33;5;2;1;1;36;;2 413,47;846,97;11;GZ;84
02013534;1;2;43;3;2;1;1;44;;2 434,54;1 255,47;1;OQ;53
02013721;1;1;34;7;1;1;1;47;2;2 667,72;473,67;15;MN;28
02013721;2;1;34;7;1;1;2;28;;999 999,00;;13;FZ;44
02016830;1;2;41;5;1;1;9;11;;1 343,87;;8;JZ;11
02017513;1;1;51;5;2;1;1;37;;3 394,79;;1;OQ;75
02018466;1;2;35;6;2;1;1;41;;2 578,35;;10;BE;53
02018708;1;1;33;5;1;2;1;44;;3 109,22;1 574,81;4;GZ;11
02019180;1;2;35;5;1;1;9;36;;1 613,35;999 999,00;3;OQ;11
02019238;1;1;38;6;1;1;1;28;;2 306,56;2 556,70;3;GZ;84
02019578;1;2;34;1;1;2;1;35;;1 635,40;1 389,94;6;OQ;76
02026432;1;1;30;2;3;8;1;46;;0,00;999 999,00;-1;MN;11
02029151;1;2;32;3;2;1;2;16;9;1 025,00;960,13;2;FZ;53
02029151;2;2;32;3;2;1;2;8;;459,99;;0;GZ;44
02030775;1;2;26;5;1;1;1;41;;2 403,13;;5;MN;11
02031932;1;1;36;7;2;3;1;38;;999 999,00;999 999,00;1;BE;11
02032796;1;1;39;7;2;1;1;33;;3 832,22;;2;FZ;84
02033309;1;1;36;3;1;1;1;36;;1 936,26;;8;MN;84
02033842;1;1;67;7;2;1;1;30;;3 551,42;;0;MN;84
02036141;1;1;45;9;1;1;9;40;;2 066,36;;3;GZ;75
02039918;1;1;54;7;2;1;1;32;;6 106,46;1 185,02;3;GZ;75
02040378;1;2;53;4;3;8;1;60;;0,00;;-1;MN;84
02040391;1;2;53;1;1;1;1;40;;2 592,69;2 098,64;0;GZ;11
02040768;1;1;49;6;3;8;1;58;;0,00;;-1;GZ;76
02040768;2;1;49;6;3;8;2;50;;0,00;;-1;JZ;28
02043200;1;1;49;5;2;2;1;34;;2 388,03;854,81;1;HZ;52
02044789;1;1;33;3;3;8;1;60;;0,00;;-1;JZ;76
02046813;1;1;15;7;3;8;1;99;;0,00;;-1;OQ;53
02046874;1;1;38;5;1;1;9;28;;2 341,40;908,39;3;GZ;84
02046874;2;1;38;5;1;1;1;38;;7 219,00;1 392,72;22;BE;75
02048228;1;1;49;7;2;2;1;45;;999 999,00;878,88;5;BE;84
02048228;2;1;49;7;2;1;2;21;;1 470,82;1 218,90;4;GZ;11
02048487;1;2;26;4;2;1;1;31;;999 999,00;1 059,37;10;BE;44
02050553;1;2;31;7;2;1;1;46;99;2 120,51;;13;BE;84
02050553;2;2;31;7;2;1;2;12;1;1 396,57;649,41;5;OQ;52
02050813;1;1;62;4;1;2;1;34;;2 046,25;;0;GZ;52
02052099;1;2;57;3;1;1;1;39;;999 999,00;;6;OQ;32
02052645;1;1;32;1;1;1;2;26;;947,48;863,78;0;BE;52
02052914;1;1;63;4;1;1;1;37;;4 817,16;;13;OQ;76
02053483;1;1;35;3;1;1;9;38;;1 828,34;;3;MN;44
02058938;1;1;56;4;1;9;1;43;;999 999,00;;0;BE;76
02059101;1;1;37;5;1;1;1;30;;3 164,95;;5;BE;28
02063931;1;1;46;1;2;1;1;26;;3 243,43;;3;HZ;32
02064391;1;1;49;7;1;1;1;38;;5 045,24;;4;AZ;28
02066330;1;1;51;5;1;1;1;35;;4 347,84;1 688,45;6;JZ;11
02066952;1;2;32;5;2;1;1;40;2;3 415,40;211,97;0;HZ;93
02068219;1;2;43;3;1;1;1;47;;1 363,42;878,10;6;HZ;28
02068219;2;2;43;3;1;1;2;30;;1 207,61;2 018,31;2;JZ;28
02070646;1;2;38;5;1;1;1;51;;3 756,82;;2;OQ;76
02070646;2;2;38;5;1;1;2;14;;1 084,83;;2;FZ;52
02072577;1;2;25;3;2;1;1;49;2;3 418,85;;3;BE;75
02073432;1;2;23;3;1;1;1;42;;2 843,41;221,62;2;RU;11
02073750;1;2;31;7;1;1;9;57;;8 764,74;;0;OQ;11
02073750;2;2;31;7;1;1;2;18;;2 307,77;838,42;15;MN;11
02073905;1;1;44;3;3;8;9;60;4;0,00;;-1;HZ;28
02074985;1;1;37;4;1;1;1;43;;1 395,68;;4;GZ;52
02076086;1;1;61;4;3;8;1;58;;0,00;;-1;OQ;84
02076990;1;2;40;6;3;8;2;29;;0,00;;-1;GZ;27
02077245;1;1;20;5;1;1;1;35;;1 669,88;;1;OQ;76
02078219;1;2;55;2;1;1;2;23;;1 385,25;;4;RU;28
02081779;1;2;26;1;2;1;9;37;;640,25;759,62;2;GZ;11
02082199;1;2;31;7;1;1;2;20;;1 247,58;161,84;2;GZ;32
02083199;1;2;57;5;1;1;1;34;;2 265,50;;3;GZ;44
02083643;1;1;51;6;3;8;1;60;;0,00;;-1;BE;32
02083825;1;2;57;3;1;1;1;36;;999 999,00;;19;RU;84
02084108;1;1;56;7;2;1;1;47;;2 915,96;;0;OQ;75
02087814;1;1;54;1;2;1;1;38;;3 253,67;783,27;2;GZ;11
02088232;1;2;32;1;1;1;2;9;;1 185,40;;16;MN;32
02088232;2;2;32;1;1;1;2;16;;889,58;;13;OQ;32
02088441;1;1;56;5;1;3;9;42;;2 684,03;;8;BE;93
02090167;1;2;57;9;1;1;1;37;;2 380,02;;12;OQ;32
02090699;1;2;44;6;1;1;1;40;;3 814,88;;4;OQ;93
02091076;1;2;58;5;1;1;9;38;;2 798,02;735,68;12;MN;84
02091243;1;2;49;4;1;1;2;30;;3 142,72;894,70;21;MN;93
02092255;1;2;43;5;1;9;2;28;4;999 999,00;603,00;4;BE;27
02092321;1;1;46;4;1;3;1;33;;3 747,41;;18;BE;32
02094548;1;2;46;4;1;1;1;40;2;2 173,98;2 086,80;2;BE;84
02095703;1;1;46;3;1;2;1;31;;2 678,68;;7;JZ;53
02095703;2;1;46;3;1;1;9;41;;2 301,23;546,41;7;GZ;44
02095882;1;2;56;1;1;1;9;42;;2 621,04;;7;HZ;76
02102628;1;2;61;6;2;1;2;22;;1 414,45;;0;MN;11
02102628;2;2;61;6;2;1;2;20;;1 110,65;799,50;11;GZ;44
02104086;1;1;56;6;1;1;1;29;;4 703,08;1 171,27;3;HZ;75
02105503;1;2;21;4;2;1;1;32;;2 546,41;;2;JZ;11
02107455;1;1;59;5;2;2;2;19;;897,78;686,61;1;JZ;84
02107559;1;2;49;5;3;8;1;48;;0,00;;-1;GZ;11
02110480;1;1;29;7;1;1;1;34;;999 999,00;425,35;1;GZ;27
02112829;1;2;31;4;3;8;2;45;;0,00;;-1;MN;84
02112842;1;2;27;5;2;3;1;60;;3 992,09;;4;BE;52
02115331;1;2;48;7;1;1;1;29;;2 672,92;2 203,09;0;RU;52
02115331;2;2;48;7;1;1;1;41;;3 247,74;;8;OQ;32
02115678;1;2;60;7;2;1;1;33;;5 299,71;;7;BE;32
02116336;1;1;58;4;1;1;1;32;;2 886,25;;14;FZ;53
02116888;1;1;15;5;1;1;1;42;;999 999,00;2 459,49;0;GZ;53
02117076;1;2;63;6;1;1;1;39;;999 999,00;;1;OQ;11
02118749;1;1;46;6;1;1;1;33;1;2 287,92;;8;FZ;11
02119236;1;1;24;6;2;1;1;35;;999 999,00;2 009,84;8;OQ;75
02119236;2;1;24;6;2;2;2;11;1;2 172,06;2 995,83;8;JZ;32
02119269;1;2;27;7;1;2;1;39;;2 475,94;;1;OQ;11
02121054;1;2;37;3;2;1;1;35;1;1 784,44;;1;MN;28
02122147;1;2;39;3;1;1;2;25;;1 120,66;;1;OQ;53
02122494;1;1;29;4;1;1;1;48;1;1 979,88;934,46;13;BE;11
02122905;1;1;28;7;1;1;1;31;;1 348,96;;4;OQ;93
02124063;1;2;67;3;1;1;1;48;;1 886,29;1 009,14;7;BE;11
02124137;1;2;27;9;2;1;1;39;;3 517,60;284,49;8;GZ;32
02124137;2;2;27;9;2;1;1;47;;3 629,34;452,73;0;FZ;93
02124998;1;2;36;4;1;1;2;29;;1 830,26;;15;MN;75
02125261;1;2;36;1;3;8;1;58;;0,00;;-1;MN;11
02126704;1;2;31;6;3;8;1;57;;0,00;;-1;GZ;76
02127710;1;1;39;3;1;1;1;36;;2 275,27;273,81;13;GZ;11
02128146;1;1;47;3;1;3;1;34;4;1 880,93;778,92;14;OQ;52
02128566;1;1;35;7;1;2;1;35;1;3 578,41;;1;MN;75
02129593;1;2;31;4;2;1;2;20;;763,44;;4;FZ;11
02131317;1;2;50;5;1;1;1;99;;999 999,00;1 240,51;3;FZ;93
02132007;1;1;38;7;2;1;1;40;;4 063,21;;22;BE;11
02132007;2;1;38;7;2;1;2;22;;1 413,83;2 441,17;2;BE;93
02132273;1;1;23;1;1;1;1;42;;984,02;482,91;7;MN;76
02133328;1;1;48;7;2;1;1;50;;3 008,28;;7;FZ;53
02133848;1;1;43;4;2;2;1;35;;2 308,92;;7;OQ;84
02138910;1;2;44;4;1;1;2;14;;1 102,11;;16;OQ;76
02139934;1;2;26;3;1;1;2;15;;963,95;3 133,79;7;OQ;75
02140450;1;1;64;4;1;1;1;36;1;3 648,10;;3;JZ;75
02141628;1;1;56;2;1;3;1;47;;5 165,35;1 833,91;1;MN;28
02143029;1;2;23;4;1;2;2;11;;897,96;607,65;3;FZ;84
02143788;1;2;63;9;1;1;1;36;;3 192,99;441,79;17;FZ;76
02147916;1;2;52;3;3;8;1;55;;0,00;999 999,00;-1;GZ;28
02148127;1;2;27;2;1;1;1;30;;1 603,30;783,89;0;GZ;76
02150161;1;2;36;9;2;1;1;50;;999 999,00;;7;GZ;93
02150264;1;2;34;3;1;1;2;13;;941,81;;18;HZ;93
02151855;1;1;20;1;1;1;1;50;;1 511,32;892,10;2;OQ;93
02153726;1;1;35;3;2;2;1;49;;999 999,00;;5;BE;76
02153803;1;2;51;1;2;2;2;26;;2 425,85;826,84;9;OQ;44
02154815;1;1;52;3;3;8;1;50;;0,00;;-1;GZ;93
02157576;1;2;54;4;1;1;1;40;;2 455,03;4 327,79;3;BE;28
02158073;1;1;24;3;1;1;2;23;;998,42;316,35;8;BE;84
02158990;1;2;51;3;3;8;9;39;;0,00;;-1;MN;44
02160039;1;1;56;7;1;1;1;41;;2 310,07;549,69;3;JZ;32
02160550;1;2;44;7;1;2;1;31;;4 510,73;365,12;3;OQ;32
02161819;1;2;22;3;1;2;2;23;;2 477,90;1 116,72;6;JZ;76
02164523;1;2;36;4;1;1;1;45;;2 820,57;;9;OQ;76
02164847;1;2;24;3;2;1;9;42;;2 821,97;;8;GZ;53
02169183;1;1;62;6;1;1;1;40;;6 372,50;999 999,00;1;FZ;27
02171434;1;2;44;6;2;1;1;39;;4 662,16;1 627,26;15;BE;32
02172188;1;2;32;1;1;1;1;37;;2 226,51;999 999,00;6;BE;24
02174815;1;1;45;3;2;1;2;16;;999 999,00;1 295,57;2;BE;44
02175337;1;1;42;4;3;8;1;51;;0,00;;-1;FZ;11
02175564;1;2;56;7;1;1;1;45;;2 875,71;;7;BE;76
02175564;2;2;56;7;1;1;2;9;;1 910,74;738,47;5;OQ;75
02177290;1;2;27;4;1;2;1;34;;2 097,99;4 907,04;8;OQ;84
02177710;1;2;21;9;1;1;1;40;;1 660,70;275,55;5;OQ;52
02178165;1;2;45;5;1;1;1;42;;3 440,62;;13;BE;28
02180212;1;2;57;3;1;1;2;11;;2 196,21;;0;OQ;44
02181622;1;1;62;3;1;1;1;36;;1 929,56;;15;JZ;32
02181622;2;1;62;3;1;2;2;18;;1 727,98;;5;BE;11
02182133;1;2;37;5;1;1;1;27;;1 570,06;999 999,00;0;AZ;84
02183617;1;1;26;5;1;1;1;30;;1 194,70;3 170,45;0;BE;32
02185535;1;2;41;4;1;1;9;33;1;2 872,24;1 166,30;1;MN;76
02186170;1;1;31;4;1;1;1;38;;1 978,89;718,31;2;OQ;11
02186630;1;1;48;6;1;9;1;38;;2 022,79;2 036,59;1;RU;84
02189955;1;1;49;3;1;1;1;44;;4 306,35;;1;FZ;84
02190476;1;1;51;3;2;1;1;39;;2 579,50;;7;BE;11
02192322;1;2;70;2;1;1;2;12;1;1 621,55;;1;BE;44
02196753;1;1;44;7;2;1;2;12;;3 103,80;1 469,45;1;HZ;52
02197216;1;2;64;5;1;2;1;36;;999 999,00;870,89;8;GZ;84
02197345;1;2;59;4;1;1;1;28;;3 226,72;1 004,46;8;GZ;32
02198530;1;1;52;5;1;1;1;36;;4 432,01;1 541,56;3;OQ;32
02202536;1;2;69;1;1;1;1;31;;3 083,13;;20;BE;52
02203502;1;1;48;3;1;1;1;38;;2 628,57;1 549,30;1;OQ;44
02203599;1;1;42;9;2;1;1;43;;2 478,32;4 512,88;16;JZ;11
02203632;1;2;36;1;1;1;2;20;1;758,09;999 999,00;3;GZ;76
02203632;2;2;36;1;1;1;1;59;2;2 069,22;2 039,62;2;RU;93
02204579;1;2;31;3;3;8;1;60;;0,00;;-1;BE;52
02204630;1;1;40;3;1;2;1;41;;1 944,08;804,42;1;GZ;53
02208777;1;2;37;3;2;1;1;36;;2 596,72;379,51;0;MN;53
02209104;1;2;58;3;1;1;2;27;;458,41;;0;GZ;11
02210943;1;1;36;4;1;1;1;31;;3 670,29;661,40;12;BE;75
02213810;1;1;62;4;2;2;1;40;;999 999,00;999 999,00;8;BE;75
02214105;1;1;21;3;3;8;1;43;;0,00;;-1;MN;84
02214282;1;2;54;4;1;1;9;40;99;999 999,00;;7;OQ;11
02215755;1;2;42;4;1;1;1;40;;3 158,42;2 954,02;6;OQ;76
02218358;1;1;40;1;1;1;1;37;;2 541,96;321,46;3;GZ;32
02218358;2;1;40;1;1;1;2;22;;1 746,77;1 394,18;24;OQ;84
02218373;1;2;22;4;2;1;1;43;;3 152,59;910,29;3;OQ;84
02222553;1;1;40;3;2;1;1;35;;2 728,61;265,49;4;BE;76
02224618;1;2;30;9;1;1;1;32;99;999 999,00;556,19;14;FZ;93
02227510;1;2;30;3;3;8;1;50;;0,00;;-1;JZ;75
02228729;1;1;58;5;1;1;1;30;9;3 716,60;;10;JZ;24
02230125;1;1;52;3;1;1;1;39;;2 374,26;1 177,89;16;GZ;27
02231672;1;2;21;1;1;1;1;38;;2 524,62;1 150,03;5;BE;44
02231672;2;2;21;1;1;1;2;26;;999 999,00;;2;JZ;44
02232658;1;1;35;3;1;1;1;42;;1 622,99;;1;GZ;27
02236411;1;2;64;1;1;1;1;39;;3 882,83;;5;MN;27
02238080;1;1;59;3;1;1;1;39;;999 999,00;;8;MN;32
02238080;2;1;59;3;1;1;2;20;;3 110,76;999 999,00;11;BE;84
02239316;1;1;61;7;1;1;1;42;;3 324,42;1 526,52;0;BE;32
02241590;1;1;24;3;1;1;9;36;;1 787,80;;6;GZ;44
02241615;1;2;39;6;1;1;1;42;;999 999,00;;7;BE;75
02242215;1;1;35;1;2;1;1;38;;2 374,40;1 609,39;2;OQ;75
02242215;2;1;35;1;2;2;2;10;;476,29;1 749,98;0;MN;11
02245968;1;1;57;7;1;1;1;39;;2 474,90;391,57;2;RU;44
02246555;1;1;54;6;1;1;1;40;;8 644,78;999 999,00;1;OQ;11
02249188;1;1;42;3;1;1;1;32;;3 929,27;;14;JZ;76
02249249;1;1;45;7;1;2;1;36;;3 623,88;505,61;2;HZ;84
02250290;1;1;37;6;1;2;1;33;;3 437,91;;7;GZ;28
02250848;1;1;50;4;1;1;1;41;9;999 999,00;1 221,33;13;RU;11
02250848;2;1;50;4;1;1;2;15;;2 193,94;429,77;2;OQ;28
02251320;1;1;57;3;1;1;1;46;;3 353,14;;0;RU;44
02251877;1;2;29;9;1;1;1;33;;3 183,43;;1;MN;11
02252069;1;1;35;7;1;1;1;40;;4 999,09;551,88;1;BE;11
02252803;1;2;26;7;3;8;2;37;;0,00;999 999,00;-1;GZ;53
02254349;1;2;42;4;1;1;1;34;9;3 515,85;;15;OQ;32
02255161;1;1;35;6;1;1;1;44;;999 999,00;2 532,13;15;MN;76
02255161;2;1;35;6;1;1;2;27;;3 002,88;1 570,48;1;BE;32
02261009;1;1;43;6;1;1;1;29;;2 611,43;926,77;1;OQ;24
02261724;1;1;59;3;2;1;1;48;;2 905,79;1 548,31;14;GZ;52
02265488;1;2;32;3;3;8;1;99;;0,00;;-1;BE;44
02266664;1;1;47;9;1;1;1;32;;1 904,84;;3;GZ;44
02268193;1;1;28;3;1;1;1;43;;1 496,00;538,33;6;FZ;84
02269035;1;1;53;7;1;1;1;99;;4 214,05;2 170,85;6;BE;76
02270379;1;2;61;7;1;1;1;99;;5 657,16;886,73;1;BE;11
02270385;1;1;25;6;2;1;1;31;;10 000,00;3 183,58;5;GZ;52
02271001;1;2;61;7;2;1;9;13;;2 498,76;1 319,47;8;OQ;75
02272892;1;1;45;5;2;1;9;9;;3 761,49;;10;GZ;32
02273363;1;1;63;6;2;1;1;39;;10 000,00;;3;OQ;27
02273499;1;1;40;4;2;1;1;42;;4 143,45;;3;JZ;27
02273906;1;1;28;7;1;2;1;39;1;3 609,59;;2;BE;93
02274626;1;2;24;3;2;1;1;45;;1 934,59;;8;GZ;76
02277507;1;1;25;7;2;1;1;47;;2 510,60;;1;GZ;84
02277507;2;1;25;7;2;1;2;19;9;1 707,30;1 520,01;9;MN;44
02284519;1;1;46;3;2;1;2;8;;2 458,75;;5;OQ;11
02284519;2;1;46;3;2;1;2;12;1;2 619,63;;30;GZ;84
02288930;1;2;45;6;1;1;1;47;;4 105,43;;7;GZ;32
02288930;2;2;45;6;1;2;9;10;;1 679,26;;8;MN;76
02289040;1;2;61;3;1;1;1;39;;3 156,63;526,14;5;MN;75
02289698;1;2;46;2;1;1;1;35;;999 999,00;831,82;3;OQ;32
02290096;1;1;23;2;1;2;2;27;;830,44;;5;JZ;11
02293360;1;1;51;4;1;1;1;49;;2 895,92;534,24;4;FZ;52
02294276;1;1;51;2;1;1;1;38;;2 134,82;766,32;3;GZ;11
02294298;1;1;32;3;1;1;1;31;9;2 333,22;1 365,53;16;BE;11
02294437;1;2;56;5;1;1;1;47;1;3 552,61;;1;OQ;44
02295523;1;1;42;6;2;1;2;12;;2 301,71;;7;GZ;32
02297794;1;2;47;3;1;1;1;40;;3 683,45;1 758,07;6;OQ;84
02299511;1;1;23;6;1;2;1;38;;999 999,00;1 220,47;7;GZ;75
02299608;1;1;51;7;1;1;1;43;;2 269,92;;2;RU;84
02299620;1;1;29;2;1;1;2;22;;882,48;2 889,56;10;JZ;52
02301070;1;2;42;6;2;2;1;40;;1 416,06;3 501,44;0;BE;32
02301854;1;2;50;4;1;1;2;15;;999 999,00;2 777,25;2;MN;27
02304679;1;1;50;4;1;1;1;28;;2 327,75;;7;MN;76
02305483;1;2;23;7;1;1;2;29;;726,45;;7;HZ;11
02306662;1;1;50;3;1;1;1;60;;1 708,42;;2;MN;27
02309327;1;1;54;6;1;1;1;29;;1 860,16;999 999,00;2;OQ;27
02310092;1;2;49;9;1;1;2;26;2;743,63;1 707,44;1;OQ;93
02310449;1;1;62;9;1;1;1;35;;1 846,18;1 585,03;0;GZ;32
02311658;1;1;50;1;1;1;9;41;;1 577,22;;1;OQ;53
02312267;1;1;24;5;1;1;1;45;;2 323,27;298,31;6;OQ;44
02317461;1;1;55;3;2;1;1;37;;6 918,13;;12;MN;44
02318656;1;2;23;1;1;1;1;99;;911,48;594,63;4;OQ;75
02319289;1;1;59;4;1;1;1;31;;2 524,24;11 796,93;3;JZ;32
02321905;1;2;29;3;1;1;1;35;;2 480,24;;1;BE;53
02322443;1;2;54;6;1;1;1;38;;3 652,55;;3;RU;44
02324141;1;2;32;7;1;1;1;40;;999 999,00;;2;GZ;76
02324820;1;1;60;3;1;1;1;31;;2 206,58;;1;OQ;53
02325467;1;2;26;7;1;1;1;44;;3 867,98;1 222,75;10;OQ;52
02326461;1;2;25;6;3;8;2;18;;0,00;;-1;OQ;28
02327036;1;2;62;3;2;1;2;29;1;1 878,10;;1;GZ;24
02328691;1;2;44;1;3;8;1;38;;0,00;;-1;GZ;93
02328702;1;2;64;2;1;1;2;25;;1 609,09;;2;GZ;84
02329272;1;1;29;5;1;1;1;38;;1 608,33;;0;FZ;75
02330445;1;2;51;7;1;1;1;44;;4 135,20;;4;GZ;44
02330681;1;2;52;3;1;1;1;38;;4 262,57;256,55;23;BE;84
02332951;1;1;28;7;2;1;1;34;4;3 516,02;313,06;7;GZ;32
02335021;1;1;31;4;2;1;1;39;;2 396,41;2 105,07;3;RU;11
02335364;1;2;35;5;2;1;1;36;;2 206,66;;1;HZ;93
02335364;2;2;35;5;2;1;2;23;;2 780,46;;8;OQ;28
02335431;1;1;53;4;1;1;1;27;;1 926,84;552,49;12;OQ;11
02335658;1;1;37;4;2;1;1;47;;3 994,85;;15;GZ;84
02336889;1;2;47;4;1;2;9;37;2;1 964,33;;21;OQ;32
02338245;1;2;36;6;2;1;2;8;;1 828,99;2 127,38;1;MN;24
02338769;1;1;37;3;1;1;1;39;;2 294,80;;7;BE;76
02338798;1;1;22;9;1;1;9;38;;999 999,00;2 005,55;6;OQ;84
02340671;1;1;42;7;1;1;2;10;1;1 969,59;835,39;16;JZ;11
02341024;1;2;48;4;1;1;1;42;;2 768,51;;1;OQ;32
02342506;1;2;44;7;1;1;2;25;;3 458,75;;11;OQ;11
02343704;1;1;29;4;2;1;1;99;;1 715,97;;4;BE;11
02346483;1;2;25;5;1;1;2;21;;1 611,43;1 509,71;1;JZ;32
02346788;1;2;55;6;1;1;1;37;;2 535,60;;3;OQ;24
02347729;1;2;51;5;1;1;1;39;;3 781,80;447,84;0;OQ;32
02348525;1;1;50;3;1;1;1;31;;4 203,39;598,69;1;MN;32
02348529;1;2;48;9;1;1;2;21;;1 067,32;;3;FZ;84
02348835;1;2;25;4;2;1;9;46;;1 303,07;;9;HZ;84
02348843;1;2;28;3;1;1;2;23;;1 201,98;2 421,31;5;OQ;32
02350187;1;2;38;1;1;1;2;26;;626,66;;3;MN;11
02350311;1;2;58;6;1;2;1;32;;2 784,65;170,36;7;OQ;76
02350356;1;1;46;3;2;2;1;35;;2 798,56;1 534,64;1;OQ;84
02350876;1;1;43;6;1;2;1;42;;2 371,67;1 901,33;1;AZ;44
02350902;1;2;42;7;2;2;2;9;;1 713,17;;8;AZ;93
02352603;1;1;60;1;2;1;1;39;1;1 812,10;;8;MN;28
02352616;1;1;52;7;1;1;1;37;;4 860,71;;27;OQ;93
02354656;1;1;28;6;1;1;1;99;;1 621,28;;9;MN;93
02355504;1;1;15;3;3;8;1;60;;0,00;;-1;FZ;75
02355504;2;1;15;3;3;8;1;60;;0,00;;-1;OQ;53
02355602;1;1;54;3;2;1;2;13;;949,71;3 409,34;2;GZ;11
02356685;1;2;55;4;1;1;1;34;;2 049,77;1 900,05;0;BE;28
02356695;1;1;36;2;1;1;1;37;;1 624,91;999 999,00;6;MN;75
02356695;2;1;36;2;1;1;2;27;;998,89;;1;RU;27
02359565;1;1;61;4;1;1;1;33;;2 825,74;;5;BE;28
02359634;1;2;59;9;2;1;2;20;;1 076,09;;13;GZ;27
02360081;1;1;28;7;1;1;1;39;2;4 513,29;385,58;8;BE;24
02360360;1;1;27;6;2;1;1;35;;999 999,00;;1;FZ;76
02360424;1;1;32;4;3;8;2;37;;0,00;;-1;OQ;11
02360975;1;2;50;3;1;1;1;38;;2 026,82;2 184,13;6;HZ;93
02363794;1;2;61;7;2;1;1;43;1;3 410,68;988,85;9;RU;84
02364980;1;1;57;7;1;1;1;28;;3 979,89;;15;MN;84
02366830;1;2;45;3;1;1;2;29;;1 602,63;954,67;14;BE;84
02368993;1;1;33;1;1;1;1;30;99;1 884,56;;3;GZ;32
02370358;1;1;58;1;1;1;2;22;;1 060,20;;0;GZ;53
02370417;1;1;58;7;1;1;2;11;;1 293,07;;5;FZ;75
02370603;1;2;36;2;1;1;1;44;;3 428,82;;3;HZ;53
02370839;1;1;57;5;1;2;1;42;;2 404,97;;0;GZ;52
02371528;1;2;18;3;1;2;1;39;;1 414,77;421,09;2;OQ;76
02373482;1;2;53;4;1;1;1;40;;3 213,05;;5;BE;76
02373594;1;2;46;1;2;1;2;17;;1 827,44;509,67;9;GZ;75
02373908;1;2;39;5;3;8;2;38;;0,00;;-1;BE;75
02373908;2;2;39;5;3;8;2;99;;0,00;;-1;OQ;84
02375539;1;1;28;4;1;1;1;36;;2 812,00;1 282,31;10;RU;32
02377344;1;2;21;6;1;1;1;38;;2 780,08;1 364,12;2;OQ;84
02377735;1;1;62;5;2;1;2;26;;837,59;;1;OQ;52
02378432;1;1;33;6;1;1;1;30;;9 331,02;;1;GZ;24
02378542;1;1;34;4;2;1;1;36;;1 769,05;1 321,11;18;GZ;53
02379672;1;2;55;1;1;1;1;39;;2 127,37;;5;OQ;28
02380846;1;1;32;6;1;1;1;42;;3 571,42;1 392,57;3;RU;11
02382944;1;2;24;1;1;1;1;43;2;1 784,58;;8;MN;84
02382975;1;1;46;3;1;1;1;41;;999 999,00;;30;BE;52
02382975;2;1;46;3;1;1;1;41;;1 765,11;;0;OQ;52
02383659;1;1;29;7;1;1;9;46;;2 408,22;;0;OQ;76
02386965;1;1;23;4;1;2;1;40;;999 999,00;;1;MN;53
02391631;1;2;20;3;1;9;2;11;1;711,94;1 004,68;4;MN;76
02394145;1;1;54;5;1;1;1;46;;2 511,83;1 014,15;0;FZ;27
02394265;1;2;58;6;1;1;1;30;;2 931,09;;7;GZ;44
02394437;1;1;27;4;2;1;1;42;;1 337,06;;3;FZ;28
02395290;1;2;48;5;2;2;1;38;;2 891,37;;9;GZ;93
02396706;1;1;47;4;3;8;1;49;;0,00;;-1;OQ;84
02396706;2;1;47;4;3;8;1;59;;0,00;;-1;BE;44
02397166;1;1;45;7;3;8;1;57;;0,00;;-1;GZ;84
02397209;1;1;25;7;1;1;1;26;;5 013,88;960,79;3;GZ;44
02397892;1;1;31;5;1;1;1;43;;2 459,66;;9;GZ;11
02399615;1;1;59;6;1;1;1;44;;3 581,01;;18;OQ;53
02399744;1;1;33;3;1;1;1;46;;1 278,29;;17;RU;32
02399944;1;1;41;1;2;1;1;38;1;2 004,97;;1;BE;75
02400057;1;2;22;1;1;1;1;46;;1 296,81;;6;RU;32
02400522;1;2;45;6;1;1;2;10;;1 366,23;1 948,48;0;GZ;53
02400621;1;1;52;4;1;2;1;36;;999 999,00;;0;FZ;93
02401506;1;1;35;3;1;1;1;35;;2 514,76;;15;OQ;76
02402405;1;1;25;4;1;1;2;15;;1 394,66;;9;OQ;84
02403718;1;2;37;4;1;1;1;39;;1 617,90;;3;OQ;84
02404148;1;2;31;4;1;1;1;37;;2 862,89;;9;GZ;32
02404538;1;2;20;6;1;1;1;46;;999 999,00;682,25;4;GZ;76
02405495;1;2;31;1;3;8;2;48;;0,00;;-1;OQ;93
02405722;1;2;19;6;2;1;1;51;;2 034,14;;3;MN;44
02405747;1;2;40;5;2;2;1;42;;2 418,12;;5;OQ;44
02406092;1;2;51;5;3;8;1;60;;0,00;;-1;RU;11
02406092;2;2;51;5;3;8;2;45;;0,00;;-1;GZ;76
02406661;1;2;20;5;1;1;1;39;;1 699,29;238,19;4;MN;84
02409604;1;1;54;4;1;2;1;30;3;4 275,52;1 054,94;6;GZ;75
02410922;1;1;62;4;2;1;1;40;1;3 138,52;;1;FZ;27
02412993;1;1;52;1;1;1;1;32;1;2 056,94;;10;OQ;44
02413709;1;1;50;4;1;1;1;41;;3 253,99;;7;MN;84
02413827;1;1;56;5;1;2;1;42;;2 882,89;999 999,00;9;BE;76
02413995;1;1;55;5;2;1;1;44;;4 006,00;;11;BE;11
02414911;1;2;23;5;1;2;1;99;;985,66;1 544,86;3;FZ;76
02414967;1;1;54;1;2;1;1;37;2;1 438,99;;4;OQ;32
02415029;1;2;31;7;2;3;1;33;;4 684,85;1 539,32;0;RU;11
02416352;1;2;37;5;2;1;2;18;;1 481,90;;4;BE;84
02417502;1;1;59;3;2;1;9;99;;4 932,57;1 119,13;2;GZ;24
02419598;1;2;30;3;1;1;2;12;;2 292,67;;14;GZ;27
02420040;1;2;61;7;2;1;2;21;;1 748,66;2 034,66;2;OQ;11
02420040;2;2;61;7;2;1;2;25;;2 068,17;999 999,00;20;FZ;52
02420379;1;2;29;3;2;1;1;37;;1 777,80;;4;FZ;93
02424914;1;1;47;4;2;1;1;60;;3 807,06;1 339,54;9;OQ;84
02426033;1;2;43;7;1;1;1;40;;999 999,00;2 854,13;6;GZ;76
02426033;2;2;43;7;1;1;2;20;;2 410,67;999 999,00;0;OQ;84
02426728;1;2;54;9;1;2;1;30;;2 411,90;1 421,28;1;GZ;84
02427210;1;2;38;3;1;1;2;18;;1 487,66;795,82;19;OQ;11
02427458;1;1;36;7;1;1;9;35;;3 241,16;2 066,16;12;MN;75
02429052;1;1;27;4;2;1;2;16;;1 340,27;2 647,35;10;MN;76
02429694;1;2;29;6;1;1;2;26;;592,24;;3;JZ;84
02431470;1;2;40;4;2;1;2;20;;1 301,15;1 776,09;4;OQ;84
02432517;1;1;55;4;1;1;1;35;;3 645,18;;2;OQ;32
02433638;1;1;50;3;2;1;1;43;;1 719,98;1 683,68;3;MN;52
02437136;1;2;55;1;1;1;1;43;;1 072,16;910,45;2;RU;44
02440686;1;2;49;7;1;1;1;37;1;4 566,34;;3;AZ;75
02441177;1;2;57;5;2;1;1;39;;3 444,10;;0;JZ;52
02441444;1;2;51;2;1;1;1;30;;3 468,18;;8;OQ;93
02441816;1;1;62;4;2;1;1;37;;1 860,71;1 016,94;4;OQ;75
02442053;1;1;57;5;1;1;1;40;;999 999,00;1 566,31;5;OQ;11
02442053;2;1;57;5;1;1;9;45;1;3 036,76;;0;FZ;75
02442781;1;1;32;3;1;1;1;40;;3 092,21;;3;MN;52
02442986;1;2;32;1;1;1;1;36;;1 470,17;3 954,79;5;OQ;11
02442989;1;1;52;4;2;1;1;36;;1 476,10;1 455,11;1;AZ;52
02445307;1;2;46;4;1;2;1;40;1;1 901,13;;9;MN;44
02446088;1;2;60;6;2;2;1;34;;1 890,73;;13;OQ;28
02446344;1;1;74;1;2;1;1;31;;999 999,00;;1;OQ;44
02447445;1;2;37;7;1;2;1;38;;999 999,00;;5;OQ;76
02449620;1;1;23;4;2;1;1;35;;1 428,15;791,79;4;MN;44
02451332;1;1;42;3;2;1;1;40;;1 570,60;197,29;0;AZ;11
02453491;1;1;28;3;1;2;1;38;;1 534,04;999 999,00;10;OQ;11
02454120;1;2;67;2;1;1;1;32;;4 137,94;;17;MN;52
02454120;2;2;67;2;1;1;2;9;;2 103,77;;2;OQ;93
02454914;1;2;39;7;2;1;1;42;;3 861,52;;10;BE;84
02455141;1;2;22;6;1;1;1;37;;2 699,75;3 515,75;6;GZ;93
02457704;1;2;44;7;2;1;1;46;;999 999,00;1 658,66;2;RU;53
02457704;2;2;44;7;2;1;2;26;;2 286,04;8 177,59;4;GZ;32
02458441;1;1;57;5;1;2;1;43;;3 880,62;;3;MN;24
02458747;1;1;33;6;2;1;1;52;;5 095,43;2 683,18;3;OQ;52
02458747;2;1;33;6;2;2;2;23;;1 261,83;;6;AZ;52
02459907;1;2;32;3;1;2;1;32;;2 855,27;;9;BE;28
02461627;1;1;52;6;1;1;1;51;;10 000,00;860,18;10;OQ;11
02462231;1;2;36;9;1;1;1;40;;1 701,85;;2;GZ;11
02462968;1;1;21;3;1;1;9;39;;2 092,15;637,21;5;GZ;93
02469320;1;1;20;4;1;1;1;34;;1 987,92;694,21;4;GZ;32
02469320;2;1;20;4;1;3;9;99;;720,35;;4;OQ;76
02469493;1;1;49;4;1;1;1;47;;4 256,70;999 999,00;10;RU;32
02469493;2;1;49;4;1;1;1;39;;2 379,05;;1;JZ;32
02469724;1;1;42;6;2;1;1;40;;999 999,00;;1;OQ;11
02470078;1;1;61;3;1;1;1;41;;1 733,65;;5;GZ;11
02470205;1;2;45;5;1;1;1;46;;2 121,35;;3;BE;11
02472101;1;1;40;6;1;1;1;18;;5 250,94;360,80;4;OQ;32
02473056;1;1;36;1;1;1;1;42;;1 970,63;48,19;1;BE;44
02474207;1;2;40;1;2;1;2;29;;2 347,45;;9;OQ;32
02474563;1;1;26;9;2;1;1;34;;1 168,47;1 028,41;0;AZ;27
02475014;1;1;29;3;2;1;1;40;4;2 891,08;;6;GZ;76
02475014;2;1;29;3;2;1;1;31;;999 999,00;;13;MN;11
02475248;1;1;57;5;1;2;1;47;;2 271,94;;0;AZ;44
02477007;1;1;45;9;1;2;9;35;;1 861,75;;1;GZ;84
02479661;1;1;31;5;1;2;1;33;;999 999,00;1 305,29;3;AZ;11
02480957;1;2;45;6;2;1;2;18;;823,44;390,16;2;FZ;24
02482411;1;1;28;5;1;3;1;42;;1 328,32;;3;OQ;27
02482826;1;1;38;2;1;1;1;33;;1 479,87;;4;FZ;24
02483063;1;2;51;3;1;1;1;49;;3 770,18;1 100,41;26;OQ;84
02483558;1;2;24;4;1;1;2;29;;1 030,73;;1;OQ;93
02483558;2;2;24;4;1;1;2;25;;950,48;;5;MN;76
02484955;1;2;29;4;1;1;1;44;;2 391,11;999 999,00;0;GZ;52
02489356;1;2;44;7;1;1;2;30;;5 250,24;;28;OQ;76
02489573;1;2;56;7;1;1;1;40;;6 326,57;;17;OQ;84
02490131;1;1;52;6;1;1;1;52;;4 591,82;;22;BE;75
02490766;1;1;43;6;2;1;1;35;;999 999,00;;8;BE;32
02493376;1;1;23;5;2;2;1;45;;4 207,00;;6;OQ;24
02494879;1;1;24;7;1;2;1;40;;999 999,00;;1;JZ;11
02496040;1;2;33;3;2;1;1;37;;1 269,28;1 645,54;2;BE;75
02496459;1;1;44;1;1;1;1;52;;2 207,54;999 999,00;5;OQ;28
02498072;1;2;53;5;1;1;2;27;4;1 464,13;;1;RU;28
02500143;1;2;40;2;1;1;1;42;;2 498,78;;2;MN;11
02500340;1;1;34;3;1;1;1;40;;2 412,42;449,99;7;HZ;11
02503225;1;1;46;7;1;1;9;25;;2 966,50;;1;GZ;76
02503274;1;1;31;6;2;1;1;38;;2 615,70;;5;MN;28
02503438;1;2;63;3;1;1;1;33;;2 439,40;531,36;27;MN;76
02503682;1;2;29;3;3;8;2;47;2;0,00;;-1;OQ;44
02504204;1;1;26;1;2;1;1;40;;2 783,13;3 891,66;2;AZ;32
02505822;1;1;74;7;1;1;1;44;;4 827,35;;7;BE;93
02507762;1;1;74;4;1;1;1;29;;2 932,18;;0;OQ;11
02508196;1;1;36;3;2;1;1;47;;999 999,00;;3;FZ;27
02508881;1;2;49;3;1;3;1;47;;2 509,96;;2;OQ;53
02509986;1;1;31;4;1;1;9;14;;1 799,88;;0;BE;52
02510460;1;2;51;5;2;1;1;24;;4 020,90;;1;MN;76
02510988;1;1;69;4;1;1;1;45;1;4 685,57;1 114,73;19;OQ;28
02511546;1;1;30;3;1;1;1;27;;1 622,62;1 058,30;6;GZ;93
02512597;1;2;44;7;1;1;2;18;;2 306,22;726,23;9;OQ;11
02513757;1;2;43;6;1;1;1;51;;999 999,00;;2;GZ;44
02514719;1;1;29;6;1;1;9;41;;3 004,50;;1;OQ;76
02517278;1;1;37;4;1;1;2;99;;1 968,86;1 553,50;4;BE;44
02518254;1;1;31;3;3;8;1;58;;0,00;;-1;GZ;28
02521508;1;2;44;4;1;1;2;30;;2 085,25;;15;OQ;24
02521857;1;2;37;7;2;1;1;28;;4 291,55;235,48;9;GZ;27
02522136;1;1;66;5;2;1;1;31;;5 621,55;347,44;1;BE;76
02523563;1;1;22;6;1;2;1;25;1;10 000,00;;5;OQ;75
02524271;1;1;31;5;2;1;9;46;;2 712,22;;2;GZ;84
02524452;1;2;54;4;2;1;9;35;1;2 782,21;186,60;2;AZ;32
02525719;1;2;48;1;1;1;1;35;;1 478,37;;3;MN;75
02528094;1;2;55;7;1;1;1;36;;8 585,47;1 618,29;3;MN;84
02528094;2;2;55;7;1;1;1;30;1;5 694,23;1 946,85;2;OQ;44
02529626;1;1;53;5;1;1;1;44;;2 241,69;;10;GZ;27
02529626;2;1;53;5;1;1;2;21;;999 999,00;1 366,48;1;GZ;84
02531358;1;2;32;4;2;1;1;38;;2 064,53;1 412,78;3;OQ;75
02532397;1;1;31;4;2;1;2;24;;970,82;629,99;2;OQ;44
02532856;1;2;64;7;1;1;9;13;;1 591,11;518,90;6;MN;53
02533251;1;1;20;4;2;1;1;44;4;1 898,22;;4;AZ;28
02534069;1;2;47;3;2;1;1;34;;2 566,55;;7;MN;11
02535726;1;2;29;5;2;1;1;47;;1 643,92;;10;GZ;32
02537501;1;2;50;3;1;1;2;22;;1 004,21;;4;MN;84
02539427;1;1;33;5;2;1;1;39;;3 481,82;511,73;5;OQ;11
02541144;1;1;28;3;1;1;1;43;;1 380,72;1 305,69;7;BE;76
02541144;2;1;28;3;1;1;9;35;;1 710,01;269,47;12;GZ;84
02544684;1;2;60;7;1;1;2;12;;999 999,00;1 486,80;4;BE;44
02546445;1;1;62;9;1;1;1;43;;999 999,00;;13;BE;11
02546445;2;1;62;9;1;1;2;29;;1 543,84;3 541,92;16;HZ;84
02547335;1;2;26;6;3;8;1;52;;0,00;;-1;GZ;32
02547641;1;1;20;1;2;2;1;45;;1 045,72;659,14;4;GZ;27
02549505;1;2;52;3;2;1;1;41;;2 196,52;;15;OQ;84
02549757;1;1;74;1;1;1;2;23;;1 593,84;;0;MN;28
02550844;1;1;32;1;1;1;1;39;;2 012,62;;0;OQ;75
02554461;1;2;52;3;1;1;2;23;;1 991,25;520,69;2;BE;44
02558730;1;1;37;3;1;1;1;43;;740,43;;3;BE;76
02558763;1;2;63;6;1;1;2;25;;3 839,45;;9;OQ;76
02559223;1;2;45;5;1;1;2;14;;999 999,00;2 436,16;5;GZ;76
02563285;1;1;44;9;2;1;9;31;;3 796,45;;8;JZ;11
02563835;1;2;54;2;1;1;1;41;;1 012,73;;3;GZ;93
02565563;1;1;22;2;1;1;9;40;;1 643,88;;2;BE;84
02568123;1;1;36;5;1;1;1;35;;3 008,86;;10;FZ;52
02568123;2;1;36;5;1;1;2;19;;1 556,36;;20;MN;52
02568968;1;1;28;4;1;1;1;30;2;1 597,98;465,80;5;BE;32
02570627;1;2;48;3;2;1;1;31;;2 028,21;;5;MN;75
02571088;1;2;59;1;1;1;1;35;;1 055,28;;0;OQ;52
02571139;1;2;46;1;1;1;2;15;;1 023,26;246,01;4;FZ;84
02571744;1;1;45;6;2;1;1;38;;1 850,18;;1;JZ;11
02573866;1;1;59;3;1;3;1;44;;3 104,56;;3;GZ;84
02573973;1;1;40;9;1;1;1;42;;2 856,32;927,47;11;FZ;44
02575336;1;2;40;2;1;2;1;36;;1 864,88;653,11;14;BE;28
02575807;1;1;21;2;3;8;1;60;;0,00;;-1;RU;84
02576002;1;2;47;4;1;1;2;18;1;1 119,05;204,87;2;BE;84
02576179;1;2;61;9;1;1;2;12;4;1 132,81;141,01;7;JZ;53
02576787;1;2;44;2;2;1;1;37;;1 244,88;;10;OQ;27
02578225;1;1;45;3;2;1;2;26;;999 999,00;;7;MN;32
02580043;1;2;57;3;1;1;1;25;;2 873,56;;13;BE;44
02580043;2;2;57;3;1;1;2;29;;2 029,52;382,19;10;AZ;24
02580230;1;2;34;3;1;1;1;39;;2 792,17;;3;OQ;93
02580528;1;2;30;3;1;2;1;43;;2 444,56;;6;GZ;11
02580812;1;2;27;4;1;1;1;37;;2 278,47;2 494,71;11;OQ;84
02588323;1;2;31;7;1;1;1;47;1;2 196,76;;1;OQ;11
02588571;1;1;31;3;1;1;1;33;;3 429,71;;1;BE;44
02590486;1;2;46;1;1;2;1;32;;1 443,80;1 343,71;5;BE;76
02591581;1;2;38;7;2;1;2;25;1;1 753,36;;6;OQ;32
02591936;1;1;47;7;1;1;2;28;;1 641,28;244,86;4;GZ;75
02593849;1;2;55;4;1;1;1;44;;2 209,20;;4;OQ;11
02593849;2;2;55;4;1;2;2;28;;1 435,07;;7;RU;11
02594804;1;2;74;4;1;1;2;13;;1 187,06;528,84;3;GZ;76
02594841;1;2;54;7;1;1;1;39;;3 428,26;999 999,00;24;RU;52
02597305;1;2;40;1;1;1;2;10;;857,35;371,52;0;GZ;44
02598208;1;1;38;6;1;1;1;39;;8 752,69;2 326,37;4;GZ;84
02598753;1;2;53;9;1;1;2;28;;1 367,21;;11;BE;11
02602124;1;2;28;4;2;1;1;32;;2 543,09;1 740,44;4;OQ;27
02604639;1;1;54;2;1;1;1;38;;2 452,47;2 552,44;1;OQ;53
02604751;1;2;20;3;1;2;2;23;;1 027,80;1 563,04;4;GZ;11
02607168;1;1;45;2;1;1;1;38;;2 698,36;1 192,66;4;GZ;32
02607544;1;2;33;3;1;1;1;40;1;3 014,51;;5;JZ;75
02609045;1;1;52;4;2;1;1;37;;1 554,00;;7;GZ;32
02610237;1;1;59;1;1;1;1;38;;2 149,29;;4;FZ;44
02610237;2;1;59;1;1;2;2;15;;1 929,79;;10;RU;28
02610247;1;2;38;4;1;1;2;8;;999 999,00;;4;MN;84
02612225;1;2;40;4;1;1;2;10;;999 999,00;1 246,95;0;FZ;93
02614605;1;2;46;6;1;9;2;15;;1 670,49;;2;GZ;11
02615143;1;2;52;9;1;1;1;35;;1 914,63;539,58;1;BE;93
02616719;1;2;34;1;1;1;1;48;;909,29;492,36;1;RU;24
02617833;1;1;43;6;1;1;1;35;;3 924,27;;4;BE;75
02619734;1;2;45;4;1;1;2;30;;1 468,47;881,61;1;OQ;53
02619910;1;2;31;5;1;2;1;37;;999 999,00;;4;MN;44
02622008;1;1;56;6;1;2;1;43;;3 988,32;2 935,03;4;MN;11
02624032;1;2;66;3;2;1;1;41;1;2 133,32;2 155,84;3;MN;28
02624032;2;2;66;3;2;1;2;13;;2 835,69;599,27;13;AZ;11
02628549;1;1;26;2;1;1;1;33;;1 530,90;;10;RU;76
02629947;1;2;38;4;1;2;1;37;;2 086,07;;2;JZ;93
02630132;1;1;49;1;2;1;1;32;;1 532,80;200,98;3;BE;75
02632583;1;2;25;5;1;9;2;9;2;2 243,43;;9;MN;84
02634813;1;1;58;7;1;1;1;37;;5 914,76;;3;GZ;84
02634813;2;1;58;7;1;1;1;40;;999 999,00;;1;MN;76
02637450;1;1;20;3;1;1;1;99;;1 801,64;1 969,88;4;BE;93
02638118;1;2;54;2;1;2;2;21;;881,80;;3;GZ;75
02638118;2;2;54;2;1;2;1;47;;4 973,63;;7;GZ;52
02639890;1;1;46;7;1;3;1;99;;3 315,95;970,75;1;OQ;44
02642213;1;1;46;4;1;2;1;43;;2 808,16;2 008,10;8;BE;75
02643354;1;1;50;7;1;1;1;42;;3 753,47;;28;OQ;52
02645630;1;2;44;1;1;1;1;44;;2 342,01;4 639,07;6;JZ;27
02646013;1;2;44;6;1;1;1;35;;8 128,39;2 960,17;5;OQ;27
02646121;1;1;43;3;2;1;1;31;;2 165,61;4 825,63;3;GZ;11
02647201;1;1;64;4;1;1;1;49;;2 663,69;;5;BE;28
02648219;1;1;27;3;1;1;1;36;;1 849,51;1 530,90;7;GZ;75
02651844;1;1;25;9;1;1;1;99;;2 088,12;181,49;9;HZ;53
02651844;2;1;25;9;1;1;1;99;;2 369,72;;2;HZ;27
02652371;1;1;40;3;1;1;1;39;;2 078,85;;11;OQ;84
02652605;1;1;31;1;2;1;1;35;5;2 116,65;927,15;3;HZ;32
02652722;1;2;44;3;1;1;2;10;;1 322,24;;1;OQ;27
02653349;1;1;29;1;2;1;1;43;;2 498,05;;13;MN;11
02653634;1;1;28;4;1;1;9;44;;4 335,80;;7;FZ;11
02653634;2;1;28;4;1;1;2;18;;1 495,33;;5;GZ;93
02654993;1;2;38;1;1;1;1;32;;2 998,45;;10;GZ;84
02655508;1;1;42;6;3;8;1;35;;0,00;;-1;HZ;11
02655988;1;2;43;5;1;1;1;41;;2 287,71;;5;OQ;32
02655988;2;2;43;5;1;1;1;51;;1 958,01;;1;JZ;84
02656563;1;1;24;6;1;2;1;31;;4 146,87;;2;OQ;75
02659558;1;2;56;5;3;8;1;49;;0,00;;-1;GZ;11
02661095;1;2;44;3;1;1;1;36;;999 999,00;696,83;6;RU;24
02661095;2;2;44;3;1;1;1;40;;4 145,01;1 104,07;2;RU;53
02661528;1;1;33;4;1;1;1;36;;1 501,44;;0;OQ;24
02663918;1;1;50;3;1;2;1;32;;2 947,37;629,61;12;AZ;93
02666381;1;2;50;5;1;2;1;43;1;5 778,49;;3;OQ;76
02667016;1;2;23;5;2;1;2;30;;2 336,93;;7;FZ;11
02667726;1;1;63;9;1;2;1;39;;999 999,00;3 427,70;5;MN;11
02670190;1;2;42;7;2;1;1;32;;999 999,00;;9;BE;11
02670190;2;2;42;7;2;1;2;12;;1 190,09;2 136,84;2;MN;24
02671530;1;2;61;6;2;2;1;40;;999 999,00;;6;OQ;93
02672807;1;1;28;6;1;1;1;41;;2 461,83;430,79;4;RU;53
02673018;1;1;28;4;1;1;1;52;;2 895,17;;4;MN;44
02673265;1;1;53;3;1;1;1;29;;2 691,69;;1;RU;76
02673773;1;1;20;1;3;8;1;58;;0,00;;-1;MN;11
02675463;1;1;60;2;1;2;9;38;;3 016,55;1 337,38;5;MN;76
02676252;1;2;63;4;3;8;2;23;;0,00;;-1;OQ;76
02678769;1;2;34;9;1;1;1;41;;2 713,25;999 999,00;2;OQ;44
02679790;1;2;43;5;1;2;1;49;;3 386,00;;8;OQ;84
02680490;1;1;23;7;3;8;1;47;;0,00;;-1;HZ;52
02681210;1;2;46;7;1;2;2;19;;2 592,90;1 068,23;2;MN;11
02681710;1;1;39;7;3;8;1;46;;0,00;;-1;BE;52
02683953;1;2;57;6;3;8;2;49;;0,00;;-1;OQ;84
02684655;1;1;49;1;2;1;1;39;5;2 395,45;265,12;2;GZ;52
02685982;1;1;44;6;1;1;9;44;;3 283,57;;10;OQ;28
02686467;1;1;26;4;1;3;1;31;;1 554,31;1 199,23;1;FZ;44
02687366;1;1;47;6;2;1;1;46;;5 251,59;264,83;19;GZ;93
02687556;1;1;28;1;2;1;1;37;;2 692,84;;0;OQ;11
02688859;1;2;56;3;1;1;2;15;;999 999,00;3 968,94;1;RU;32
02692726;1;1;20;4;1;1;1;41;;1 232,90;;4;GZ;84
02694967;1;2;35;3;1;1;2;11;;717,64;829,73;2;OQ;84
02695612;1;1;68;5;1;1;1;44;;8 587,75;207,00;31;OQ;76
02696167;1;2;61;3;3;8;1;58;;0,00;;-1;GZ;32
02696256;1;2;71;4;1;1;1;26;;2 392,41;181,99;18;OQ;44
02697121;1;1;50;6;1;1;1;45;1;3 269,28;2 099,37;17;BE;84
02697312;1;2;30;5;1;1;2;27;;1 532,04;;14;BE;84
02697312;2;2;30;5;1;1;2;9;;1 282,86;573,40;5;OQ;11
02697931;1;1;27;6;1;1;1;60;;5 613,57;;11;BE;75
02697954;1;2;46;5;3;8;1;56;;0,00;;-1;OQ;75
02698260;1;1;38;5;1;1;1;42;;1 509,88;;1;JZ;75
02698353;1;1;59;6;1;1;1;37;;2 213,21;;1;OQ;84
02699296;1;1;43;6;2;9;1;52;;6 481,10;;9;MN;84
02700820;1;1;27;2;1;2;1;38;1;1 949,07;999 999,00;8;RU;44
02701075;1;1;46;4;2;3;1;23;2;2 782,23;;0;OQ;32
02701336;1;1;34;7;1;1;1;33;5;10 000,00;1 069,78;2;OQ;11
02701336;2;1;34;7;1;1;2;12;;3 361,10;;6;MN;93
02702013;1;1;41;9;1;1;1;24;;2 045,84;1 683,13;1;OQ;93
02702171;1;2;61;7;1;1;1;37;;5 065,40;999 999,00;6;GZ;84
02702200;1;2;15;4;1;1;2;99;1;680,81;999 999,00;0;BE;11
02702690;1;1;59;3;1;1;1;45;;2 141,53;;1;FZ;76
02704358;1;2;35;1;1;9;2;25;1;1 684,88;4 282,90;19;AZ;27
02706745;1;2;52;3;2;1;1;41;;2 719,67;509,67;14;BE;44
02707741;1;2;26;5;1;2;9;25;;2 836,16;;5;GZ;32
02708592;1;1;26;4;1;1;1;30;2;1 523,71;;1;GZ;76
02708653;1;1;39;7;1;1;1;33;;2 941,07;1 273,89;2;MN;93
02709410;1;2;46;4;1;1;1;22;;3 097,09;;0;GZ;75
02710255;1;2;57;7;1;1;2;9;;1 537,56;4 243,91;4;BE;76
02713044;1;2;22;7;1;1;2;25;;2 801,44;;0;OQ;32
02713478;1;2;53;5;1;1;9;60;;3 620,67;3 120,10;16;OQ;28
02713764;1;1;42;3;3;8;1;59;;0,00;;-1;HZ;93
02713978;1;2;48;5;1;1;1;37;;2 098,57;;4;OQ;32
02716107;1;2;46;4;1;2;1;33;;2 771,64;;6;HZ;44
02717026;1;1;29;7;1;1;1;36;;3 559,03;;4;RU;52
02718398;1;1;45;3;1;1;1;48;;2 942,35;1 580,79;1;GZ;24
02718709;1;2;41;7;2;1;2;17;;1 739,03;137,41;5;BE;11
02721740;1;1;49;7;2;1;1;38;;2 485,09;;1;OQ;11
02722337;1;2;55;3;1;1;9;50;;1 167,00;;8;OQ;93
02723182;1;1;56;3;1;1;1;32;;2 684,82;511,33;5;GZ;11
02724922;1;1;34;4;2;1;1;37;;1 861,61;947,39;6;OQ;11
02724968;1;2;35;3;1;3;1;35;;1 556,89;1 656,21;1;GZ;11
02726304;1;1;52;1;1;1;1;42;;2 749,95;615,79;4;OQ;11
02726809;1;1;26;5;3;8;2;32;;0,00;;-1;BE;44
02726833;1;1;51;3;3;8;1;56;1;0,00;;-1;MN;44
02727246;1;1;32;4;1;1;2;24;;1 256,42;349,80;4;HZ;27
02728521;1;1;29;5;2;1;1;43;;2 929,17;905,63;4;MN;11
02728541;1;2;54;7;3;8;2;46;;0,00;;-1;BE;93
02730068;1;1;45;3;2;1;1;28;;4 364,91;;5;GZ;93
02730109;1;2;54;7;1;1;1;34;;4 770,98;2 516,98;14;BE;11
02731102;1;1;37;7;1;3;1;37;;1 993,01;;2;HZ;84
02732081;1;2;46;1;1;1;9;44;;2 028,28;554,24;12;HZ;84
02733464;1;1;55;4;1;1;1;32;;4 712,89;2 836,99;7;BE;84
02735266;1;2;26;4;1;1;1;37;;1 662,49;;2;GZ;11
02735412;1;1;58;3;1;1;1;35;;4 573,08;;7;OQ;11
02737448;1;1;43;7;1;2;1;44;;5 778,44;;2;JZ;11
02738419;1;1;35;5;1;3;1;41;;999 999,00;1 176,60;7;HZ;84
02738860;1;2;57;7;1;1;1;39;;4 466,53;377,61;4;GZ;93
02739414;1;2;23;1;2;1;1;31;;943,39;;1;BE;44
02739453;1;1;61;4;1;1;1;29;;3 757,38;;1;OQ;32
02740434;1;2;23;6;2;1;2;23;;947,15;;7;AZ;53
02741485;1;1;22;5;1;1;1;99;;2 464,78;1 104,12;6;BE;11
02741485;2;1;22;5;1;1;2;16;;1 861,63;2 169,59;2;GZ;76
02741599;1;1;26;1;1;1;1;48;;1 981,89;;10;GZ;24
02746034;1;2;46;5;1;3;9;37;;2 967,32;;18;OQ;93
02746138;1;1;61;5;2;1;1;33;;3 274,94;;0;MN;11
02747061;1;1;42;3;1;1;1;32;;2 077,16;715,65;4;BE;52
02747842;1;1;38;4;1;1;1;47;;2 949,92;;1;JZ;11
02748604;1;1;35;3;1;1;1;42;;2 924,73;531,51;0;HZ;11
02748659;1;1;56;3;2;1;1;38;;2 256,48;;16;OQ;53
02748845;1;2;39;3;3;8;1;60;;0,00;;-1;OQ;84
02749986;1;1;22;3;1;1;1;44;;2 075,74;;1;BE;75
02751977;1;1;34;7;1;3;1;19;;2 517,77;738,93;18;GZ;27
02754452;1;2;23;5;1;2;1;35;;2 624,51;;6;GZ;53
02754979;1;1;24;6;2;2;1;33;;2 035,50;;4;GZ;27
02754979;2;1;24;6;2;1;1;45;;999 999,00;1 024,17;8;RU;24
02756117;1;2;26;5;1;2;1;32;;1 581,52;;1;HZ;44
02756212;1;2;58;3;1;1;2;21;;683,43;1 171,81;2;OQ;93
02756394;1;2;25;4;1;1;1;38;;1 920,40;;6;AZ;28
02757775;1;1;31;7;2;1;1;39;;2 763,29;982,00;4;AZ;32
02758399;1;1;60;3;1;1;9;39;;4 259,72;876,51;0;HZ;27
02759029;1;1;63;4;1;1;1;35;;4 284,63;;9;OQ;11
02759618;1;1;72;5;1;1;1;36;;3 328,16;;30;HZ;76
02759618;2;1;72;5;1;1;1;27;;2 245,04;;3;JZ;28
02761571;1;2;20;5;1;2;1;50;;3 661,41;421,29;4;GZ;11
02762004;1;1;33;7;2;1;9;33;;2 891,70;;4;HZ;11
02762853;1;2;46;7;2;1;2;10;;1 136,57;654,48;2;BE;52
02766412;1;2;52;5;1;1;1;38;;4 053,48;2 117,00;4;FZ;75
02769159;1;2;32;3;2;1;1;42;;1 546,75;310,94;7;OQ;52
02769953;1;2;46;3;3;8;2;25;;0,00;;-1;OQ;52
02771462;1;1;28;1;1;1;1;43;;1 957,44;2 213,19;3;BE;11
02772890;1;2;31;2;1;1;2;14;;821,11;;14;OQ;44
02773091;1;1;53;3;2;1;1;46;;3 126,82;;1;JZ;32
02773150;1;1;35;6;1;1;1;35;1;2 369,69;;5;JZ;84
02774077;1;1;21;7;1;1;2;11;;1 951,81;1 483,90;2;GZ;32
02774807;1;2;24;4;2;1;1;33;;1 743,67;;2;MN;44
02776626;1;2;33;4;1;1;1;37;;2 367,20;;1;GZ;84
02776794;1;1;43;1;1;1;2;8;;1 109,48;1 088,57;1;HZ;11
02776966;1;2;58;9;1;1;2;20;;1 373,55;2 212,18;6;BE;28
02782771;1;1;25;7;1;1;1;43;4;3 327,43;536,54;6;MN;76
02785560;1;2;35;3;1;1;2;26;;729,59;1 270,74;0;JZ;32
02788427;1;1;50;4;3;8;1;60;;0,00;;-1;BE;27
02788427;2;1;50;4;3;8;2;34;;0,00;;-1;RU;53
02789402;1;2;61;7;2;1;1;37;;3 209,62;;6;MN;32
02789739;1;2;30;4;1;1;1;33;2;1 883,97;999 999,00;1;BE;32
02789756;1;2;30;3;1;1;1;37;;2 381,86;;2;BE;28
02790016;1;1;26;7;1;1;1;34;2;999 999,00;1 307,52;10;HZ;76
02791834;1;1;50;7;1;2;1;43;1;4 721,97;1 470,47;6;OQ;24
02793945;1;1;48;4;1;1;1;29;;3 193,07;657,13;22;OQ;84
02794219;1;1;64;7;1;1;1;35;5;2 778,95;;19;BE;75
02795353;1;2;32;1;3;8;1;60;;0,00;;-1;OQ;28
02795678;1;2;27;7;1;1;1;40;;2 547,51;2 615,14;11;RU;75
02796356;1;1;50;3;1;1;1;40;;5 064,89;272,85;10;OQ;11
02800958;1;1;54;3;1;1;1;28;;2 448,75;;2;OQ;28
02803830;1;1;27;3;2;1;1;38;;1 160,99;;2;OQ;28
02808175;1;1;48;1;2;2;1;37;;2 271,90;1 181,10;0;GZ;76
02809459;1;2;64;4;1;1;2;14;;2 237,99;;12;MN;44
02810204;1;1;64;3;1;1;1;50;;999 999,00;;6;FZ;32
02812814;1;1;40;4;1;1;2;99;;1 014,72;;3;BE;28
02814535;1;2;59;6;3;8;2;39;;0,00;;-1;BE;44
02817158;1;2;47;5;1;1;1;47;;2 903,85;482,97;8;MN;93
02817323;1;1;64;4;2;1;1;37;;2 352,32;2 258,86;12;OQ;84
02818963;1;1;54;4;3;8;1;55;;0,00;;-1;JZ;11
02819040;1;2;21;3;2;1;2;19;;1 181,88;381,15;5;OQ;27
02821408;1;2;63;7;1;1;2;17;;3 055,66;;2;GZ;84
02821613;1;2;52;3;1;9;1;41;;1 964,70;;6;BE;11
02822720;1;2;46;1;1;1;2;8;;1 841,89;;9;BE;11
02822871;1;2;23;2;1;1;1;34;;2 033,76;1 111,97;1;AZ;28
02822871;2;2;23;2;1;1;1;36;1;2 439,00;754,27;2;OQ;11
02824088;1;1;53;9;1;1;1;25;;2 177,10;;5;GZ;76
02824088;2;1;53;9;1;2;2;16;;1 326,83;2 352,41;2;MN;44
02824385;1;1;51;6;1;2;1;37;1;2 542,38;999 999,00;4;GZ;32
02825086;1;2;40;3;1;2;1;34;;2 380,19;;21;FZ;11
02825089;1;1;28;6;1;1;1;34;;3 240,39;;0;BE;84
02825089;2;1;28;6;1;1;2;15;;999 999,00;967,30;3;OQ;11
02825894;1;1;64;7;1;2;1;38;;2 954,27;;2;OQ;84
02825894;2;1;64;7;1;2;9;17;;3 324,14;;23;BE;28
02827399;1;2;56;6;3;8;2;34;1;0,00;999 999,00;-1;MN;32
02827459;1;1;23;3;1;2;1;35;1;2 357,92;640,33;2;BE;28
02828489;1;1;34;4;1;1;1;36;;1 264,68;1 239,40;10;BE;24
02829084;1;2;36;3;3;8;2;37;;0,00;;-1;OQ;11
02829916;1;2;40;7;1;1;2;24;2;2 493,18;;16;GZ;11
02830847;1;2;40;5;1;3;1;39;;2 641,02;4 008,24;5;BE;84
02833504;1;1;47;5;2;1;1;60;;3 403,92;;1;OQ;28
02834802;1;2;63;3;1;1;1;33;;3 283,62;1 561,70;1;GZ;44
02834802;2;2;63;3;1;1;2;17;;2 324,44;;4;GZ;75
02835494;1;2;28;1;1;1;9;24;;1 042,11;716,08;1;AZ;52
02835775;1;1;61;4;1;1;1;60;;3 023,37;378,00;9;BE;52
02836172;1;2;59;3;2;1;1;34;;1 485,77;245,15;11;GZ;75
02836428;1;2;43;7;1;1;1;35;;2 217,11;1 493,31;6;OQ;84
02837079;1;1;39;3;1;1;2;24;;1 197,76;;1;MN;44
02838605;1;1;40;3;2;1;1;28;;3 929,38;377,65;2;RU;52
02838830;1;1;40;1;1;1;1;37;;3 175,32;;2;OQ;53
02838874;1;1;56;1;1;1;2;23;;2 015,74;491,10;1;BE;84
02838874;2;1;56;1;1;1;2;10;;1 041,11;1 339,11;3;BE;84
02838951;1;1;54;3;1;1;1;40;;2 380,99;554,11;2;MN;44
02841651;1;2;22;4;1;2;9;25;;999 999,00;;1;BE;52
02841829;1;1;61;1;1;1;1;46;;1 074,60;;2;GZ;93
02841829;2;1;61;1;1;1;1;23;;2 972,52;219,75;8;BE;84
02842304;1;2;54;4;1;1;1;49;;4 185,12;2 007,31;3;JZ;11
02842586;1;1;49;7;1;1;2;10;;2 115,65;944,02;1;OQ;28
02843042;1;1;28;6;1;1;1;37;;3 332,74;;11;OQ;44
02844395;1;2;35;9;1;1;1;40;;3 316,56;;2;OQ;44
02847648;1;2;41;3;1;1;1;50;;2 683,12;435,60;4;OQ;11
02850534;1;2;28;6;1;1;1;45;;5 327,15;4 088,85;12;BE;76
02851283;1;2;42;3;3;8;1;52;;0,00;;-1;AZ;24
02851907;1;2;35;5;1;2;1;28;;3 620,38;566,77;1;MN;11
02855849;1;1;20;3;1;9;1;38;;2 068,90;466,07;4;OQ;52
02858424;1;1;26;3;2;1;1;35;;2 480,01;676,94;5;MN;28
02858424;2;1;26;3;2;1;2;8;;2 372,96;;7;BE;93
02858434;1;1;52;3;1;1;1;49;;3 165,00;;1;GZ;52
02858720;1;1;41;7;3;8;1;49;;0,00;999 999,00;-1;BE;44
02858882;1;1;37;2;1;1;1;39;;1 541,53;;10;GZ;93
02863301;1;1;46;3;2;1;1;38;;3 503,36;;9;JZ;76
02868988;1;2;65;4;1;1;2;16;;1 152,75;;3;GZ;28
02873211;1;1;40;9;2;1;9;45;;2 254,60;;15;OQ;84
02873211;2;1;40;9;2;2;2;28;;1 717,04;1 039,72;16;MN;24
02874654;1;1;53;3;2;1;1;41;;2 932,38;;3;HZ;32
02874654;2;1;53;3;2;1;2;20;;1 702,20;;14;AZ;11
02878128;1;2;51;9;1;1;1;36;;2 738,40;798,06;7;RU;32
02878621;1;1;57;1;1;2;1;39;;1 903,44;;3;MN;11
02878621;2;1;57;1;1;3;1;35;;2 013,64;;18;JZ;76
02878945;1;1;33;3;1;2;1;47;1;1 570,33;504,02;0;MN;44
02879908;1;1;53;7;1;1;1;31;1;4 806,12;1 562,14;9;OQ;52
02879964;1;2;59;4;1;9;1;45;;6 477,74;;4;MN;52
02882155;1;1;58;7;2;1;1;48;1;4 458,31;;4;JZ;84
02884504;1;2;41;4;2;1;1;30;;999 999,00;;1;MN;24
02885679;1;1;38;1;1;2;1;35;;3 557,11;;3;HZ;27
02888066;1;2;23;1;1;1;1;29;4;962,56;1 356,73;1;MN;84
02889533;1;2;26;4;1;1;1;35;;1 889,41;999 999,00;0;GZ;76
02890837;1;1;48;5;1;2;2;23;3;1 747,72;1 270,70;12;GZ;28
02891232;1;2;57;3;1;1;2;21;;1 323,28;2 842,34;1;OQ;11
02891581;1;2;53;7;1;1;2;13;;2 028,10;999 999,00;3;BE;44
02891589;1;2;39;1;1;1;1;35;;1 551,82;999 999,00;0;OQ;52
02892107;1;2;63;1;1;1;1;43;;1 365,19;;1;MN;76
02892621;1;1;48;7;1;1;1;29;;3 563,45;1 568,92;4;RU;53
02894490;1;2;29;6;1;1;9;32;;3 018,08;;13;GZ;32
02894990;1;2;51;3;1;1;9;44;;1 440,11;;2;JZ;53
02897797;1;2;55;6;2;1;1;28;;3 795,24;;2;GZ;75
02899098;1;1;70;9;1;1;1;35;2;2 497,59;;1;BE;24
02899738;1;1;50;2;1;1;1;40;;1 627,90;1 102,90;5;FZ;84
02901508;1;2;51;7;1;9;1;29;;2 989,95;2 830,73;12;OQ;84
02901728;1;2;53;2;1;1;1;42;;2 107,61;1 978,48;12;JZ;11
02901977;1;1;34;2;1;1;1;40;;1 614,53;5 017,92;3;BE;27
02905795;1;1;40;2;1;9;1;41;;1 936,20;;3;MN;11
02906018;1;1;53;3;1;2;1;31;;1 994,69;;6;GZ;11
02907990;1;2;28;3;2;1;1;34;1;3 371,22;951,01;10;OQ;44
02909216;1;1;35;4;1;1;1;33;;2 507,46;583,38;16;MN;32
02909216;2;1;35;4;1;1;1;42;;1 811,09;;1;OQ;44
02910684;1;2;51;6;2;9;1;43;;4 993,86;1 686,01;1;HZ;75
02911769;1;1;56;7;1;1;1;38;;2 669,65;;14;OQ;52
02912170;1;2;21;4;2;1;1;34;;1 731,87;642,81;5;GZ;27
02912503;1;2;21;5;1;1;1;27;;3 757,51;;5;RU;28
02914599;1;1;42;1;1;1;1;50;;1 768,16;725,36;2;RU;75
02916411;1;1;64;2;1;1;1;40;;3 008,13;1 076,08;2;OQ;53
02917618;1;2;38;3;2;2;2;23;;1 170,71;;8;OQ;76
02921110;1;2;50;3;1;1;2;21;;993,43;;1;GZ;84
02921923;1;1;40;6;1;1;1;48;;10 000,00;;6;MN;84
02923841;1;1;39;3;3;8;1;60;;0,00;;-1;JZ;11
02926131;1;1;20;7;2;2;1;30;;3 007,36;;4;HZ;52
02926141;1;2;40;5;1;1;1;35;;2 777,65;415,07;1;OQ;75
02926202;1;1;31;6;2;1;1;31;;999 999,00;416,67;3;JZ;11
02929026;1;2;36;1;1;1;1;41;;1 682,73;;3;MN;93
02929026;2;2;36;1;1;1;2;24;;837,50;4 328,11;4;GZ;11
02931479;1;1;57;3;3;8;1;52;;0,00;;-1;BE;76
02934339;1;2;24;7;2;1;1;39;;2 812,77;273,06;8;HZ;11
02935522;1;1;33;4;2;1;1;26;;4 873,27;;17;RU;44
02935800;1;2;61;2;1;1;1;42;;2 688,43;567,57;25;OQ;28
02936339;1;2;40;6;1;1;9;99;;3 061,88;;1;OQ;32
02937756;1;1;48;3;3;8;1;51;;0,00;;-1;RU;76
02937756;2;1;48;3;3;8;2;21;;0,00;;-1;GZ;84
02940320;1;2;34;7;1;1;1;51;;1 985,15;;15;OQ;28
02940410;1;1;31;4;1;1;1;33;;3 011,35;;1;FZ;11
02941377;1;1;42;3;1;1;1;37;;1 747,66;;2;BE;11
02942444;1;2;56;3;1;1;2;22;;991,37;;9;OQ;75
02942444;2;2;56;3;1;1;2;13;;2 408,43;1 260,19;11;JZ;32
02943281;1;2;33;2;1;1;1;38;;2 127,24;1 925,47;4;BE;52
02945143;1;2;56;4;1;1;9;31;;2 735,11;999 999,00;1;OQ;11
02950178;1;1;23;6;1;1;1;37;;1 988,21;;0;RU;75
02951291;1;1;59;6;1;1;1;46;;2 761,71;;1;HZ;52
02951345;1;1;38;5;3;8;1;53;;0,00;;-1;GZ;93
02954607;1;2;58;4;2;1;1;39;;999 999,00;1 660,58;4;BE;52
02954607;2;2;58;4;2;1;2;14;;1 508,58;1 560,80;1;OQ;24
02955123;1;1;52;6;2;1;1;30;;4 800,09;;3;HZ;11
02955123;2;1;52;6;2;1;1;35;;4 592,84;;15;OQ;28
02959320;1;2;21;5;1;1;1;41;;2 302,79;;5;OQ;11
02961298;1;2;36;1;3;8;1;58;;0,00;;-1;FZ;75
02961298;2;2;36;1;3;8;2;18;;0,00;;-1;BE;84
02962036;1;2;27;1;1;1;1;34;;1 153,36;;1;OQ;11
02963230;1;1;53;3;1;1;9;37;;3 156,16;;6;OQ;75
02964066;1;1;21;9;1;1;1;47;;1 870,42;;4;MN;84
02965323;1;1;24;3;2;1;1;43;;2 115,16;;1;AZ;11
02965889;1;2;49;1;1;1;1;30;;1 582,06;999 999,00;3;RU;76
02967681;1;1;25;2;1;1;1;35;;2 115,84;3 290,65;2;GZ;11
02971611;1;2;40;1;1;1;1;36;;2 160,91;1 140,77;14;OQ;93
02971646;1;2;39;7;2;3;1;42;;3 471,59;;3;AZ;93
02973967;1;1;59;4;1;1;1;38;;4 547,14;2 865,96;8;HZ;32
02975934;1;2;46;2;2;1;1;33;;3 021,73;1 361,64;2;MN;11
02976653;1;1;59;4;1;1;1;29;1;2 869,82;515,79;6;AZ;84
02977079;1;1;31;5;1;1;1;42;;2 360,56;913,29;0;JZ;27
02980444;1;2;24;7;2;1;1;25;;2 399,95;;5;FZ;32
02981590;1;2;34;6;1;1;1;51;;3 077,57;296,70;3;RU;75
02983453;1;1;51;3;1;3;1;39;;4 029,59;423,35;1;OQ;11
02984855;1;2;49;6;1;1;9;43;;2 453,98;4 592,24;10;OQ;24
02984980;1;1;31;3;3;8;1;60;;0,00;999 999,00;-1;OQ;44
02986080;1;1;59;3;2;2;1;35;1;3 115,85;999 999,00;10;BE;84
02987070;1;2;40;5;3;8;1;50;;0,00;999 999,00;-1;RU;53
02988235;1;2;28;4;2;1;2;9;;864,97;;1;JZ;27
02988498;1;2;45;3;1;1;1;99;;5 712,66;661,99;9;GZ;11
02990033;1;2;21;4;2;1;1;38;2;1 699,07;;3;BE;84
02990127;1;2;51;5;2;1;1;45;;1 762,87;1 476,60;10;BE;84
02990454;1;2;49;2;1;1;1;29;;2 248,37;4 457,83;11;BE;44
02991059;1;2;54;4;1;1;2;14;;1 010,33;988,28;5;FZ;24
02991695;1;2;58;6;1;1;1;44;;5 536,99;;3;OQ;28
02992433;1;1;48;6;1;1;1;36;;3 700,03;2 685,35;3;BE;11
02992884;1;2;26;1;1;1;2;12;;1 000,41;3 184,60;5;OQ;93
02995273;1;2;42;2;1;1;1;30;;1 232,16;374,28;5;AZ;84
02996070;1;1;60;6;3;8;9;60;1;0,00;;-1;OQ;44
02996175;1;1;54;5;1;1;1;41;;3 638,58;1 547,61;5;BE;11
02997637;1;1;25;5;2;1;1;30;;2 808,77;339,10;6;BE;11
02997926;1;1;60;7;1;2;1;43;;7 667,50;999 999,00;19;RU;93
02998103;1;2;62;7;1;1;1;36;;3 391,28;1 617,14;9;GZ;28
02999930;1;1;44;6;1;1;1;39;;3 880,21;;19;OQ;93
03000071;1;2;37;5;1;1;1;36;;2 052,10;;4;GZ;11
03000228;1;1;32;4;1;1;1;39;2;2 341,08;;7;BE;44
03001861;1;2;47;9;1;1;1;45;;3 784,60;801,15;22;OQ;27
03002587;1;1;64;2;1;1;1;41;;4 590,78;;5;GZ;76
03006463;1;2;31;5;1;2;2;9;;720,47;;0;OQ;32
03007699;1;1;34;1;1;1;1;47;;1 825,39;;3;GZ;44
03007792;1;2;63;1;2;1;1;99;;1 704,62;1 856,21;2;GZ;28
03007937;1;1;49;6;2;1;1;29;;1 759,00;5 522,52;3;GZ;11
03009598;1;1;20;3;3;8;1;60;;0,00;;-1;MN;11
03010626;1;2;29;1;1;1;1;27;;1 368,55;;3;RU;93
03011318;1;1;28;6;2;1;1;36;1;3 143,38;;10;OQ;32
03012692;1;2;32;3;1;1;1;35;1;1 581,51;;6;MN;52
03013165;1;2;47;2;2;2;1;37;;2 142,04;;0;RU;44
03014296;1;2;48;5;1;1;2;11;;1 391,33;;5;OQ;28
03017242;1;1;64;7;1;1;1;38;;999 999,00;999 999,00;3;MN;75
03017242;2;1;64;7;1;2;2;16;;2 295,22;;12;HZ;76
03017749;1;1;51;3;1;1;1;41;;3 087,57;999 999,00;2;GZ;44
03019489;1;2;29;1;1;1;2;9;;505,59;999 999,00;4;OQ;11
03019939;1;1;53;6;1;1;1;37;;2 249,00;;3;GZ;84
03020334;1;2;52;7;1;1;1;52;;999 999,00;;3;MN;11
03022203;1;2;41;3;2;1;1;33;;3 155,60;3 511,51;8;OQ;75
03023177;1;2;33;6;1;1;1;40;;2 558,51;;1;GZ;32
03027167;1;2;46;4;2;1;2;26;;2 005,50;2 370,18;8;OQ;52
03027493;1;1;38;3;1;2;1;40;;4 338,60;;4;HZ;28
03031713;1;2;59;5;1;2;2;18;;4 023,67;999 999,00;18;GZ;28
03031884;1;2;44;4;1;1;1;48;;2 802,92;1 178,27;15;OQ;76
03031884;2;2;44;4;1;1;1;36;;2 204,49;5 082,56;9;GZ;52
03033965;1;2;21;1;1;1;1;32;;944,79;;1;MN;24
03034284;1;2;59;3;2;1;1;27;;2 532,82;;3;OQ;11
03037941;1;1;39;4;1;1;1;37;;2 817,84;;4;FZ;52
03038119;1;1;54;3;2;1;1;35;;4 698,94;;4;OQ;32
03038173;1;2;41;3;1;1;2;16;;1 576,24;;25;GZ;24
03038559;1;1;55;6;1;1;1;48;2;6 701,69;;0;OQ;32
03039025;1;2;56;4;3;8;1;99;;0,00;;-1;OQ;52
03039091;1;1;39;4;1;1;1;35;1;782,57;;4;BE;93
03039458;1;1;46;5;1;1;1;32;;1 209,56;1 085,53;5;RU;53
03039979;1;2;28;1;2;1;1;51;;1 659,27;4 422,61;12;BE;27
03042638;1;2;53;2;1;1;2;27;;1 399,13;;10;HZ;93
03042853;1;1;27;7;3;8;1;60;;0,00;;-1;OQ;75
03043358;1;1;51;3;3;8;1;50;;0,00;;-1;OQ;11
03043926;1;1;48;6;1;1;1;45;;2 980,35;3 765,42;7;JZ;76
03043926;2;1;48;6;1;1;2;17;;2 226,00;;1;GZ;24
03044048;1;1;74;7;1;3;1;37;;3 890,31;;16;GZ;32
03044293;1;2;31;5;1;1;1;34;;2 005,95;756,56;8;GZ;93
03048769;1;2;53;4;1;1;2;23;;2 479,50;1 761,51;15;MN;93
03050749;1;1;25;7;1;1;1;54;;2 149,90;369,07;9;MN;53
03052073;1;1;29;5;3;8;1;60;;0,00;;-1;GZ;75
03054481;1;1;61;7;3;8;2;22;;0,00;;-1;JZ;27
03057067;1;1;25;4;2;2;9;37;;1 747,81;1 129,62;1;GZ;52
03058581;1;1;62;4;1;1;1;46;;1 341,43;1 899,20;2;JZ;11
03058938;1;2;27;6;1;1;1;60;;2 078,00;1 235,51;0;GZ;93
03059405;1;2;40;7;1;1;1;36;;4 015,34;;10;FZ;75
03059647;1;2;42;5;3;8;1;45;1;0,00;;-1;GZ;84
03060295;1;2;35;1;1;1;1;38;;999 999,00;1 746,35;1;MN;75
03061814;1;2;21;5;1;2;1;37;;2 549,61;2 852,21;1;FZ;11
03061869;1;2;22;3;2;1;9;26;;2 155,36;;5;OQ;11
03062417;1;2;38;7;2;1;1;36;;10 000,00;;16;MN;53
03064781;1;2;60;4;1;1;2;16;;1 773,45;;7;BE;76
03064944;1;2;47;1;2;1;2;23;;1 845,92;800,92;5;MN;53
03065011;1;1;59;7;1;1;2;14;;1 633,17;;1;RU;76
03065776;1;1;45;6;1;1;2;13;;2 220,23;1 620,10;0;MN;44
03066920;1;1;52;5;1;1;1;30;1;10 000,00;;0;MN;75
03067130;1;1;26;9;1;2;1;29;;2 747,43;;2;OQ;52
03067321;1;1;56;5;1;1;1;35;;3 701,52;686,19;11;HZ;11
03067639;1;2;38;7;1;1;2;99;;2 695,13;283,64;2;OQ;11
03067751;1;2;67;4;1;1;2;29;;812,65;1 606,21;5;OQ;93
03068645;1;2;47;1;1;1;1;35;;2 366,04;532,26;1;OQ;11
03070711;1;2;23;3;2;1;1;38;;2 760,01;568,84;7;FZ;32
03072506;1;1;52;7;1;1;1;35;;4 273,84;408,25;4;FZ;11
03073235;1;2;61;4;2;1;1;37;;2 717,28;;7;OQ;11
03075291;1;2;46;1;1;1;1;99;;1 639,75;;4;GZ;93
03075782;1;1;47;6;1;2;1;47;;1 916,54;;3;JZ;44
03077403;1;2;44;7;2;1;1;36;;2 942,50;485,81;2;OQ;24
03079169;1;2;40;9;1;3;1;29;;2 004,25;;6;BE;52
03079572;1;2;46;5;2;2;2;8;;1 992,72;;15;HZ;27
03080077;1;1;46;1;1;1;1;33;;4 576,39;1 239,45;9;MN;11
03080791;1;1;32;1;1;1;1;31;1;1 278,19;;15;FZ;24
03081004;1;2;22;3;1;1;2;14;;1 326,55;;2;OQ;93
03081225;1;1;36;3;1;1;1;28;;1 470,16;;1;GZ;75
03083512;1;1;30;3;1;1;1;35;;2 267,71;;3;RU;11
03086517;1;1;31;5;1;1;1;49;;3 535,54;1 273,11;10;HZ;27
03086813;1;2;36;6;1;1;1;57;1;5 259,99;1 298,39;5;JZ;11
03088441;1;1;51;6;1;1;1;39;;4 112,97;;0;OQ;32
03089342;1;2;21;4;2;1;1;50;;1 685,54;250,08;2;MN;84
03089459;1;1;43;6;2;1;1;49;;8 690,94;;2;FZ;76
03090941;1;1;34;1;1;1;1;27;;1 041,87;;3;AZ;84
03092002;1;1;52;4;1;1;1;53;;1 884,04;12 286,98;2;OQ;76
03092269;1;1;62;3;2;1;1;31;;3 995,05;;8;MN;93
03093032;1;2;27;3;2;2;1;31;;4 012,76;;7;JZ;11
03094436;1;1;51;4;3;8;1;54;1;0,00;;-1;JZ;28
03096805;1;1;49;6;3;8;9;60;;0,00;;-1;OQ;11
03097291;1;1;52;4;1;1;1;49;;2 889,89;231,88;23;BE;32
03098220;1;1;31;3;1;1;1;42;;2 479,17;;6;OQ;28
03101116;1;2;52;3;2;1;1;32;;2 156,85;;8;GZ;75
03101326;1;2;28;7;1;1;1;38;;3 263,12;1 200,56;1;BE;53
03101326;2;2;28;7;1;1;2;14;;999 999,00;;1;BE;11
03102191;1;2;55;4;1;1;2;8;;1 932,77;;3;OQ;11
03102422;1;1;33;2;1;1;1;38;;1 149,42;;1;GZ;11
03103251;1;1;51;5;1;1;9;42;;2 455,21;455,05;1;GZ;11
03103881;1;1;24;9;2;1;9;36;;999 999,00;313,90;8;OQ;11
03104442;1;2;52;6;1;1;1;43;;6 410,48;;7;JZ;52
03104740;1;1;40;1;1;1;1;48;;999 999,00;550,63;1;MN;32
03106881;1;2;27;4;1;1;1;60;;1 787,27;;11;OQ;24
03107003;1;1;35;5;1;2;1;37;;3 614,77;;0;AZ;11
03107905;1;2;34;5;1;2;2;10;;1 586,22;;2;OQ;24
03108040;1;1;30;4;1;3;9;35;;2 046,91;1 196,01;14;OQ;52
03108237;1;2;55;5;1;1;2;26;;999 999,00;259,64;3;FZ;44
03109642;1;1;54;3;1;1;1;39;;3 077,01;;6;FZ;52
03111672;1;2;52;7;1;1;1;40;;5 813,15;;1;MN;76
03112525;1;2;44;7;1;1;9;29;;10 000,00;;3;BE;44
03113157;1;1;25;7;2;1;1;99;;3 080,56;2 762,80;2;FZ;32
03115262;1;1;60;3;3;8;1;60;;0,00;;-1;OQ;11
03115262;2;1;60;3;3;8;2;99;;0,00;;-1;OQ;84
03124876;1;1;57;7;1;1;1;42;;3 590,93;;6;MN;75
03125904;1;1;67;3;1;1;1;40;;3 766,10;;3;BE;53
03126783;1;1;59;4;1;1;1;47;;999 999,00;548,69;0;OQ;32
03129061;1;1;26;1;1;1;1;38;;999 999,00;;10;GZ;32
03130669;1;2;28;1;1;1;2;26;;781,27;;3;FZ;76
03130843;1;1;19;6;2;1;1;43;;3 357,72;429,51;3;MN;27
03131062;1;2;40;1;1;1;1;40;;2 209,52;;2;MN;44
03131410;1;1;51;5;1;2;1;44;3;999 999,00;917,36;5;OQ;84
03131903;1;2;63;7;1;1;9;23;;999 999,00;;5;JZ;32
03133248;1;2;22;5;1;1;1;46;;1 201,27;398,57;3;BE;24
03134020;1;2;39;2;1;1;1;40;;1 533,68;301,29;6;MN;75
03134256;1;1;35;4;1;1;1;60;;2 306,69;;1;HZ;27
03134339;1;2;29;3;1;1;9;45;;2 178,65;;3;GZ;75
03135586;1;2;48;9;1;1;1;51;;4 495,47;;1;OQ;84
03136680;1;2;45;5;2;1;2;13;1;1 297,33;3 120,79;1;BE;52
03138361;1;1;50;3;1;1;1;34;;4 209,88;1 410,18;0;GZ;27
03138361;2;1;50;3;1;1;2;11;;1 533,80;579,67;3;GZ;44
03138834;1;2;43;5;1;1;1;32;2;999 999,00;1 370,24;2;BE;84
03139698;1;2;57;4;2;2;9;45;3;3 089,08;;2;JZ;32
03139718;1;2;45;5;2;1;1;51;;1 699,51;;1;MN;32
03139718;2;2;45;5;2;1;2;29;;1 684,27;;17;HZ;44
03139936;1;2;34;3;1;1;2;12;;1 018,24;229,07;3;GZ;24
03140267;1;1;41;6;3;8;1;60;;0,00;;-1;OQ;11
03145316;1;1;25;7;1;1;1;47;;2 716,82;;1;BE;93
03152978;1;2;56;6;2;1;1;40;;2 672,48;453,56;5;OQ;53
03153965;1;2;27;6;1;1;1;37;;10 000,00;742,40;2;FZ;75
03155304;1;2;34;5;1;2;2;24;;1 275,14;;5;BE;84
03155967;1;1;22;7;2;2;1;45;;1 191,19;;1;BE;93
03163462;1;2;55;6;3;8;1;58;1;0,00;;-1;MN;75
03163944;1;2;37;2;2;1;2;16;;1 921,17;;8;OQ;44
03165069;1;2;54;4;1;1;9;32;;4 014,64;;7;BE;84
03165628;1;2;63;4;1;1;1;42;9;2 569,29;449,64;9;OQ;32
03167098;1;2;36;5;2;1;1;38;;2 946,57;208,00;3;OQ;27
03169118;1;2;37;3;2;1;1;36;;1 687,21;1 797,93;4;OQ;52
03172521;1;2;47;3;1;1;2;8;;944,10;859,54;3;FZ;93
03173656;1;1;45;5;1;1;1;38;;2 979,80;;7;GZ;24
03174857;1;1;37;4;1;1;1;38;;1 973,64;;6;MN;76
03175958;1;1;44;4;2;1;1;41;;1 167,17;;4;OQ;75
03176040;1;1;36;1;1;1;1;39;;1 403,73;;13;BE;84
03176575;1;1;34;5;1;1;1;38;1;2 266,18;;9;OQ;53
03177068;1;2;25;4;1;1;1;34;;1 440,12;;5;FZ;11
03177068;2;2;25;4;1;2;2;25;;1 412,58;4 636,31;6;OQ;24
03179159;1;1;46;4;2;1;1;31;;3 521,82;;0;JZ;53
03179791;1;2;25;4;2;1;2;29;;999 999,00;;1;MN;24
03180102;1;2;26;4;1;1;1;43;;2 703,98;2 112,75;10;MN;93
03180155;1;1;47;1;1;1;1;24;;1 745,71;1 269,45;5;BE;75
03184958;1;1;32;3;2;1;1;39;;2 046,29;326,32;2;MN;11
03188015;1;1;46;3;3;8;1;51;;0,00;;-1;BE;11
03188140;1;2;20;1;1;1;1;31;;1 067,50;643,31;4;MN;76
03188887;1;2;40;3;2;2;1;30;2;1 945,33;931,17;3;FZ;11
03191755;1;2;46;5;1;1;1;38;;2 070,33;655,37;1;GZ;84
03191755;2;2;46;5;1;1;2;24;;1 423,23;;6;GZ;75
03193956;1;1;53;3;1;1;1;46;;2 451,63;;3;BE;53
03194016;1;1;48;4;1;1;1;60;;3 969,47;;4;BE;93
03198259;1;1;48;1;2;1;1;49;;3 124,66;;10;OQ;75
03201536;1;1;53;6;1;2;9;44;;5 179,11;;2;GZ;27
03203959;1;1;61;6;2;1;1;40;;3 553,65;;2;HZ;27
03204011;1;1;45;1;2;1;1;50;;3 027,85;1 606,18;6;GZ;52
03204400;1;1;45;6;1;1;9;99;;1 828,00;;2;BE;75
03206585;1;1;46;1;2;1;1;40;;2 581,61;;3;HZ;32
03207268;1;1;59;6;1;1;1;47;;999 999,00;;1;OQ;24
03208654;1;1;59;6;1;1;9;31;;4 347,43;1 848,80;7;OQ;28
03209137;1;2;30;3;1;1;1;51;;2 141,38;886,36;5;MN;84
03210469;1;1;35;1;1;9;1;28;;1 810,94;429,62;15;OQ;75
03213159;1;2;16;3;3;8;9;60;;0,00;;-1;OQ;75
03216929;1;2;47;3;1;1;1;22;;1 907,66;;2;MN;76
03217791;1;1;42;3;2;1;2;18;;853,89;;8;MN;44
03219296;1;2;24;4;1;1;2;22;;957,98;;0;HZ;32
03219423;1;1;30;4;1;1;1;44;1;1 673,69;352,89;11;GZ;76
03220353;1;2;32;5;1;2;1;33;;4 169,23;360,96;5;GZ;75
03220842;1;2;47;9;1;2;1;40;;3 001,97;1 263,23;2;BE;84
03221635;1;1;64;1;1;1;2;17;1;1 031,96;304,83;4;BE;24
03221756;1;1;23;3;1;1;1;31;;1 588,58;578,19;7;OQ;44
03222225;1;2;38;2;3;8;1;54;;0,00;;-1;OQ;52
03223218;1;2;55;5;1;1;2;27;;2 516,79;2 266,13;6;BE;27
03224139;1;2;40;4;1;1;2;30;;1 016,83;;3;AZ;76
03224870;1;2;39;1;1;3;1;41;;1 709,67;999 999,00;2;BE;84
03225568;1;2;31;3;1;1;1;38;;1 979,03;;15;GZ;32
03227596;1;2;57;7;1;1;1;40;;999 999,00;749,75;8;OQ;75
03229197;1;1;31;5;1;1;1;37;;3 353,65;2 491,59;1;OQ;52
03229595;1;1;49;3;1;1;1;43;;3 548,90;;15;GZ;76
03230813;1;2;39;3;1;1;2;13;;633,56;999 999,00;10;GZ;52
03231026;1;2;54;7;1;1;1;32;;2 904,91;1 429,38;14;BE;53
03231026;2;2;54;7;1;1;1;59;1;2 339,97;2 096,08;1;GZ;84
03232441;1;1;38;6;1;1;1;42;;2 376,54;;5;FZ;84
03232548;1;1;28;4;1;1;1;39;;1 387,68;;3;BE;84
03232884;1;2;38;7;1;1;1;48;;2 981,29;;10;MN;11
03234798;1;2;43;9;2;1;9;41;1;1 618,55;1 625,34;6;JZ;11
03235591;1;1;21;3;1;1;1;46;;1 982,75;434,63;5;RU;28
03236814;1;1;61;2;1;1;1;36;;2 395,82;2 616,54;10;MN;32
03239352;1;2;52;6;1;1;1;35;;5 791,40;820,09;1;GZ;84
03239406;1;1;61;1;3;8;1;50;1;0,00;;-1;MN;93
03239516;1;1;73;3;3;8;1;54;;0,00;;-1;GZ;76
03242253;1;2;28;5;1;1;2;30;;1 386,20;;12;BE;32
03243042;1;1;25;9;1;2;1;40;;3 388,73;605,92;3;OQ;84
03243383;1;2;52;5;1;1;1;30;;2 214,64;343,97;6;GZ;32
03244751;1;1;63;1;1;1;9;39;;2 024,00;;8;RU;24
03245654;1;1;64;3;1;1;1;50;;2 821,73;;1;MN;32
03247097;1;1;40;4;1;2;1;34;;4 547,98;;7;BE;32
03247206;1;2;41;1;1;1;9;49;;1 680,75;;1;FZ;84
03248083;1;2;45;2;1;1;2;16;;1 447,29;;6;RU;28
03248452;1;1;41;5;1;1;1;40;;2 830,16;325,14;4;MN;84
03250338;1;2;62;6;2;1;1;46;;3 595,51;;12;GZ;11
03250428;1;2;54;1;1;1;1;37;;3 275,81;999 999,00;4;BE;93
03250428;2;2;54;1;1;1;2;10;;1 148,31;1 176,30;1;OQ;44
03250612;1;2;47;4;1;1;2;16;;2 137,74;;10;GZ;11
03252074;1;2;19;7;2;1;9;32;;1 903,67;;2;MN;32
03252759;1;1;52;6;1;1;1;30;;4 898,92;;4;OQ;27
03254258;1;2;41;4;2;1;1;33;;2 657,16;640,91;4;HZ;52
03256063;1;2;58;1;1;1;9;14;;999 999,00;;5;FZ;93
03256063;2;2;58;1;1;1;2;18;;1 911,09;;5;HZ;76
03256904;1;2;22;3;1;1;1;37;;3 478,38;;2;BE;52
03257573;1;1;49;2;2;1;1;48;;4 339,20;999 999,00;7;OQ;44
03259797;1;2;50;5;3;8;2;49;9;0,00;;-1;OQ;93
03260211;1;1;44;6;3;8;1;57;;0,00;;-1;HZ;75
03260239;1;2;39;3;2;1;2;15;;1 643,50;;2;AZ;52
03261326;1;2;55;7;1;1;1;36;;4 387,74;999 999,00;0;GZ;93
03262485;1;2;44;2;1;1;2;29;;891,33;;16;MN;52
03263424;1;2;58;7;1;2;2;26;;3 654,07;;16;OQ;32
03265025;1;2;40;7;1;2;1;37;;1 458,18;525,46;8;AZ;75
03265881;1;2;64;5;1;3;2;16;;2 417,05;;16;OQ;75
03266559;1;2;50;6;1;2;2;28;;999 999,00;2 027,99;2;RU;93
03266607;1;2;30;5;1;1;1;36;;999 999,00;;4;BE;75
03266607;2;2;30;5;1;1;2;25;;1 444,90;;14;GZ;11
03266722;1;2;39;7;2;1;1;38;1;1 777,97;1 285,83;2;RU;44
03268331;1;2;23;5;1;1;1;35;;2 045,68;184,22;1;GZ;76
03270574;1;2;54;5;1;1;1;34;;999 999,00;;2;OQ;84
03270691;1;2;27;6;2;1;1;44;;1 958,99;;5;OQ;32
03271138;1;1;28;4;1;1;1;34;;2 286,25;;10;OQ;11
03272061;1;1;58;1;2;1;1;37;;3 529,41;1 152,58;19;OQ;11
03272305;1;1;23;2;1;1;1;31;;1 892,32;563,19;7;JZ;84
03272492;1;2;29;3;2;1;1;41;;2 153,19;;13;OQ;11
03272968;1;1;22;2;1;1;2;15;;1 173,70;;6;GZ;52
03273847;1;2;41;4;3;8;1;47;;0,00;;-1;OQ;84
03275605;1;2;37;5;3;8;1;52;;0,00;;-1;FZ;11
03276822;1;2;57;4;3;8;1;60;;0,00;999 999,00;-1;GZ;11
03279645;1;1;32;1;2;1;1;42;;2 433,20;;4;JZ;84
03282552;1;2;56;6;1;1;1;33;;5 920,52;;8;OQ;11
03284221;1;1;51;4;2;1;1;35;;4 646,42;535,63;5;GZ;76
03284793;1;2;32;7;1;1;2;16;;999 999,00;689,52;3;RU;11
03284793;2;2;32;7;1;1;2;10;;2 359,89;1 012,02;3;GZ;11
03286438;1;2;39;5;1;1;1;44;;1 920,40;1 149,94;2;OQ;32
03293910;1;1;60;3;2;1;1;32;;3 489,49;403,62;9;RU;75
03296796;1;1;34;7;1;1;9;21;;2 928,47;523,28;8;OQ;75
03297304;1;1;39;3;1;1;1;36;1;2 312,14;;14;FZ;28
03298523;1;2;52;7;1;1;2;26;;2 260,12;;4;BE;52
03298611;1;2;32;6;1;1;1;36;;1 651,74;1 187,68;0;FZ;93
03298611;2;2;32;6;1;1;2;25;;869,71;;5;JZ;44
03301447;1;1;59;3;1;1;1;37;;2 637,61;1 427,71;1;MN;52
03301621;1;1;35;3;1;1;1;45;;4 079,80;;2;FZ;24
03307037;1;1;28;6;3;8;1;41;;0,00;;-1;OQ;11
03307466;1;1;34;4;2;1;1;37;;3 819,69;968,41;6;RU;84
03308272;1;2;35;1;1;9;1;43;;1 726,14;308,65;1;OQ;52
03309318;1;1;41;3;3;8;1;56;;0,00;;-1;OQ;75
03310501;1;2;34;3;1;1;1;39;;1 492,72;;1;BE;76
03310920;1;2;42;3;1;1;2;17;;1 422,48;1 820,19;14;GZ;11
03311608;1;2;38;6;1;1;1;35;;3 416,58;;7;BE;84
03312652;1;2;27;3;2;1;1;46;;662,50;633,00;0;OQ;11
03313049;1;1;37;3;1;1;1;59;;1 696,04;;9;GZ;84
03313454;1;1;41;5;1;1;1;34;;2 762,36;;2;OQ;11
03313454;2;1;41;5;1;1;1;34;1;1 102,02;999 999,00;2;OQ;27
03313681;1;2;50;1;2;2;1;45;;3 092,51;1 149,46;7;OQ;75
03314495;1;2;20;7;1;1;1;44;;2 045,89;;2;OQ;93
03314837;1;2;44;5;1;1;1;34;;3 648,17;;9;OQ;84
03315343;1;1;29;4;1;3;1;37;;999 999,00;;1;OQ;75
03315524;1;2;61;3;1;1;1;40;;1 125,58;;11;GZ;24
03316907;1;1;25;5;1;1;1;41;;2 179,94;;9;MN;52
03316907;2;1;25;5;1;2;2;17;;1 418,68;;0;OQ;52
03319032;1;1;47;6;2;2;9;49;;10 000,00;;9;GZ;44
03319301;1;2;40;4;1;1;2;14;;1 319,38;;2;RU;32
03321623;1;1;52;4;1;1;1;44;;4 721,73;664,78;3;JZ;76
03322361;1;2;46;3;1;2;1;46;;2 528,19;;10;BE;76
03322565;1;2;16;5;1;1;9;32;;999 999,00;;0;BE;27
03323734;1;1;46;9;3;8;1;52;;0,00;;-1;OQ;53
03324229;1;1;58;1;3;8;1;47;;0,00;;-1;MN;76
03325532;1;1;39;7;2;1;1;43;;10 000,00;;6;MN;11
03325675;1;1;43;3;2;1;1;37;;1 291,06;;5;GZ;11
03326619;1;1;26;9;3;8;1;52;;0,00;;-1;GZ;84
03327508;1;1;23;7;1;1;1;37;;999 999,00;2 291,90;7;OQ;32
03332836;1;2;51;3;1;1;2;14;;819,71;;10;FZ;75
03334798;1;1;25;1;1;1;1;37;;1 312,61;;1;OQ;93
03337067;1;1;41;9;3;8;1;51;;0,00;;-1;OQ;32
03337715;1;2;38;6;1;1;1;24;;3 783,84;;0;GZ;84
03339123;1;2;64;2;1;2;2;12;;1 467,82;155,22;15;OQ;44
03342079;1;2;46;2;1;2;1;29;;1 862,43;;1;BE;93
03342939;1;1;34;3;2;1;1;39;;2 381,92;;1;OQ;75
03343665;1;2;36;2;1;1;1;37;;1 198,80;;1;OQ;44
03343756;1;2;44;1;1;1;2;24;;1 302,69;2 702,68;19;GZ;11
03344489;1;1;29;4;1;2;1;34;;2 296,13;855,70;13;OQ;75
03344646;1;1;36;2;3;8;1;60;;0,00;;-1;MN;84
03344646;2;1;36;2;3;8;2;39;;0,00;;-1;BE;32
03344901;1;1;26;3;1;2;1;28;;2 215,42;354,85;6;OQ;11
03345125;1;2;41;5;3;8;1;57;;0,00;;-1;BE;11
03346853;1;2;29;7;1;1;9;21;;1 672,05;709,73;6;OQ;44
03347545;1;1;53;3;1;1;1;29;;3 946,09;;2;OQ;28
03347836;1;1;45;7;1;1;1;37;;2 508,81;;6;GZ;44
03348381;1;2;31;7;2;1;1;38;;1 896,91;;5;HZ;93
03350166;1;1;19;5;1;2;1;46;;1 890,62;1 379,10;0;BE;84
03351506;1;1;42;4;1;1;9;37;;1 789,21;1 513,26;1;GZ;76
03352361;1;1;21;7;2;1;1;31;;999 999,00;1 039,50;2;JZ;84
03353306;1;2;31;6;3;8;2;21;;0,00;999 999,00;-1;BE;24
03353855;1;1;57;6;2;1;1;33;;999 999,00;1 234,21;1;RU;93
03353855;2;1;57;6;2;1;2;27;;1 425,82;570,33;10;OQ;28
03354439;1;2;27;6;3;8;2;20;;0,00;;-1;HZ;11
03354771;1;2;23;3;1;1;2;26;;831,13;2 901,04;7;GZ;44
03354775;1;2;51;4;2;1;1;27;;3 363,63;;8;OQ;32
03355484;1;1;63;3;1;1;1;30;;1 457,89;840,89;1;MN;75
03355484;2;1;63;3;1;1;2;99;;1 699,16;170,94;2;OQ;11
03356676;1;2;55;1;1;1;1;99;;3 748,40;;2;MN;24
03357657;1;2;32;6;1;2;1;34;;2 313,92;;8;BE;28
03357768;1;2;40;1;1;1;1;44;;2 954,06;;1;RU;84
03359527;1;2;55;7;1;1;2;16;;2 916,33;;9;OQ;75
03360527;1;1;31;4;1;3;1;39;;1 915,79;;0;RU;84
03360654;1;2;31;4;1;1;2;26;;1 719,10;999 999,00;15;GZ;53
03360877;1;2;53;3;2;1;1;44;;3 534,46;373,65;1;OQ;32
03363742;1;2;43;3;1;1;1;60;;2 841,09;;5;BE;76
03363807;1;1;62;3;2;1;1;38;;4 593,88;;4;GZ;76
03363920;1;2;64;5;1;2;1;34;;999 999,00;;11;OQ;44
03364648;1;2;53;1;1;1;9;17;;1 004,91;378,32;14;OQ;76
03365133;1;2;55;7;2;1;1;36;;1 921,63;452,58;2;MN;93
03368145;1;2;35;4;2;1;2;25;;1 339,58;884,47;1;GZ;11
03368277;1;1;50;4;1;1;1;50;;999 999,00;;21;BE;84
03370644;1;2;38;7;1;1;1;32;;999 999,00;;4;MN;93
03370851;1;1;47;1;1;1;2;30;;980,45;;7;BE;28
03371306;1;2;67;1;2;1;1;36;;1 986,14;619,74;4;BE;75
03374186;1;1;40;4;2;1;1;50;1;3 474,28;755,67;4;HZ;11
03375367;1;1;49;7;1;1;1;44;;2 316,02;869,75;11;OQ;44
03375592;1;1;21;4;2;1;1;36;;2 191,16;409,90;5;MN;44
03376445;1;1;51;3;1;1;1;28;;2 747,79;;5;GZ;84
03377024;1;1;39;4;1;1;1;36;3;3 409,03;233,52;3;BE;53
03377936;1;1;33;3;1;1;1;48;;2 521,88;;3;BE;32
03381261;1;2;36;3;1;1;1;40;;2 831,54;766,21;10;RU;11
03382060;1;1;44;1;1;1;1;41;;1 519,53;1 446,93;3;OQ;27
03382208;1;2;68;4;2;2;1;41;;3 041,37;172,70;25;OQ;53
03383382;1;2;29;6;1;9;9;39;4;3 072,87;703,74;11;OQ;52
03384470;1;2;24;5;1;1;1;38;;2 022,83;336,99;2;GZ;28
03385897;1;1;56;2;2;1;1;38;;999 999,00;2 762,67;2;AZ;53
03386472;1;1;58;3;1;3;1;45;;2 460,38;931,60;3;FZ;44
03387094;1;2;53;7;1;1;1;37;;2 387,09;;4;FZ;84
03387191;1;2;26;6;2;1;1;37;;1 423,51;1 077,26;6;FZ;93
03388062;1;2;40;4;2;1;2;18;;1 467,29;722,47;4;MN;84
03392021;1;1;54;5;1;2;1;37;;3 066,52;721,62;1;MN;28
03394812;1;1;59;4;1;2;1;47;2;5 437,58;;1;OQ;11
03395860;1;2;67;1;1;1;9;15;;789,29;2 600,54;4;MN;27
03397294;1;1;24;7;1;2;1;42;1;2 512,29;;8;OQ;76
03397437;1;2;50;4;2;1;1;53;;3 104,84;;2;OQ;28
03397908;1;1;36;2;1;2;2;25;;1 967,86;;20;FZ;93
03398881;1;1;28;5;1;1;1;33;;4 080,91;;12;FZ;52
03400419;1;2;58;3;1;1;1;39;;4 255,72;;2;MN;93
03402301;1;2;38;6;2;1;1;32;;10 000,00;3 250,31;3;BE;76
03403042;1;1;38;2;3;8;2;36;;0,00;;-1;OQ;32
03404422;1;2;48;4;2;1;2;29;;787,85;1 907,39;1;OQ;32
03404734;1;1;35;7;2;1;1;25;;4 185,06;;9;AZ;52
03406687;1;2;24;7;1;9;2;9;;842,77;2 276,86;0;GZ;93
03407040;1;1;32;3;1;1;1;38;;4 127,22;999 999,00;8;GZ;11
03408573;1;2;50;3;1;1;9;41;;2 363,13;;10;OQ;32
03408573;2;2;50;3;1;2;2;10;1;999 999,00;;4;RU;32
03408580;1;1;26;3;3;8;1;53;;0,00;;-1;JZ;11
03410901;1;1;54;3;1;1;1;99;9;2 035,87;;1;RU;75
03412791;1;2;56;2;1;2;1;39;;2 549,46;975,69;2;OQ;84
03413077;1;2;63;2;3;8;1;60;;0,00;;-1;GZ;76
03415611;1;2;54;3;1;1;1;33;;2 831,15;1 053,22;4;OQ;11
03415959;1;1;42;7;1;1;1;27;1;1 570,72;;11;GZ;27
03418252;1;2;56;6;2;1;1;49;;4 580,19;;5;OQ;11
03420979;1;1;31;5;1;1;1;40;;2 123,61;;5;MN;93
03422909;1;1;70;1;1;1;1;33;;2 019,53;984,09;0;OQ;75
03422909;2;1;70;1;1;1;2;9;;1 531,17;;18;OQ;76
03422976;1;2;61;4;3;8;1;60;1;0,00;;-1;GZ;76
03423674;1;1;42;2;1;1;1;39;;1 246,09;1 198,26;1;OQ;84
03425418;1;1;42;1;1;1;1;40;;1 784,68;1 548,00;4;HZ;84
03425868;1;2;42;6;1;1;1;32;;999 999,00;;8;RU;84
03426967;1;2;52;3;1;1;1;33;;2 068,70;578,44;5;OQ;93
03428388;1;2;36;3;1;1;1;43;;1 691,83;424,89;2;OQ;52
03429429;1;1;33;3;1;1;1;39;4;2 240,55;;13;GZ;28
03430886;1;1;38;1;1;2;1;38;;1 664,12;;5;AZ;11
03431723;1;1;52;3;2;3;1;42;;2 249,21;;11;MN;76
03435102;1;1;21;4;2;1;2;30;;1 952,83;999 999,00;2;JZ;93
03435431;1;1;56;3;2;1;1;45;;3 156,02;1 066,66;1;GZ;76
03440846;1;1;21;4;1;1;1;34;1;2 381,66;;5;JZ;53
03443480;1;2;62;7;1;1;1;31;;3 667,63;2 527,75;7;AZ;28
03445704;1;2;62;4;2;1;2;29;;2 100,80;720,92;3;OQ;93
03446009;1;2;54;5;1;1;2;28;;999 999,00;643,96;9;OQ;44
03451595;1;1;51;5;1;1;1;47;;3 383,19;1 744,29;2;JZ;28
03452693;1;1;39;7;2;1;2;21;;999 999,00;855,29;1;OQ;53
03452853;1;1;21;5;1;1;1;40;;1 640,06;924,59;2;AZ;11
03452944;1;1;56;3;2;2;1;42;;3 246,58;;20;BE;32
03453893;1;1;47;4;2;1;1;37;;2 820,73;;0;MN;28
03456079;1;1;30;5;1;1;1;39;;2 551,02;;0;FZ;32
03456493;1;1;55;5;1;1;1;47;;4 108,01;1 062,63;2;GZ;75
03456760;1;2;62;4;2;1;1;27;;2 113,79;1 020,51;6;MN;11
03456774;1;1;47;3;1;2;1;43;;3 972,32;;11;OQ;11
03456774;2;1;47;3;1;1;2;13;;1 618,33;315,13;4;MN;11
03457114;1;2;31;3;2;1;9;34;;1 468,71;;2;BE;84
03457565;1;1;25;9;1;1;1;42;;2 008,52;999 999,00;9;GZ;11
03457698;1;2;50;6;1;1;2;17;;1 841,33;;2;GZ;32
03460646;1;1;36;3;1;1;1;45;;1 247,89;;3;FZ;32
03460929;1;1;23;3;1;1;1;34;;2 232,90;;7;GZ;84
03461917;1;2;20;1;1;1;1;60;;950,50;220,49;4;OQ;32
03461917;2;2;20;1;1;3;2;18;;999 999,00;1 963,31;3;MN;93
03463588;1;1;63;4;1;2;1;45;;3 710,23;;2;OQ;28
03465291;1;2;27;7;1;1;1;43;;3 827,38;949,66;2;MN;75
03465842;1;1;27;6;1;1;2;9;;1 421,05;495,52;11;JZ;76
03466427;1;1;52;3;3;8;1;52;;0,00;;-1;JZ;27
03467050;1;1;44;6;1;3;1;30;;2 134,25;;3;OQ;11
03468701;1;2;49;6;2;1;1;34;;4 423,48;;3;BE;93
03470249;1;2;47;3;1;1;2;11;;806,39;1 434,28;16;GZ;11
03472583;1;2;36;3;1;2;1;46;;999 999,00;2 683,21;3;OQ;84
03474531;1;1;41;3;2;1;2;21;;1 180,04;;1;OQ;75
03474832;1;1;32;4;1;1;2;23;;1 338,93;;8;GZ;32
03475145;1;1;37;3;1;2;1;41;;1 694,58;;2;BE;93
03479192;1;1;59;3;1;1;1;50;;4 713,79;269,20;2;HZ;32
03479192;2;1;59;3;1;1;2;11;;470,15;2 169,69;4;OQ;84
03482858;1;2;36;3;3;8;1;60;;0,00;;-1;RU;11
03485116;1;1;61;7;1;1;1;39;;4 508,79;;3;OQ;52
03487197;1;1;36;4;1;1;1;41;;1 725,33;1 095,03;9;RU;11
03487347;1;1;16;7;1;2;1;36;;3 189,90;;0;OQ;11
03487663;1;1;19;5;2;1;1;36;;1 566,90;999 999,00;3;GZ;93
03488041;1;1;33;3;2;1;1;39;;3 038,12;;2;GZ;93
03489456;1;1;32;6;2;1;1;43;;1 866,31;;1;JZ;52
03490124;1;1;31;3;1;1;1;99;;3 446,09;999 999,00;2;HZ;11
03490163;1;2;18;7;1;9;1;35;;2 563,43;1 281,63;2;FZ;75
03490774;1;2;21;2;1;1;1;30;;840,06;;5;HZ;93
03490900;1;2;44;2;1;1;1;36;;2 441,76;;1;MN;53
03490999;1;2;31;9;1;1;2;28;;588,73;640,03;2;MN;84
03491457;1;2;32;1;1;1;1;36;;1 410,05;;2;BE;52
03491457;2;2;32;1;1;1;1;29;;1 438,78;;2;FZ;75
03491545;1;2;44;3;1;1;9;30;;1 302,84;;0;GZ;84
03494287;1;1;53;3;1;1;1;38;;3 150,27;;4;RU;52
03494702;1;1;54;6;2;1;1;34;;999 999,00;820,25;13;GZ;11
03494824;1;2;46;5;1;1;1;23;;3 394,60;1 130,23;2;RU;28
03494924;1;2;42;4;2;2;1;42;;1 969,41;;2;BE;27
03495680;1;1;39;7;3;8;2;21;;0,00;;-1;MN;32
03495680;2;1;39;7;3;8;1;60;;0,00;;-1;BE;53
03496133;1;1;49;6;1;1;1;45;;2 525,68;902,20;5;BE;32
03497167;1;2;62;4;1;2;1;35;;3 606,99;1 493,58;7;OQ;93
03500015;1;1;51;4;2;1;1;29;;3 220,32;1 609,52;35;BE;11
03500339;1;2;25;3;1;1;1;36;;1 694,17;2 234,04;9;GZ;32
03500612;1;2;45;5;1;1;2;10;;4 998,56;4 959,69;15;OQ;52
03501491;1;2;61;1;1;1;1;42;;5 356,50;;29;MN;11
03501676;1;2;50;4;1;1;1;42;;3 197,44;;2;JZ;76
03501946;1;1;50;7;1;2;2;14;;1 139,46;;1;OQ;52
03502877;1;2;58;7;2;1;1;58;;3 170,93;136,04;22;OQ;11
03502997;1;2;63;3;1;3;9;36;;4 264,56;759,29;14;GZ;27
03503559;1;1;31;3;1;1;1;45;;2 432,62;999 999,00;4;GZ;53
03503680;1;2;42;5;2;1;9;26;;3 555,64;5 924,76;7;OQ;84
03504048;1;1;27;5;2;1;2;19;;700,86;;1;OQ;27
03506249;1;2;35;7;1;1;1;32;;5 550,61;;16;OQ;11
03510964;1;1;46;3;3;8;1;56;;0,00;;-1;OQ;44
03512853;1;1;58;3;1;1;1;43;2;2 450,61;;5;BE;28
03512853;2;1;58;3;1;1;2;30;;970,06;;1;GZ;93
03513737;1;2;20;6;2;1;1;40;;10 000,00;809,62;4;MN;52
03513913;1;2;46;7;2;1;1;34;9;2 296,20;240,06;4;OQ;84
03514702;1;1;67;7;2;9;1;53;1;7 887,45;;6;BE;32
03515654;1;1;62;3;1;2;2;24;;1 691,63;;1;FZ;52
03516872;1;1;29;3;3;8;1;46;;0,00;;-1;MN;93
03517136;1;1;57;7;1;2;1;36;;2 961,74;;1;GZ;84
03517409;1;2;26;4;1;1;1;36;;1 266,61;367,18;1;OQ;28
03518762;1;2;32;4;1;2;1;27;;2 144,13;1 763,90;3;BE;11
03519939;1;1;59;7;1;1;1;40;;3 734,75;;1;BE;28
03522860;1;1;53;2;3;8;1;60;;0,00;;-1;OQ;84
03523020;1;2;27;4;2;1;2;17;;1 843,84;;2;MN;11
03524605;1;2;23;1;3;8;1;60;;0,00;;-1;BE;53
03526035;1;2;33;3;1;1;2;20;;999 999,00;3 418,56;0;RU;75
03526648;1;1;47;7;1;1;1;26;;4 348,09;;1;OQ;84
03526711;1;2;46;6;1;2;9;39;;7 431,27;;30;OQ;44
03528505;1;2;46;6;2;1;1;38;2;2 749,76;1 643,38;2;BE;28
03529973;1;2;45;7;1;1;1;42;;4 810,14;;15;OQ;24
03532984;1;1;52;2;1;1;1;41;;3 178,87;687,92;15;OQ;44
03533494;1;1;61;1;1;2;2;9;;874,47;;7;GZ;11
03534411;1;2;57;4;1;1;2;14;;1 629,44;;3;OQ;93
03534411;2;2;57;4;1;1;2;18;;1 131,21;838,07;2;AZ;11
03535212;1;1;25;4;2;2;1;35;;2 855,97;2 771,40;9;OQ;84
03535586;1;1;34;3;1;1;9;58;;1 409,81;457,84;8;AZ;53
03535594;1;1;59;3;2;2;1;38;;2 659,37;1 110,56;2;OQ;76
03538637;1;2;41;9;1;9;1;34;3;2 286,95;;15;OQ;11
03539075;1;2;30;4;1;3;1;33;;999 999,00;771,25;10;JZ;75
03539438;1;2;45;1;3;8;1;46;;0,00;;-1;GZ;53
03539909;1;2;61;4;1;2;1;34;;2 565,14;;15;MN;84
03540950;1;2;47;6;2;9;1;32;1;2 721,46;;4;MN;93
03541669;1;1;34;4;2;2;2;21;;2 063,41;;8;BE;11
03543115;1;1;55;2;1;1;1;32;;2 808,08;465,90;14;MN;27
03544861;1;1;48;3;1;1;1;40;;1 393,55;;2;OQ;32
03545270;1;2;30;7;1;1;1;33;;1 793,11;768,27;5;BE;84
03546267;1;1;51;1;1;1;1;43;;3 128,63;699,28;4;GZ;28
03548293;1;1;51;6;1;2;2;22;;818,69;357,31;2;OQ;84
03548319;1;2;46;9;3;8;1;53;;0,00;;-1;OQ;44
03550160;1;2;33;7;1;1;1;43;;2 621,67;1 672,90;3;GZ;11
03551559;1;2;47;4;2;1;1;39;;2 612,27;1 587,98;7;JZ;11
03551924;1;2;43;6;1;1;9;33;;5 362,65;;16;OQ;11
03552206;1;1;22;4;1;1;1;44;;2 428,99;;0;OQ;52
03552294;1;2;23;4;1;2;1;29;;3 787,88;;6;BE;52
03552381;1;1;49;4;3;8;1;52;;0,00;;-1;OQ;11
03553490;1;2;50;4;2;1;2;18;;1 911,07;;3;HZ;76
03554654;1;2;33;5;3;8;1;38;;0,00;;-1;BE;27
03554705;1;2;36;3;1;1;1;23;;2 374,51;970,11;3;GZ;11
03554705;2;2;36;3;1;1;1;39;;2 257,87;884,59;20;MN;44
03557964;1;1;51;4;1;1;2;25;;2 118,95;;4;MN;75
03557972;1;2;34;5;1;1;1;39;1;3 321,42;;16;FZ;75
03562931;1;1;32;6;1;1;2;15;;1 622,64;1 769,44;0;OQ;76
03566038;1;1;51;5;1;1;1;99;;3 756,97;;2;MN;75
03567332;1;1;54;5;1;1;1;99;;3 173,98;;2;MN;76
03567791;1;1;50;6;2;1;1;38;;5 275,46;590,78;4;OQ;75
03568180;1;1;22;9;1;1;9;37;1;2 527,38;;6;MN;11
03568494;1;2;71;3;2;1;1;35;1;2 122,34;;8;GZ;44
03568528;1;2;18;5;2;1;1;40;;1 646,82;527,63;2;JZ;44
03568803;1;2;52;7;1;2;2;20;;1 107,07;;8;BE;44
03569608;1;2;51;3;1;9;1;38;;1 594,88;;5;RU;24
03571691;1;1;21;4;3;8;1;60;;0,00;;-1;GZ;11
03574175;1;2;74;4;1;1;1;38;;2 105,40;1 049,73;1;MN;11
03574175;2;2;74;4;1;1;1;99;1;2 930,19;;5;OQ;32
03574987;1;1;36;3;2;1;1;40;;2 216,58;;4;GZ;44
03575196;1;1;50;1;1;1;2;10;;1 875,81;;10;MN;24
03576337;1;1;57;1;1;1;1;25;;999 999,00;;0;MN;27
03578495;1;2;46;7;2;1;2;19;;1 942,15;;11;BE;75
03578495;2;2;46;7;2;2;2;99;;1 989,08;589,17;6;BE;52
03579800;1;1;34;7;1;1;1;38;3;999 999,00;;1;HZ;84
03579800;2;1;34;7;1;1;2;29;;1 072,84;;9;GZ;75
03580533;1;1;58;3;1;1;1;39;;4 258,74;;21;MN;93
03580533;2;1;58;3;1;1;1;38;2;2 843,97;;21;OQ;84
03581576;1;2;32;4;1;2;2;17;;916,30;660,47;16;GZ;11
03583373;1;1;51;5;1;1;1;32;;3 638,33;;13;AZ;32
03583934;1;2;36;1;1;1;1;45;;1 986,85;;6;MN;32
03583934;2;2;36;1;1;3;2;11;;958,31;2 414,20;1;MN;84
03584541;1;1;47;3;1;1;1;27;;3 023,26;;1;FZ;44
03585806;1;1;28;6;1;2;1;41;;1 766,36;;2;RU;11
03587873;1;2;38;1;3;8;1;53;;0,00;;-1;RU;32
03589243;1;1;25;4;1;1;1;31;;2 085,72;1 583,26;5;RU;32
03591459;1;1;52;5;1;3;1;36;;4 472,33;;1;OQ;84
03591459;2;1;52;5;1;1;1;32;1;3 877,52;2 630,69;2;OQ;24
03592757;1;2;33;1;1;1;1;34;;1 419,73;;2;OQ;52
03593670;1;1;23;4;1;1;1;37;;1 744,93;;6;GZ;53
03593716;1;2;61;7;1;1;2;23;;1 281,94;;0;GZ;11
03595330;1;2;55;5;1;1;1;33;;5 341,83;;10;BE;52
03596556;1;1;23;3;1;1;2;29;;999 999,00;;4;MN;28
03599312;1;1;52;4;1;1;1;24;2;3 130,30;;14;BE;84
03599763;1;2;30;6;1;1;1;59;5;999 999,00;;2;BE;76
03600274;1;2;47;5;2;1;1;38;;2 163,87;;4;BE;11
03600278;1;2;51;9;1;1;1;41;;1 835,55;;0;RU;84
03600458;1;2;23;3;1;1;2;12;;2 287,13;;2;FZ;84
03600524;1;1;53;4;1;1;1;29;;3 304,90;;5;BE;76
03601802;1;1;31;5;2;1;1;41;;2 304,62;;3;OQ;76
03602661;1;2;33;6;1;1;9;37;;999 999,00;;3;OQ;11
03603528;1;2;68;6;1;1;2;9;;1 590,51;;5;RU;76
03604197;1;1;53;9;2;2;1;43;;1 628,39;;5;BE;44
03604330;1;1;42;6;1;1;1;37;;2 645,37;999 999,00;3;OQ;75
03605375;1;1;26;4;1;1;1;44;;1 914,53;;7;OQ;32
03605442;1;2;35;3;1;1;9;38;;2 516,77;;13;MN;11
03605946;1;1;26;4;1;1;9;44;;2 337,30;;5;OQ;84
03606037;1;2;25;6;1;1;2;17;;4 107,72;705,03;9;FZ;52
03608635;1;2;58;7;1;1;1;99;;4 603,63;3 667,16;9;GZ;11
03612339;1;1;33;1;2;1;1;99;;2 085,14;1 055,27;3;OQ;84
03615601;1;1;49;5;1;9;1;33;;2 340,28;116,74;2;RU;28
03618605;1;2;38;1;1;1;1;39;;1 339,15;1 308,71;1;OQ;11
03618694;1;2;47;2;3;8;1;60;;0,00;;-1;BE;76
03619081;1;2;27;3;1;1;2;8;;1 023,10;;2;MN;44
03619228;1;1;46;4;1;2;1;36;;1 953,97;999 999,00;1;AZ;76
03619592;1;1;22;1;1;1;1;36;;1 014,20;;6;OQ;93
03621150;1;2;49;7;1;1;1;42;;4 164,39;;5;MN;11
03621869;1;2;52;6;1;1;1;41;;999 999,00;580,13;20;BE;32
03623316;1;2;43;2;1;1;2;19;3;1 485,39;;10;MN;32
03624371;1;1;38;3;1;3;1;35;;2 522,26;;15;OQ;44
03627317;1;1;48;5;1;1;1;42;;1 891,57;;2;JZ;76
03627317;2;1;48;5;1;1;2;9;;1 874,35;758,85;12;FZ;93
03628630;1;1;53;1;2;1;1;31;;1 599,43;;9;OQ;53
03629092;1;2;57;7;1;1;1;40;;999 999,00;;1;OQ;93
03629227;1;2;27;7;2;2;2;10;;999 999,00;;0;GZ;11
03630667;1;2;41;1;1;2;1;45;;1 824,63;;3;GZ;84
03634341;1;2;53;3;2;1;9;33;1;1 595,52;;22;MN;93
03635953;1;1;28;5;1;1;1;37;;2 053,87;;1;MN;84
03637098;1;2;37;4;1;1;1;34;;1 653,13;1 328,39;7;OQ;11
03637403;1;1;32;6;1;1;1;38;9;2 559,54;;5;FZ;11
03637647;1;1;41;1;1;1;1;30;;1 803,75;;1;GZ;93
03639260;1;1;40;3;1;2;1;41;;1 023,67;;6;BE;84
03647260;1;2;60;3;1;1;1;45;;999 999,00;;3;MN;75
03648174;1;1;44;5;1;1;1;36;;3 795,35;;3;GZ;93
03649794;1;2;33;5;2;2;9;36;4;4 381,89;948,14;1;OQ;27
03649963;1;2;64;6;1;2;1;40;;2 512,45;970,24;2;OQ;84
03650751;1;2;31;2;1;1;1;33;;1 412,01;1 666,39;6;OQ;24
03650751;2;2;31;2;1;1;1;44;;1 582,97;999 999,00;3;BE;28
03650819;1;1;56;3;2;1;1;48;;1 391,96;;0;MN;11
03651242;1;1;23;7;1;1;1;36;;1 992,01;999 999,00;7;MN;11
03651924;1;1;61;3;1;1;1;35;;2 898,96;;3;GZ;75
03655331;1;1;23;4;2;1;1;32;;1 447,97;1 865,24;4;AZ;76
03656895;1;1;24;6;2;1;1;31;;1 913,00;227,06;8;BE;84
03657355;1;1;58;6;1;1;2;11;;2 406,45;;8;GZ;44
03657355;2;1;58;6;1;1;1;38;;1 750,35;607,74;2;OQ;75
03658272;1;2;61;5;2;1;1;57;;2 214,69;993,63;1;BE;28
03660369;1;2;50;4;1;1;1;38;;3 968,07;6 404,49;12;GZ;84
03661520;1;2;59;4;1;1;2;13;;1 931,45;428,65;5;HZ;84
03661700;1;2;62;7;1;1;1;39;;5 816,58;;6;AZ;32
03661728;1;1;28;3;2;1;1;38;;2 417,07;479,59;7;FZ;28
03661728;2;1;28;3;2;1;2;27;;1 311,85;;3;BE;28
03662774;1;1;29;1;1;2;1;37;;871,22;614,51;8;OQ;52
03663765;1;1;60;7;1;2;1;36;;6 298,65;;10;GZ;76
03663818;1;1;42;7;1;1;1;47;;999 999,00;1 356,24;0;BE;44
03663818;2;1;42;7;1;1;2;11;;878,87;999 999,00;3;BE;84
03665920;1;2;60;5;1;1;1;29;;2 944,70;676,45;1;GZ;11
03666172;1;1;41;3;1;1;1;33;;1 870,35;832,09;0;BE;32
03666341;1;2;26;7;3;8;1;53;;0,00;;-1;GZ;11
03667850;1;2;33;5;1;2;1;37;1;1 335,23;;2;FZ;84
03668310;1;1;42;7;1;2;1;33;;3 940,15;;5;BE;76
03670074;1;1;23;3;1;1;1;43;;2 387,85;110,14;7;OQ;93
03671005;1;1;25;1;2;1;1;41;;3 322,29;2 961,68;4;JZ;84
03672083;1;2;16;4;2;1;1;37;;876,43;999 999,00;0;JZ;84
03673939;1;1;22;3;2;1;1;37;;3 524,68;348,38;6;BE;11
03674903;1;1;25;3;1;1;1;45;;4 341,02;948,12;9;AZ;76
03675334;1;1;58;6;3;8;1;48;;0,00;;-1;GZ;75
03675406;1;1;43;5;2;1;1;34;;10 000,00;;5;HZ;84
03675456;1;2;34;5;2;1;9;47;;2 068,48;925,96;1;MN;93
03675626;1;2;26;9;3;8;1;59;;0,00;;-1;JZ;76
03676784;1;2;44;4;1;1;1;38;;2 540,35;1 411,34;0;GZ;76
03677274;1;1;31;5;2;1;1;42;;2 231,86;120,34;5;GZ;32
03677274;2;1;31;5;2;9;2;99;2;2 372,24;2 060,91;3;BE;32
03677289;1;1;36;1;1;9;2;11;;385,12;;1;OQ;11
03677797;1;1;64;2;1;1;1;37;;2 379,21;;3;OQ;11
03681174;1;1;35;4;1;1;1;32;;999 999,00;548,89;1;BE;11
03682248;1;1;60;3;1;1;1;39;;3 745,56;;7;AZ;32
03682248;2;1;60;3;1;2;1;32;1;1 674,53;;17;GZ;93
03683092;1;2;58;4;2;1;1;36;;1 862,96;1 835,88;0;OQ;11
03683337;1;2;39;6;2;2;1;33;1;2 450,39;999 999,00;6;OQ;11
03683886;1;2;36;7;3;8;2;56;;0,00;;-1;RU;76
03686187;1;2;33;3;1;1;1;23;1;1 712,45;;6;OQ;93
03687027;1;1;50;3;1;1;1;40;;1 435,36;634,38;1;OQ;32
03687539;1;1;44;5;1;1;2;25;;1 753,10;2 053,08;18;HZ;32
03690554;1;1;43;3;1;2;1;35;;1 837,21;1 261,28;3;OQ;27
03691104;1;1;26;4;1;1;1;39;;1 751,17;158,61;2;BE;84
03692575;1;1;63;3;2;1;1;39;;2 129,24;;0;FZ;27
03692767;1;2;45;2;1;2;1;46;;1 855,53;;20;HZ;32
03693116;1;2;53;4;1;1;9;37;;4 994,63;961,39;5;GZ;75
03693475;1;1;39;4;3;8;1;60;;0,00;;-1;BE;93
03693766;1;1;60;1;3;8;1;60;;0,00;;-1;GZ;93
03694772;1;2;54;4;1;1;1;41;;4 841,09;;0;BE;76
03695299;1;2;37;2;1;1;1;35;;1 477,17;4 181,63;2;OQ;52
03695831;1;2;64;6;1;1;1;45;;3 430,40;1 323,67;8;RU;52
03698620;1;2;26;4;1;1;1;38;;2 005,07;1 699,12;2;MN;75
03699161;1;1;43;3;1;1;1;38;5;2 268,26;1 413,51;1;RU;84
03699646;1;1;47;9;1;1;1;32;;4 376,87;;12;OQ;76
03700904;1;1;31;3;1;1;1;39;1;2 122,80;1 668,56;4;BE;11
03701173;1;1;48;3;2;1;1;42;;1 932,30;;10;FZ;32
03702486;1;2;26;3;2;1;1;32;;2 784,69;664,38;4;FZ;93
03705226;1;1;44;3;2;3;1;40;;2 873,33;2 276,40;5;OQ;28
03705825;1;2;57;5;1;1;2;18;;2 154,52;;8;MN;84
03706377;1;2;49;1;1;1;1;40;1;1 926,31;;14;FZ;52
03709523;1;1;18;1;1;2;2;99;;999 999,00;;2;BE;11
03710089;1;2;38;4;1;2;1;38;;3 402,78;;1;MN;84
03712214;1;2;43;4;2;1;1;43;;2 764,32;373,84;1;BE;32
03714686;1;2;60;6;2;1;1;39;;4 642,68;994,29;1;AZ;44
03715170;1;1;58;5;3;8;1;53;;0,00;;-1;OQ;11
03716586;1;2;52;3;1;2;2;25;;1 156,45;;1;OQ;11
03717336;1;1;50;2;1;1;1;37;;999 999,00;1 724,46;0;MN;32
03718583;1;2;57;7;1;1;1;35;;4 228,23;182,90;3;GZ;11
03719029;1;1;52;5;1;1;1;51;;999 999,00;;16;OQ;28
03719634;1;1;48;5;1;1;1;99;;8 399,84;239,53;3;HZ;24
03719767;1;2;63;9;3;8;2;35;;0,00;;-1;GZ;32
03720688;1;2;60;2;1;9;1;37;;2 509,36;;7;BE;76
03723098;1;2;43;3;2;1;1;60;;3 008,51;;4;JZ;84
03724073;1;2;21;3;2;1;1;42;;2 372,14;636,15;4;GZ;53
03725338;1;2;20;6;1;1;1;32;;2 737,23;;4;JZ;76
03725627;1;2;28;1;1;1;1;36;;2 601,43;830,78;11;GZ;93
03726410;1;1;30;7;1;9;1;35;;3 234,12;;7;BE;93
03727241;1;1;40;6;1;1;1;37;;999 999,00;770,20;6;GZ;28
03728886;1;1;28;3;1;2;1;46;1;2 212,56;495,24;11;AZ;44
03729683;1;2;31;6;3;8;1;59;;0,00;;-1;GZ;93
03729945;1;1;33;3;1;1;2;17;3;2 169,38;1 427,98;15;BE;53
03731887;1;1;41;5;1;1;1;41;;4 163,84;1 645,59;25;OQ;11
03732083;1;2;45;7;1;1;1;35;;4 955,42;1 879,06;29;OQ;52
03732532;1;1;40;1;2;2;1;35;;2 589,93;;2;HZ;27
03732801;1;1;53;1;1;1;9;40;;2 544,13;;7;OQ;84
03732801;2;1;53;1;1;1;2;27;;2 029,79;;2;OQ;84
03735054;1;2;59;5;1;1;1;41;;6 225,20;1 461,59;0;OQ;11
03736012;1;1;25;4;1;9;1;35;;1 303,32;;1;HZ;76
03737109;1;2;55;3;1;1;1;33;;3 154,59;;3;OQ;11
03737109;2;2;55;3;1;1;2;9;;1 513,44;2 810,98;0;GZ;11
03737348;1;1;62;7;2;2;1;34;;1 929,50;3 023,37;0;GZ;24
03737728;1;2;47;6;1;1;2;28;;2 061,25;;3;HZ;76
03738332;1;1;32;5;1;2;1;33;;1 644,47;909,29;5;OQ;11
03739560;1;2;54;3;1;1;1;40;;4 476,76;801,04;13;GZ;44
03740059;1;1;44;1;1;1;1;36;;3 290,19;;20;BE;11
03741827;1;2;35;6;1;1;2;24;;1 170,55;2 341,70;4;GZ;75
03742618;1;2;56;7;1;1;1;33;1;3 961,34;2 836,25;2;FZ;11
03745960;1;2;32;6;2;1;2;13;;1 603,03;;0;BE;93
03748262;1;2;24;9;3;8;1;60;1;0,00;999 999,00;-1;OQ;76
03748920;1;2;59;6;2;1;1;40;;4 450,06;;3;BE;11
03749644;1;1;52;4;1;2;1;40;;2 062,98;785,94;1;MN;53
03749740;1;2;49;2;1;1;2;99;;848,37;2 844,16;4;OQ;84
03750137;1;2;24;4;1;1;1;38;;1 404,22;;7;GZ;11
03750137;2;2;24;4;1;1;2;16;;904,10;1 428,87;8;OQ;32
03751339;1;1;57;4;1;1;1;41;;5 531,41;;6;HZ;53
03751653;1;2;59;1;3;8;1;53;;0,00;;-1;MN;76
03752043;1;1;39;3;1;1;1;35;;2 646,77;;1;OQ;76
03752572;1;1;44;6;1;2;1;47;;2 967,56;1 024,32;11;BE;76
03755358;1;1;59;1;1;1;1;45;;4 523,04;;3;BE;53
03757037;1;2;50;5;1;1;1;35;;2 867,63;999 999,00;9;OQ;93
03758741;1;1;30;5;1;1;9;34;;2 025,48;805,45;6;OQ;93
03759616;1;2;35;6;2;1;2;24;2;1 658,62;;3;OQ;44
03760184;1;2;58;3;1;1;1;42;;1 881,25;2 898,64;6;GZ;11
03761918;1;2;43;4;1;1;1;38;9;4 488,37;;9;GZ;93
03764812;1;2;24;7;1;1;2;24;;1 020,79;;6;RU;11
03764872;1;2;64;3;1;1;1;35;;2 785,15;;1;GZ;11
03765677;1;1;43;3;1;1;1;32;;2 173,13;1 381,61;1;OQ;11
03766548;1;1;43;4;1;1;1;41;;2 918,69;3 145,30;9;AZ;84
03767571;1;1;50;2;1;1;2;19;99;1 982,59;;6;MN;11
03768017;1;1;33;9;1;1;1;39;;1 377,86;;3;BE;44
03768108;1;2;58;3;1;1;2;16;;2 593,99;891,62;13;GZ;75
03768399;1;1;59;4;1;2;1;31;;7 382,72;;6;GZ;44
03768399;2;1;59;4;1;1;2;29;;3 008,42;924,87;6;OQ;32
03768726;1;2;54;1;1;1;2;20;;745,76;;1;RU;53
03770171;1;1;36;4;2;1;1;40;;2 297,94;2 798,23;5;OQ;52
03770786;1;1;63;1;1;1;1;37;1;999 999,00;;4;OQ;11
03772127;1;1;49;6;3;8;2;36;1;0,00;;-1;JZ;11
03772504;1;1;41;3;1;2;1;43;;4 914,91;;8;OQ;11
03772587;1;2;62;9;1;1;2;16;;1 165,76;;3;OQ;93
03773375;1;2;37;9;1;2;1;40;;4 541,50;4 967,52;7;MN;52
03774556;1;1;42;4;1;1;1;41;;2 700,78;1 608,74;18;OQ;11
03775518;1;2;61;2;2;2;2;18;;1 658,90;1 634,01;1;OQ;32
03779035;1;1;36;2;1;1;1;43;1;2 823,58;;6;GZ;11
03779273;1;2;20;6;2;1;1;32;1;3 434,15;822,22;4;RU;93
03779988;1;1;51;6;3;8;1;60;;0,00;;-1;RU;11
03785083;1;1;15;5;1;1;1;40;;1 817,38;837,50;0;GZ;11
03787666;1;2;54;7;1;1;1;39;;2 323,96;609,69;7;MN;32
03789179;1;2;59;1;1;1;1;44;;2 235,62;497,22;5;MN;11
03789671;1;1;44;5;2;1;1;33;;2 374,84;952,62;0;GZ;11
03789671;2;1;44;5;2;1;2;12;;971,40;;2;OQ;32
03794297;1;2;40;5;1;2;2;12;1;1 759,57;;8;OQ;11
03794824;1;2;62;4;2;1;1;37;;4 139,81;999 999,00;9;GZ;44
03795938;1;2;20;5;1;2;1;39;;1 688,19;1 800,48;4;GZ;53
03795983;1;1;55;3;1;3;1;49;;2 032,53;601,67;6;OQ;53
03795983;2;1;55;3;1;1;2;11;;1 624,39;2 590,12;2;BE;76
03798023;1;2;52;7;1;1;2;13;;2 020,90;1 098,38;2;OQ;27
03800102;1;2;63;3;1;1;1;41;;2 729,06;;3;OQ;84
03800345;1;1;25;4;1;3;1;41;;3 846,01;1 023,57;5;RU;75
03800472;1;1;63;1;1;1;1;35;;1 180,56;;4;OQ;75
03802335;1;1;36;3;1;2;1;44;;2 371,03;262,38;4;MN;11
03802969;1;1;54;6;3;8;1;53;;0,00;;-1;OQ;75
03802969;2;1;54;6;3;8;1;60;;0,00;;-1;HZ;76
03808186;1;2;57;6;1;1;2;28;;1 124,22;;0;OQ;11
03809986;1;2;45;1;1;1;1;41;;1 654,02;;6;MN;52
03810511;1;1;31;6;1;1;2;24;;1 165,08;;3;GZ;84
03810776;1;1;46;3;3;8;1;32;;0,00;;-1;OQ;11
03811699;1;2;64;7;2;1;1;29;;2 566,38;;3;MN;11
03813501;1;2;56;1;2;2;1;46;2;3 362,90;;2;OQ;76
03813923;1;2;15;4;1;2;2;23;;918,43;;0;GZ;11
03815220;1;1;59;3;1;1;2;15;5;1 503,50;899,26;9;OQ;24
03816691;1;2;50;4;2;1;1;37;;999 999,00;404,75;6;OQ;84
03819328;1;2;49;9;3;8;2;25;;0,00;;-1;GZ;28
03819578;1;1;50;7;1;1;1;40;;4 739,18;;9;GZ;28
03820409;1;1;51;4;1;1;1;37;;2 395,78;;6;OQ;32
03822068;1;2;24;3;1;1;1;31;1;2 760,61;;8;JZ;76
03822163;1;2;56;1;1;1;1;30;;1 732,05;3 379,28;1;GZ;75
03825459;1;1;58;7;2;1;1;37;1;3 377,22;;10;OQ;93
03826488;1;1;53;5;2;1;1;40;;4 839,99;;3;GZ;44
03829965;1;2;30;9;2;1;1;40;;2 949,70;;4;OQ;24
03832000;1;1;46;3;2;2;1;42;;4 821,68;1 150,87;6;FZ;24
03832186;1;1;43;9;2;1;1;25;;2 965,69;392,04;7;JZ;76
03833722;1;2;24;4;3;8;1;35;;0,00;;-1;JZ;84
03835003;1;1;62;3;1;1;1;38;;3 399,29;;15;OQ;52
03836120;1;1;25;6;3;8;9;52;;0,00;;-1;OQ;28
03836255;1;1;65;1;2;1;1;36;;1 856,32;;8;JZ;11
03836255;2;1;65;1;2;1;2;20;;2 339,36;;10;JZ;93
03838250;1;1;41;6;2;2;1;29;1;3 345,14;;1;OQ;32
03838497;1;1;29;9;1;1;1;34;2;2 490,64;598,34;2;BE;93
03838636;1;2;19;3;2;2;1;58;;999 999,00;1 415,40;3;GZ;32
03839566;1;2;44;4;1;1;1;32;;2 126,29;2 397,29;0;GZ;11
03842820;1;2;30;3;1;1;1;45;1;2 352,38;;12;OQ;75
03843128;1;2;49;4;1;1;9;45;;2 402,96;2 337,66;0;OQ;76
03843165;1;2;50;4;3;8;2;40;;0,00;;-1;GZ;11
03846267;1;1;43;3;1;1;1;31;;1 683,52;;22;GZ;24
03847427;1;2;58;5;2;1;1;28;;5 962,42;2 902,72;9;OQ;75
03847683;1;2;43;6;1;1;1;38;;10 000,00;;1;OQ;24
03849247;1;1;52;2;2;2;1;33;;3 504,64;;16;MN;32
03849247;2;1;52;2;2;1;1;39;;1 755,56;;0;OQ;76
03849778;1;1;51;3;1;1;9;39;;2 993,84;;27;BE;44
03851269;1;2;25;6;1;3;1;32;;1 228,49;;9;OQ;27
03851957;1;2;16;7;1;1;1;35;;2 821,27;295,69;0;JZ;11
03853379;1;2;40;4;2;1;1;32;;2 738,32;;1;GZ;24
03854061;1;1;57;5;1;1;1;32;;2 341,60;;2;GZ;75
03855976;1;1;37;9;1;2;1;30;;2 158,46;;2;FZ;27
03857484;1;2;41;3;1;1;2;17;1;2 381,26;;4;GZ;11
03859674;1;2;40;4;1;1;1;26;;1 125,42;;2;GZ;76
03860124;1;2;36;4;1;1;1;99;;2 617,70;;2;OQ;52
03860337;1;1;34;5;3;8;1;52;;0,00;;-1;RU;84
03862330;1;1;34;1;1;1;1;34;;881,32;;1;MN;53
03866152;1;1;39;4;1;1;1;39;;1 718,35;;1;JZ;75
03866711;1;2;25;2;3;8;1;58;;0,00;;-1;GZ;52
03866887;1;2;26;1;1;1;1;37;;1 269,15;;8;FZ;32
03867543;1;2;30;3;1;1;1;37;;3 883,37;;1;FZ;52
03868882;1;2;36;1;1;2;1;33;;814,95;;0;FZ;11
03871651;1;1;22;3;1;1;1;45;1;1 624,73;177,22;1;OQ;28
03871991;1;1;57;6;1;1;1;37;;1 752,81;2 133,47;9;OQ;32
03872353;1;1;50;3;1;1;1;31;;2 038,82;1 000,74;1;OQ;28
03873359;1;2;32;3;2;2;1;30;;2 985,31;;6;OQ;44
03874925;1;1;29;6;1;1;1;43;;4 826,69;4 311,85;13;OQ;32
03875810;1;2;22;7;1;1;1;44;1;3 485,06;419,67;6;AZ;84
03875932;1;1;53;7;3;8;1;60;;0,00;999 999,00;-1;RU;84
03877469;1;1;20;6;1;2;2;27;;670,74;;3;GZ;44
03877813;1;2;69;6;2;1;2;10;;3 317,17;2 433,26;22;MN;75
03878717;1;2;48;5;1;1;1;36;;2 215,68;669,98;5;OQ;93
03879210;1;1;33;5;1;1;1;38;;4 523,62;746,45;0;GZ;11
03879965;1;1;27;1;1;2;1;35;;896,41;;8;RU;11
03880502;1;2;54;5;1;1;1;39;;4 533,96;;9;OQ;75
03880541;1;2;25;1;1;1;2;13;;813,40;;5;GZ;84
03883681;1;1;18;6;1;1;1;27;;2 018,75;;2;JZ;11
03883684;1;1;37;1;1;1;1;42;;1 966,27;1 840,64;3;OQ;11
03885168;1;2;26;3;1;1;2;27;;1 155,92;;10;GZ;44
03885303;1;1;42;4;1;1;1;41;1;2 297,80;;0;OQ;32
03885455;1;1;23;7;3;8;1;51;;0,00;;-1;OQ;84
03887696;1;1;42;5;1;3;1;34;;999 999,00;;14;OQ;75
03888017;1;1;21;7;2;9;1;33;;5 518,39;1 107,05;0;MN;11
03888546;1;2;45;5;2;1;1;42;;3 013,67;675,15;3;OQ;76
03890171;1;1;47;1;1;1;1;36;;2 360,12;1 415,06;6;BE;76
03890171;2;1;47;1;1;1;2;21;;1 085,37;1 510,64;2;OQ;11
03893491;1;1;63;7;1;1;2;25;;1 881,95;999 999,00;9;GZ;44
03893506;1;2;53;4;2;2;1;39;;2 050,97;835,59;0;MN;32
03893932;1;2;42;4;1;1;9;33;;2 385,25;;6;OQ;75
03895301;1;1;62;3;1;1;9;37;;2 325,84;1 995,90;1;BE;84
03895498;1;2;29;4;1;2;1;53;1;3 182,63;1 834,29;1;BE;11
03896222;1;2;22;7;2;1;2;12;;1 052,70;504,94;6;RU;75
03897582;1;2;61;1;2;1;1;36;2;2 186,69;;7;BE;27
03899164;1;1;64;5;2;1;1;43;;999 999,00;;2;OQ;93
03900332;1;2;47;4;1;1;1;33;;3 065,42;1 452,70;4;MN;76
03902243;1;2;35;3;1;2;2;13;;838,73;;2;GZ;32
03902788;1;2;56;7;1;1;2;30;;1 913,25;1 172,90;17;AZ;53
03902843;1;2;25;6;2;1;1;49;;4 353,82;;1;OQ;27
03903742;1;1;53;3;1;2;1;41;2;7 076,40;2 241,48;31;OQ;53
03904141;1;1;62;3;1;1;1;49;;3 652,98;;1;MN;44
03907468;1;2;47;2;1;1;1;50;;1 729,41;544,92;3;OQ;32
03911459;1;2;54;7;1;1;1;40;;4 429,53;1 047,81;1;JZ;75
03911618;1;1;58;3;1;1;1;32;;3 078,05;509,09;1;MN;84
03911684;1;1;47;3;2;1;9;49;;2 214,75;721,73;5;HZ;11
03914958;1;1;30;4;1;1;1;39;;2 762,17;5 073,23;9;MN;32
03915050;1;1;26;4;1;2;1;48;;999 999,00;;2;BE;32
03915050;2;1;26;4;1;1;1;41;;2 065,92;527,48;7;MN;11
03915436;1;2;57;9;1;1;1;38;;4 290,82;1 134,74;17;GZ;11
03916176;1;1;26;7;1;2;1;43;;2 235,26;;4;AZ;84
03916176;2;1;26;7;1;2;1;32;;3 138,25;;7;GZ;76
03916667;1;2;35;4;1;3;2;9;1;846,77;;3;GZ;44
03916754;1;1;37;5;1;1;1;42;;2 627,23;653,05;9;OQ;76
03917294;1;1;48;4;1;1;1;53;;2 883,12;6 316,57;1;MN;75
03918027;1;2;53;9;2;1;1;39;;7 800,76;;15;OQ;11
03918549;1;1;57;5;3;8;1;54;;0,00;;-1;OQ;53
03918581;1;2;29;3;2;2;1;49;;999 999,00;;8;OQ;27
03920324;1;1;54;7;1;1;1;36;1;4 792,78;;1;FZ;93
03923720;1;2;38;1;1;1;1;32;1;1 445,90;;10;MN;11
03924683;1;1;41;5;1;1;1;39;;2 822,02;;14;JZ;53
03926382;1;1;51;3;2;1;1;43;;7 020,51;;14;OQ;84
03928136;1;2;53;5;1;1;1;51;;4 103,35;;3;OQ;44
03928136;2;2;53;5;1;1;2;15;1;1 306,35;1 824,12;1;OQ;28
03928310;1;2;26;5;1;1;1;42;;2 002,14;414,59;2;GZ;53
03928588;1;1;37;4;1;1;1;32;;2 570,38;;7;GZ;53
03929950;1;2;61;9;3;8;2;42;;0,00;;-1;RU;27
03932172;1;2;48;3;1;1;2;10;;2 511,79;736,36;8;GZ;11
03934664;1;1;30;3;1;1;1;99;;2 135,66;1 156,63;2;OQ;11
03935290;1;1;58;5;3;8;1;49;1;0,00;;-1;AZ;32
03935966;1;2;49;6;2;1;1;34;;3 573,01;;2;MN;32
03935978;1;1;48;3;1;1;1;33;;2 164,06;3 733,27;5;BE;52
03938041;1;2;57;2;1;2;1;35;;4 481,68;;7;JZ;75
03938677;1;1;48;9;3;8;1;55;1;0,00;;-1;GZ;52
03938677;2;1;48;9;3;8;2;40;;0,00;;-1;AZ;84
03940242;1;2;50;5;1;2;1;41;;3 080,66;;7;GZ;11
03942858;1;2;36;5;1;1;2;19;;999 999,00;;1;BE;24
03944175;1;2;49;3;3;8;1;55;;0,00;;-1;MN;93
03944705;1;2;60;3;1;3;1;57;;999 999,00;;15;AZ;84
03945088;1;1;51;3;3;8;1;47;;0,00;;-1;GZ;52
03945658;1;1;54;6;1;1;1;39;;999 999,00;;7;OQ;44
03946361;1;2;59;5;1;1;9;27;;4 038,91;689,98;1;JZ;84
03947039;1;2;20;5;1;1;1;31;;1 986,15;;4;GZ;53
03947984;1;2;23;6;2;1;1;50;;7 046,40;;1;OQ;52
03949025;1;2;38;9;2;1;1;99;;999 999,00;763,91;2;GZ;11
03951150;1;2;46;1;1;1;1;43;;1 724,47;;2;BE;53
03953973;1;1;54;6;1;1;1;42;;2 581,46;;3;AZ;44
03954966;1;1;47;7;1;9;1;36;;3 246,14;;1;MN;75
03955550;1;2;57;1;1;1;1;39;;2 362,45;;12;GZ;32
03955750;1;2;58;6;2;2;2;13;;2 452,35;;1;OQ;53
03956321;1;1;31;6;1;1;1;40;;999 999,00;;3;FZ;11
03957948;1;1;44;4;1;1;2;30;;2 182,95;;5;BE;93
03958242;1;2;31;5;1;2;1;34;;1 959,33;1 645,42;9;BE;84
03962786;1;1;48;1;1;1;1;40;99;1 890,55;;2;OQ;28
03964255;1;2;56;5;1;1;1;38;;2 179,31;;6;JZ;84
03965850;1;1;35;6;2;1;1;47;;3 823,97;;1;OQ;11
03966289;1;2;50;5;1;1;1;36;;4 346,46;;5;FZ;24
03967311;1;2;34;2;1;1;2;11;;1 190,70;;2;OQ;32
03967548;1;2;51;3;1;1;1;47;1;2 200,52;1 430,56;1;OQ;32
03971152;1;2;30;1;1;1;9;32;;1 493,86;;1;OQ;32
03971437;1;1;50;9;1;1;1;42;;5 410,83;;0;OQ;52
03973903;1;2;26;7;1;1;1;43;;1 836,02;;1;OQ;28
03976489;1;1;55;9;1;1;1;99;;4 493,03;;2;BE;76
03977071;1;1;43;4;1;1;1;48;1;4 453,30;;9;MN;11
03979159;1;1;55;5;1;1;1;42;;5 603,16;281,71;1;OQ;76
03979406;1;1;46;6;2;1;1;43;;4 869,08;;1;AZ;75
03979881;1;1;52;1;2;2;1;43;;1 766,16;999 999,00;2;JZ;84
03979937;1;1;43;5;1;1;1;36;;2 530,67;1 371,88;4;GZ;93
03981414;1;1;27;7;1;2;1;28;;1 388,10;2 071,98;4;GZ;28
03982200;1;2;47;1;1;1;1;46;;1 160,52;;2;GZ;32
03983747;1;2;40;5;1;3;2;99;;999 999,00;;9;MN;75
03985320;1;2;32;7;1;1;1;47;;2 858,98;806,40;5;BE;24
03986388;1;2;30;4;2;1;1;32;;2 509,23;;0;MN;11
03987170;1;2;62;5;1;1;1;26;;2 626,45;;1;GZ;28
03987215;1;1;35;3;1;1;1;37;;1 991,89;1 414,25;2;FZ;44
03991761;1;2;35;6;1;1;2;8;;1 598,10;;1;HZ;52
03991761;2;2;35;6;1;1;2;15;;1 873,97;999 999,00;2;HZ;11
03992572;1;1;23;2;2;1;1;35;2;2 838,73;944,44;7;FZ;75
03994208;1;1;52;6;2;1;1;46;;2 934,44;;3;MN;76
03994894;1;2;19;4;3;8;2;53;;0,00;;-1;HZ;11
03995647;1;1;46;1;1;1;2;20;;1 285,03;2 215,00;3;GZ;11
03996461;1;1;27;7;1;1;1;40;;2 440,73;999 999,00;6;BE;24
03996960;1;2;52;1;2;3;9;22;;622,22;;3;RU;44
03998135;1;2;63;1;1;1;2;30;;1 737,72;1 443,47;1;OQ;11
03999332;1;1;35;2;1;1;1;44;;1 229,58;;1;BE;11
04001856;1;1;53;6;1;1;1;46;2;4 011,05;507,37;1;GZ;27
04002013;1;2;50;4;1;1;1;28;3;2 831,28;1 960,21;2;GZ;11
04002262;1;2;29;5;3;8;1;41;;0,00;;-1;HZ;28
04003272;1;1;35;4;1;1;1;45;;3 531,74;;9;OQ;44
04003795;1;1;29;5;2;1;1;99;;2 651,37;;1;JZ;44
04005290;1;2;58;6;1;2;1;35;;2 663,82;;1;BE;32
04005851;1;1;35;6;1;1;1;37;;5 830,50;947,45;19;BE;44
04005851;2;1;35;6;1;2;2;26;;1 473,96;;2;OQ;44
04006188;1;1;43;3;2;1;9;39;;1 608,11;999 999,00;9;RU;93
04006305;1;2;31;3;1;1;1;55;;3 226,47;;1;GZ;53
04006537;1;2;48;3;2;1;2;16;;1 457,13;645,53;12;OQ;75
04006601;1;1;22;3;1;1;1;31;;1 610,35;;1;BE;24
04008819;1;2;29;3;2;1;1;60;;2 156,19;742,09;1;GZ;32
04010367;1;2;43;3;2;1;1;39;;1 984,49;999 999,00;15;GZ;75
04010367;2;2;43;3;2;1;2;21;;999 999,00;1 076,83;1;BE;84
04010867;1;1;32;9;1;1;1;44;;4 462,73;1 311,10;9;OQ;93
04011248;1;2;62;5;1;1;1;39;;999 999,00;;12;OQ;93
04013010;1;2;50;5;1;1;1;30;;999 999,00;999 999,00;5;OQ;44
04014763;1;1;33;3;2;1;1;24;;2 360,70;795,65;12;FZ;32
04015150;1;1;25;3;2;1;1;38;;1 459,63;;0;MN;84
04015165;1;2;70;7;1;1;1;28;;6 163,72;396,48;7;OQ;52
04018756;1;2;26;4;1;1;1;31;;1 877,87;999 999,00;8;BE;44
04020073;1;2;50;4;1;1;1;33;;3 117,39;;3;MN;75
04020073;2;2;50;4;1;1;9;17;;2 425,65;;1;MN;76
04022207;1;1;41;7;2;1;1;44;;3 956,60;999 999,00;3;MN;52
04022907;1;2;47;4;2;1;2;20;;2 626,28;;21;GZ;28
04025804;1;2;20;7;1;1;2;28;;1 359,16;;4;HZ;11
04026396;1;2;45;6;2;1;9;9;;1 074,51;;4;OQ;84
04028558;1;1;56;4;3;8;1;56;;0,00;;-1;FZ;28
04030327;1;2;54;2;1;1;1;31;;2 188,36;;6;AZ;11
04030889;1;2;56;3;1;1;1;35;9;1 524,56;;0;RU;44
04031894;1;2;25;3;1;2;1;38;;2 849,36;416,58;7;OQ;75
04032042;1;1;42;1;1;1;1;48;;2 360,63;1 787,93;1;OQ;75
04032098;1;1;51;3;3;8;1;48;;0,00;;-1;MN;11
04035804;1;1;27;3;1;1;1;49;;999 999,00;;1;HZ;84
04035804;2;1;27;3;1;1;2;27;;700,40;390,86;4;HZ;32
04036143;1;1;39;6;2;1;1;36;;3 206,06;;1;GZ;44
04039604;1;2;47;2;1;1;2;13;;841,42;;4;OQ;32
04040415;1;1;56;4;1;1;1;31;;2 627,45;;4;GZ;24
04041356;1;1;43;5;1;3;9;39;;2 641,56;431,00;8;RU;11
04041471;1;2;53;7;3;8;2;26;;0,00;;-1;OQ;11
04043062;1;2;19;7;1;1;1;45;;5 562,77;1 595,11;3;OQ;27
04043501;1;2;47;1;1;2;1;35;;1 211,59;2 656,27;1;GZ;84
04044556;1;1;31;4;2;1;1;40;;3 198,08;;15;OQ;11
04047979;1;1;38;7;1;1;1;52;;2 182,27;;4;MN;28
04048174;1;1;55;3;1;1;1;36;;2 448,93;;3;MN;76
04048418;1;1;50;6;1;1;1;50;1;1 427,25;676,36;0;OQ;44
04050827;1;2;34;2;1;1;1;34;4;1 493,95;;2;OQ;32
04052962;1;1;44;4;3;8;1;52;1;0,00;;-1;OQ;75
04053119;1;1;73;6;1;1;1;38;;2 312,34;170,03;11;BE;76
04057341;1;2;27;6;3;8;9;30;;0,00;;-1;JZ;84
04057425;1;1;51;3;2;3;1;36;9;4 813,42;323,53;5;MN;84
04057522;1;1;38;4;2;1;2;17;;923,72;247,44;2;OQ;53
04061669;1;1;50;1;1;1;1;36;;1 989,18;;7;BE;44
04062150;1;2;27;4;2;1;2;23;;2 121,80;999 999,00;5;OQ;11
04067034;1;2;55;7;2;1;9;11;;2 834,44;1 480,53;20;OQ;11
04067034;2;2;55;7;2;1;1;51;;1 543,26;883,04;4;OQ;44
04067641;1;1;51;7;1;1;1;33;;3 489,60;306,57;5;GZ;28
04068180;1;2;33;4;2;1;1;41;;1 931,06;1 052,47;5;OQ;76
04068638;1;1;44;3;2;2;2;14;;964,22;;2;JZ;11
04071590;1;1;45;5;1;2;1;60;;2 485,48;2 701,80;6;GZ;11
04071590;2;1;45;5;1;1;2;18;;999 999,00;751,41;4;OQ;53
04072417;1;2;43;1;1;1;1;48;;1 590,34;7 973,59;3;GZ;84
04074244;1;1;43;4;1;1;1;38;;3 429,88;410,56;0;RU;76
04075300;1;2;46;3;1;1;1;29;;2 146,59;;7;GZ;84
04075682;1;1;57;6;1;2;1;41;2;9 303,07;;5;OQ;11
04075727;1;1;43;3;1;1;1;42;;4 629,56;;27;GZ;32
04076754;1;2;51;3;1;1;2;11;;1 615,88;1 493,61;1;BE;76
04076942;1;2;33;2;1;1;1;28;;2 251,61;895,73;3;OQ;11
04078017;1;2;37;3;1;1;1;31;;2 682,58;604,59;7;BE;75
04079898;1;1;32;2;2;1;1;51;;3 355,39;;9;BE;93
04081605;1;2;40;4;1;1;1;60;1;1 191,33;;6;OQ;44
04081605;2;2;40;4;1;1;1;42;;1 183,57;1 037,18;8;OQ;52
04081915;1;2;58;1;2;1;1;39;;3 275,77;503,67;1;MN;76
04083448;1;2;37;6;1;1;1;32;;3 886,40;1 854,26;1;OQ;11
04083732;1;1;53;3;1;2;1;36;;2 859,12;1 087,73;2;BE;27
04083732;2;1;53;3;1;1;2;14;;2 124,78;999 999,00;2;OQ;32
04085158;1;2;30;4;1;1;2;28;;963,21;;2;GZ;75
04086252;1;2;51;6;3;8;1;54;;0,00;;-1;GZ;11
04087523;1;1;25;3;1;1;1;37;;2 235,00;;9;GZ;32
04087972;1;2;33;1;1;1;2;13;;1 194,20;999 999,00;3;OQ;11
04089981;1;1;50;4;1;3;1;39;2;967,06;;20;OQ;11
04090719;1;2;56;9;1;1;1;32;;4 638,18;;34;OQ;84
04090719;2;2;56;9;1;2;2;21;;999 999,00;1 200,20;6;OQ;44
04093077;1;2;53;4;1;1;9;44;;2 096,71;656,58;9;GZ;75
04095693;1;2;59;9;1;2;1;40;;2 633,73;;8;RU;11
04096348;1;1;37;4;2;1;1;43;;2 351,39;;6;MN;11
04098672;1;2;32;7;1;1;1;35;;3 099,07;1 105,46;8;OQ;11
04099809;1;1;52;7;1;2;1;28;;10 000,00;;5;GZ;93
04102765;1;1;44;5;1;2;1;36;;5 260,84;642,78;8;FZ;11
04103747;1;1;50;6;1;1;1;26;;6 464,47;;5;BE;93
04105543;1;2;61;7;1;1;2;8;;1 097,06;2 166,04;4;MN;11
04106067;1;2;35;4;1;1;1;39;;3 019,57;1 054,03;0;MN;53
04106679;1;1;32;1;2;1;1;41;;1 596,89;;5;RU;84
04106875;1;1;56;4;1;2;1;38;;999 999,00;4 440,91;5;JZ;32
04108160;1;2;46;7;1;1;1;41;;4 778,35;729,23;4;OQ;93
04108709;1;1;63;5;2;2;1;37;;5 525,50;779,84;6;OQ;28
04115224;1;1;67;1;2;1;2;21;;1 490,24;;8;FZ;32
04116017;1;1;39;7;2;1;1;26;;2 769,59;1 026,80;1;MN;75
04116745;1;1;38;1;1;2;1;42;;1 868,59;1 692,81;0;MN;76
04120119;1;2;47;1;1;2;2;24;;2 949,32;;9;OQ;11
04122192;1;1;52;3;1;1;1;40;;3 811,83;999 999,00;1;OQ;11
04125295;1;1;37;1;3;8;1;60;;0,00;;-1;RU;11
04125949;1;1;44;1;3;8;1;48;;0,00;;-1;BE;75
04126886;1;2;41;6;2;1;1;48;;1 937,51;;1;RU;84
04127398;1;2;21;5;1;1;1;33;;2 577,15;;5;MN;75
04127705;1;1;38;9;1;1;1;48;;1 563,81;;0;MN;44
04127706;1;1;25;3;2;1;1;41;4;3 571,16;;1;MN;52
04128694;1;2;38;6;2;1;1;34;1;2 788,80;636,14;10;RU;28
04131796;1;2;26;6;1;1;1;34;;2 639,35;502,77;3;MN;84
04135278;1;1;42;7;2;1;1;38;;3 646,26;747,25;13;OQ;32
04136780;1;1;63;3;1;1;1;60;;999 999,00;;12;FZ;76
04142902;1;1;37;4;2;1;1;33;;2 569,00;999 999,00;1;OQ;28
04145150;1;1;50;5;2;1;1;27;;5 613,29;;4;AZ;11
04147450;1;2;30;9;1;1;2;29;;360,15;;7;AZ;84
04149373;1;1;34;4;1;1;1;42;;2 178,91;3 042,01;10;OQ;44
04149677;1;1;24;6;1;3;9;39;1;2 561,92;3 876,03;0;MN;76
04151933;1;2;48;3;2;1;2;11;;2 102,92;;24;OQ;32
04154096;1;2;34;1;3;8;1;60;;0,00;;-1;OQ;11
04154838;1;1;57;1;2;1;1;43;;3 472,26;586,26;12;HZ;52
04158644;1;2;61;9;1;1;1;33;1;4 383,03;;6;GZ;27
04158812;1;1;44;6;1;1;1;43;;7 488,55;409,51;4;RU;76
04159921;1;1;21;4;1;1;1;51;;1 852,84;1 831,56;1;RU;93
04161582;1;1;69;1;2;2;1;39;;1 766,21;;9;AZ;75
04161582;2;1;69;1;2;2;9;23;;1 502,42;;4;GZ;52
04164687;1;2;40;3;1;1;1;46;9;4 885,47;494,55;1;GZ;11
04166122;1;1;27;5;2;2;1;42;;1 506,62;1 046,20;9;RU;11
04167074;1;1;26;5;1;1;1;51;;2 365,58;;2;OQ;11
04168837;1;1;61;4;1;3;1;36;;5 138,06;;18;GZ;11
04170416;1;1;63;1;1;1;1;46;;1 656,18;999 999,00;0;GZ;32
04170416;2;1;63;1;1;2;1;47;9;1 315,38;;2;OQ;28
04172152;1;2;30;5;1;1;1;35;;3 012,91;;8;OQ;28
04172202;1;2;41;7;1;1;2;14;;1 558,61;;25;RU;32
04173362;1;2;29;6;1;1;1;33;;2 310,39;;4;GZ;11
04175015;1;2;72;3;2;1;1;35;;1 908,57;1 192,16;1;BE;84
04175998;1;2;54;2;2;1;2;29;;1 566,65;876,50;29;OQ;53
04176093;1;2;50;6;2;1;1;39;;999 999,00;;11;JZ;76
04176105;1;1;29;3;1;1;2;25;;760,59;;5;OQ;32
04177293;1;1;45;7;1;1;2;99;;2 201,75;847,40;0;GZ;93
04177556;1;1;35;9;1;1;1;42;;4 319,54;;14;OQ;76
04178908;1;1;54;7;1;1;1;46;;6 215,43;;10;HZ;93
04179027;1;1;34;3;1;2;2;28;;2 436,13;365,39;16;BE;28
04181286;1;1;43;7;1;1;1;44;;5 845,97;;6;GZ;11
04181859;1;2;26;5;1;1;1;45;;3 356,20;;9;OQ;44
04184808;1;2;41;2;2;1;2;19;;1 521,20;;6;GZ;75
04185754;1;2;35;4;1;1;1;40;;999 999,00;;4;OQ;11
04187042;1;2;55;7;1;3;1;40;;2 652,10;999 999,00;2;BE;84
04187642;1;1;57;7;2;1;2;11;;1 828,44;2 004,86;1;MN;84
04187883;1;2;31;6;1;1;1;35;9;2 704,80;;1;GZ;84
04190751;1;2;36;5;3;8;2;33;;0,00;;-1;MN;93
04193540;1;1;73;4;3;8;2;29;;0,00;;-1;HZ;28
04195388;1;1;49;3;2;1;2;25;;1 847,94;999 999,00;9;BE;27
04195470;1;2;52;4;1;1;2;25;;1 702,61;;13;OQ;76
04195470;2;2;52;4;1;9;2;9;;2 346,78;;6;BE;27
04195565;1;2;26;7;1;1;1;41;;1 931,74;;1;AZ;52
04195886;1;2;63;4;1;1;2;25;;1 326,01;1 022,12;0;RU;93
04196512;1;2;60;4;1;1;9;20;;1 470,61;;7;OQ;93
04196577;1;2;48;6;1;9;1;43;;1 642,61;;2;MN;28
04197459;1;2;16;3;1;2;2;20;;2 052,38;;0;OQ;11
04202361;1;1;49;9;1;1;1;31;;4 165,45;2 731,08;16;MN;93
04203384;1;1;32;6;2;1;1;47;;2 528,77;;8;GZ;76
04205376;1;1;45;3;1;1;1;34;2;1 902,37;;0;OQ;28
04205483;1;2;31;5;1;1;1;43;;2 842,20;;1;JZ;11
04206621;1;2;43;7;1;1;2;12;;2 153,34;;1;FZ;75
04207013;1;2;49;6;1;2;1;43;1;3 570,02;;1;AZ;32
04209200;1;2;39;6;1;1;2;17;;1 948,21;;12;OQ;11
04211958;1;1;38;6;1;1;2;22;;1 124,91;;4;MN;93
04211974;1;2;61;6;1;1;1;40;;4 045,12;1 484,95;4;JZ;84
04213432;1;1;32;7;1;2;1;45;2;2 195,36;2 373,44;14;OQ;76
04214070;1;1;46;1;1;1;1;35;;1 681,36;;13;FZ;11
04217172;1;1;58;3;1;1;1;35;;3 885,56;;1;GZ;27
04217292;1;1;57;3;1;2;1;35;;2 483,44;2 247,56;6;GZ;32
04217565;1;2;59;9;1;1;1;35;;2 604,14;;22;MN;52
04218092;1;1;63;2;1;1;9;29;;1 793,42;;1;BE;76
04218850;1;1;30;7;1;1;1;60;;2 638,91;3 326,25;1;BE;11
04220940;1;1;52;4;1;1;1;39;;4 615,20;;3;OQ;11
04221575;1;2;46;1;2;1;1;28;2;2 442,13;222,48;10;BE;28
04225129;1;1;46;9;3;8;1;60;;0,00;;-1;JZ;53
04225761;1;2;27;3;1;1;1;38;;1 469,59;1 528,63;2;OQ;84
04226622;1;2;58;6;1;1;1;32;;4 182,76;;3;JZ;11
04227934;1;2;52;6;1;2;1;33;;4 771,10;2 053,43;3;GZ;28
04228589;1;2;45;7;1;1;1;38;;2 769,72;;4;AZ;28
04228754;1;2;64;3;1;1;2;11;;1 891,27;333,68;8;BE;53
04230944;1;2;57;1;3;8;1;51;;0,00;;-1;MN;27
04234294;1;2;40;7;2;1;2;16;;1 417,26;;13;MN;44
04235453;1;1;45;6;3;8;1;52;;0,00;;-1;HZ;11
04235994;1;1;53;4;1;1;1;99;;2 762,45;1 551,62;1;OQ;44
04238792;1;1;46;6;1;2;1;99;1;4 267,05;730,87;2;MN;32
04240149;1;1;29;6;1;1;1;54;;2 569,73;1 242,97;6;MN;11
04240179;1;2;45;7;1;1;2;24;;2 579,71;;2;GZ;52
04240454;1;2;25;1;1;1;1;39;;1 898,55;1 074,31;6;GZ;44
04246296;1;1;32;6;2;1;1;33;;2 376,25;1 605,99;2;OQ;11
04246296;2;1;32;6;2;1;2;8;;999 999,00;;5;HZ;76
04246693;1;2;40;1;1;1;1;38;;1 856,02;1 282,04;4;FZ;24
04247542;1;1;54;2;1;1;1;39;2;4 651,27;2 004,39;32;GZ;11
04247835;1;2;64;5;1;1;2;9;;1 429,49;;11;MN;44
04247835;2;2;64;5;1;1;2;23;;1 431,40;;14;RU;84
04250373;1;1;36;5;1;1;2;30;;1 332,21;1 278,21;4;JZ;76
04250548;1;1;50;4;2;1;1;44;;4 616,77;1 059,19;6;OQ;93
04250555;1;1;37;2;1;1;1;31;;2 034,12;2 693,44;12;FZ;32
04251079;1;2;63;9;1;1;1;35;;3 418,82;;4;GZ;28
04251836;1;1;61;1;1;1;1;36;;3 947,49;999 999,00;12;OQ;52
04252111;1;2;53;3;1;1;1;35;;999 999,00;3 104,13;15;OQ;11
04252184;1;1;56;4;1;1;1;39;;3 473,35;;0;BE;11
04252190;1;2;24;7;1;2;1;38;;1 722,04;;3;OQ;53
04252787;1;1;28;6;1;1;1;35;;2 424,45;1 067,75;2;FZ;28
04253416;1;1;38;7;1;1;1;31;;4 511,47;;2;HZ;84
04254107;1;1;40;7;2;2;1;35;;2 408,44;815,89;15;MN;32
04254107;2;1;40;7;2;1;2;24;;1 211,10;;2;GZ;32
04254783;1;2;29;5;2;1;2;29;;1 216,32;;6;HZ;84
04255603;1;1;47;3;1;2;1;42;;3 798,31;;19;OQ;93
04257823;1;2;46;2;1;2;2;16;2;1 154,64;999 999,00;12;OQ;11
04261353;1;2;44;5;1;1;1;41;;2 504,56;1 047,00;8;GZ;93
04262348;1;1;29;6;3;8;1;50;;0,00;;-1;BE;84
04262766;1;2;26;3;1;1;1;38;;1 367,36;;10;BE;93
04263100;1;2;62;4;2;1;1;31;;1 648,53;;8;OQ;24
04265604;1;2;41;7;3;8;1;60;;0,00;;-1;GZ;75
04265604;2;2;41;7;3;8;1;48;;0,00;;-1;HZ;84
04265643;1;1;24;4;3;8;1;49;;0,00;;-1;MN;32
04266008;1;2;67;9;3;8;1;60;;0,00;;-1;BE;84
04266833;1;1;57;7;1;1;9;37;;6 303,16;;2;FZ;28
04267409;1;1;31;7;1;1;1;36;;1 850,12;368,39;1;MN;53
04269685;1;2;28;6;2;1;1;23;;1 865,54;1 260,69;12;MN;53
04270698;1;2;53;4;1;1;1;38;;2 857,89;;3;MN;11
04273062;1;1;52;1;2;1;1;36;;1 473,97;2 175,24;1;MN;75
04274737;1;2;53;6;1;1;9;40;1;5 089,65;544,72;1;RU;11
04275322;1;1;40;3;1;1;1;37;;1 927,70;;5;BE;76
04278335;1;1;59;4;2;1;1;35;;2 274,32;;1;BE;24
04281569;1;2;38;3;1;1;1;30;;3 561,27;653,62;10;MN;11
04281718;1;1;34;1;1;1;2;19;;276,62;;2;OQ;52
04283551;1;2;30;5;2;1;1;45;;10 000,00;2 684,67;7;MN;53
04284164;1;1;47;4;1;1;1;31;;3 393,31;;13;GZ;32
04284164;2;1;47;4;1;1;2;21;;1 000,30;;1;BE;53
04286253;1;2;35;6;3;8;1;49;;0,00;999 999,00;-1;OQ;24
04287169;1;2;50;1;1;1;2;20;;570,55;1 421,08;5;OQ;32
04287381;1;1;42;3;3;8;1;56;;0,00;;-1;GZ;44
04287381;2;1;42;3;3;8;1;57;;0,00;;-1;OQ;44
04287626;1;2;43;6;1;9;9;39;;2 763,96;;1;OQ;11
04288636;1;1;24;1;1;1;1;40;;1 133,97;1 134,92;2;GZ;32
04291404;1;2;58;5;1;1;2;14;;1 622,54;269,87;8;OQ;93
04291678;1;1;40;4;1;1;1;30;;2 476,48;;1;OQ;93
04292099;1;2;26;4;1;2;1;51;;1 839,88;;10;JZ;75
04295328;1;2;57;7;2;1;2;10;;2 294,56;1 233,90;1;HZ;76
04297545;1;2;53;3;1;1;1;39;3;1 867,01;;4;OQ;24
04297974;1;2;61;3;1;1;1;36;;2 374,33;162,40;0;FZ;32
04298066;1;2;50;1;1;1;2;8;;2 044,25;1 145,10;7;OQ;44
04298173;1;2;50;3;1;1;1;26;;999 999,00;4 369,61;7;BE;32
04298734;1;1;65;3;1;1;1;43;;4 256,88;2 710,09;4;MN;11
04300596;1;2;53;5;1;1;1;36;;4 406,02;658,12;18;RU;24
04301197;1;1;31;6;1;1;1;60;;3 657,26;;1;BE;76
04302831;1;1;43;4;1;1;2;29;2;3 714,40;;1;BE;32
04302977;1;1;69;1;3;8;1;52;;0,00;;-1;GZ;53
04303411;1;1;59;4;1;1;1;38;;2 372,89;;2;RU;44
04303817;1;2;25;9;2;2;1;39;;2 274,16;510,45;9;GZ;28
04305399;1;1;27;4;3;8;1;48;;0,00;;-1;JZ;84
04305615;1;2;37;7;1;1;1;36;;2 669,69;233,72;3;OQ;75
04307964;1;2;58;3;1;1;1;44;1;4 017,67;;3;OQ;44
04309029;1;2;27;3;1;2;1;48;;1 389,04;3 602,04;5;MN;28
04309879;1;2;36;5;1;1;2;15;;810,25;1 280,82;0;FZ;93
04311537;1;2;30;3;2;1;1;30;;2 417,62;;14;BE;11
04313939;1;2;27;7;1;1;1;99;;5 242,01;;6;HZ;11
04314674;1;2;57;6;1;1;2;26;;1 291,60;2 721,94;0;OQ;53
04314674;2;2;57;6;1;1;2;25;;869,92;;5;OQ;24
04315317;1;1;45;1;2;1;1;37;;1 700,75;;11;MN;84
04316365;1;2;24;6;1;1;2;14;;1 523,01;;2;MN;28
04316521;1;1;26;7;1;1;1;39;;3 969,38;;10;BE;32
04316687;1;1;57;1;1;1;1;34;;3 731,84;2 952,11;6;OQ;11
04317922;1;2;49;4;1;1;1;43;;2 773,23;999 999,00;5;OQ;44
04318880;1;1;61;3;1;2;9;99;;2 518,41;;7;HZ;75
04319429;1;2;33;3;1;2;1;44;;4 422,42;;3;OQ;11
04319461;1;2;29;4;2;9;1;32;;2 387,13;;13;OQ;44
04319461;2;2;29;4;2;1;2;25;;751,46;523,35;6;OQ;11
04319936;1;2;33;7;3;8;1;60;1;0,00;;-1;GZ;11
04321330;1;1;59;4;1;1;1;26;;2 893,09;;2;OQ;11
04321633;1;1;47;4;1;1;2;29;1;1 201,43;545,33;0;FZ;76
04323418;1;1;48;7;3;8;1;60;1;0,00;;-1;RU;11
04328352;1;2;54;2;2;1;1;36;;3 288,67;;5;GZ;52
04329681;1;2;31;6;1;1;1;41;;2 656,46;;11;BE;28
04330746;1;2;35;5;1;2;9;26;;1 528,38;;3;OQ;28
04331188;1;1;59;5;1;2;1;50;;3 944,50;;8;RU;84
04332343;1;1;27;4;1;1;2;30;;1 506,41;254,32;2;JZ;44
04334634;1;2;24;1;3;8;1;49;1;0,00;;-1;AZ;93
04334634;2;2;24;1;3;8;2;99;;0,00;999 999,00;-1;HZ;11
04336621;1;1;38;1;1;1;1;52;1;1 226,88;2 319,83;5;AZ;32
04340152;1;2;28;7;1;1;1;44;;999 999,00;;2;GZ;75
04342473;1;1;52;3;3;8;1;60;;0,00;;-1;OQ;93
04342585;1;2;41;3;2;1;1;36;;3 498,08;948,89;20;GZ;11
04343391;1;1;39;3;1;1;2;27;;1 886,87;;1;GZ;32
04344515;1;1;43;3;2;1;1;35;;5 657,26;;5;MN;11
04344653;1;2;52;7;1;1;2;19;;1 884,40;595,97;1;BE;75
04345044;1;1;28;1;1;1;1;45;;1 459,19;1 469,61;1;FZ;11
04345314;1;1;51;3;1;1;1;35;;1 772,77;;9;GZ;93
04349115;1;1;25;5;2;1;1;60;;999 999,00;711,36;9;RU;44
04349960;1;1;29;4;1;2;1;31;;2 441,26;;3;OQ;53
04351416;1;1;30;6;1;1;1;37;;3 143,19;276,93;0;GZ;28
04351936;1;1;58;4;1;1;1;44;99;2 345,07;1 114,66;3;FZ;84
04352330;1;1;27;5;1;1;1;45;;3 327,17;309,12;2;OQ;84
04354748;1;1;49;3;3;8;1;55;;0,00;;-1;GZ;93
04355260;1;2;29;5;1;1;1;33;;2 711,96;555,24;2;MN;32
04355260;2;2;29;5;1;1;1;37;;999 999,00;199,51;13;HZ;32
04355305;1;2;45;1;2;1;2;13;;1 133,53;1 432,41;2;GZ;11
04355737;1;2;50;9;1;1;1;44;;2 014,11;2 455,22;9;MN;75
04357379;1;2;50;3;2;2;1;48;;2 596,25;;9;OQ;27
04358502;1;2;62;4;1;1;1;35;;2 269,39;;3;RU;11
04358754;1;1;44;3;1;1;1;37;;2 237,86;570,42;5;FZ;76
04362094;1;2;41;4;3;8;2;35;99;0,00;;-1;FZ;32
04362510;1;1;54;3;1;1;1;26;;2 021,81;;4;RU;11
04362510;2;1;54;3;1;1;2;25;;888,99;;2;BE;28
04365986;1;2;27;9;1;1;2;11;;1 356,11;1 243,17;6;FZ;11
04366702;1;2;41;4;1;1;1;22;;2 757,05;719,25;10;JZ;44
04366782;1;2;45;7;3;8;2;36;;0,00;;-1;GZ;28
04375790;1;2;55;3;2;1;1;44;;1 939,40;3 417,47;0;OQ;76
04375790;2;2;55;3;2;1;2;12;1;1 008,00;5 025,46;12;FZ;76
04376770;1;2;28;3;1;3;1;32;;2 396,60;;12;MN;28
04378181;1;1;48;6;1;1;1;40;;10 000,00;999 999,00;10;BE;84
04378255;1;2;24;1;1;1;1;38;;1 306,14;484,28;8;MN;53
04378255;2;2;24;1;1;1;2;15;;898,91;;1;BE;28
04378434;1;2;37;5;1;1;2;12;;863,84;;3;MN;84
04378889;1;2;43;3;1;1;2;18;;860,40;;4;OQ;32
04378994;1;2;53;6;1;1;1;38;;2 670,60;1 683,06;13;GZ;52
04379407;1;2;29;5;1;1;1;34;;3 026,53;;6;BE;28
04382627;1;1;37;6;1;1;1;39;;1 975,55;281,68;11;FZ;44
04383318;1;2;45;6;1;1;1;46;;2 348,12;2 330,15;4;JZ;11
04383709;1;2;40;6;1;1;1;41;;4 348,01;1 139,07;5;BE;11
04384259;1;1;49;5;1;1;2;15;;937,71;;1;BE;11
04385549;1;2;55;4;2;1;2;19;;2 052,62;588,16;13;OQ;24
04386393;1;2;38;3;1;1;2;13;;739,56;;6;GZ;11
04386973;1;2;24;4;1;1;1;42;;1 656,62;630,33;0;OQ;84
04388190;1;2;61;1;1;2;2;12;;2 601,74;3 345,40;1;GZ;32
04389632;1;2;42;4;1;1;1;32;;2 029,01;486,48;8;RU;32
04391264;1;1;20;5;1;1;1;38;;999 999,00;1 093,49;4;MN;76
04393128;1;1;31;1;3;8;1;52;;0,00;;-1;BE;32
04395524;1;2;55;5;1;2;2;8;;1 845,76;;20;OQ;84
04397263;1;2;35;1;1;1;1;40;;1 450,48;;3;OQ;84
04398940;1;2;52;7;1;1;2;25;;4 016,12;748,61;4;OQ;75
04399786;1;2;15;6;1;1;1;31;;1 570,06;;0;OQ;32
04403040;1;2;63;4;2;1;1;26;;4 070,90;;5;OQ;93
04404071;1;2;33;5;1;1;1;43;;2 245,00;;3;MN;53
04405569;1;1;57;4;1;1;1;37;;2 287,46;;10;GZ;11
04405569;2;1;57;4;1;1;2;22;;2 006,35;;2;OQ;75
04407007;1;1;53;3;1;1;2;18;;999 999,00;;6;MN;28
04407246;1;2;40;9;3;8;1;48;;0,00;;-1;MN;27
04407648;1;2;25;4;1;1;1;42;;1 353,29;444,81;5;GZ;28
04411733;1;2;38;3;1;1;1;99;;2 398,83;1 708,62;5;AZ;28
04411754;1;2;38;3;1;9;1;43;99;3 347,74;917,54;5;GZ;84
04412158;1;1;50;4;1;1;9;36;;4 603,61;;1;GZ;44
04412573;1;1;27;7;1;1;1;44;;2 324,73;;8;RU;11
04413318;1;1;48;1;1;2;1;40;;1 747,35;589,60;3;MN;11
04413653;1;1;50;5;3;8;1;60;;0,00;;-1;GZ;44
04415597;1;2;40;4;1;1;1;44;;999 999,00;;4;GZ;53
04416154;1;2;35;2;3;8;1;46;;0,00;;-1;AZ;93
04418855;1;1;28;6;2;1;1;31;;2 521,86;;4;RU;75
04420388;1;2;62;3;1;1;2;28;;1 276,06;1 166,41;0;OQ;84
04420388;2;2;62;3;1;1;1;60;;2 193,83;1 135,36;1;GZ;84
04420396;1;1;32;7;1;1;1;30;1;3 474,53;;1;OQ;75
04420396;2;1;32;7;1;1;2;12;;1 017,53;;2;GZ;11
04420584;1;2;29;3;2;1;1;31;;1 697,55;4 881,90;5;OQ;11
04420584;2;2;29;3;2;1;2;20;;1 097,98;140,87;0;FZ;44
04421152;1;1;42;4;1;1;1;44;;4 262,60;944,70;3;BE;75
04422123;1;2;43;5;1;1;2;28;;2 830,38;1 971,77;5;OQ;93
04423208;1;2;60;5;1;1;1;36;;3 212,32;1 617,53;7;BE;32
04424876;1;2;55;7;2;2;1;44;;3 698,78;3 839,20;4;OQ;11
04426937;1;1;45;5;1;1;9;99;;2 239,33;;2;GZ;84
04428030;1;2;50;1;1;1;1;36;9;4 377,93;;12;GZ;84
04430363;1;1;50;1;1;2;1;50;;865,47;;2;OQ;44
04431043;1;2;54;1;1;1;1;35;;3 111,22;;7;FZ;76
04431825;1;2;25;1;2;1;1;42;;1 430,38;;9;BE;11
04432330;1;2;57;3;1;1;2;26;3;1 523,54;3 496,86;11;OQ;11
04432942;1;1;58;6;1;1;1;33;;999 999,00;;18;MN;11
04433678;1;1;58;3;1;1;2;12;;2 047,48;650,50;32;OQ;11
04444093;1;2;42;4;2;1;9;26;;2 187,31;940,49;15;GZ;27
04445559;1;1;35;3;1;1;1;32;;2 457,24;943,29;3;MN;52
04449051;1;1;60;4;1;2;9;43;;2 517,24;1 377,08;3;GZ;76
04449367;1;1;31;4;1;1;1;30;;999 999,00;999 999,00;2;AZ;76
04450945;1;2;45;4;2;1;2;21;;646,69;;6;BE;75
04456298;1;1;63;3;2;2;1;40;;1 556,02;;5;OQ;28
04458166;1;2;50;3;2;1;1;39;;3 498,53;353,28;7;OQ;24
04458252;1;1;59;1;1;2;1;37;;3 146,76;;12;BE;11
04458252;2;1;59;1;1;1;1;44;;3 674,18;383,94;25;OQ;84
04461996;1;2;23;4;2;1;2;16;;1 170,91;1 207,55;7;OQ;32
04463589;1;1;42;7;2;1;1;42;;3 034,56;2 853,18;5;RU;84
04464732;1;2;32;3;2;2;2;21;;1 981,50;;9;HZ;75
04465918;1;1;56;9;1;1;1;60;;2 349,28;402,90;2;FZ;76
04466858;1;2;51;3;1;2;1;99;;1 954,76;;5;AZ;76
04466858;2;2;51;3;1;9;2;10;;2 045,58;;13;RU;93
04467593;1;1;32;3;1;1;1;29;;3 213,13;;6;OQ;84
04467982;1;2;61;3;1;1;2;23;;2 493,01;1 288,78;10;HZ;84
04468449;1;2;58;9;1;1;2;27;;2 643,21;;3;BE;76
04470781;1;1;56;7;1;1;1;25;;3 395,34;416,80;3;GZ;32
04472641;1;1;43;9;1;1;1;25;;3 060,49;;5;GZ;44
04474438;1;2;54;7;1;1;1;49;;4 963,16;;7;GZ;32
04475531;1;1;39;4;1;1;1;35;;1 685,06;;2;JZ;11
04478887;1;2;62;5;1;9;1;44;;2 029,25;900,53;2;MN;11
04479618;1;2;37;5;1;1;2;24;;1 006,36;1 439,80;3;OQ;11
04481617;1;2;30;4;1;1;2;27;;1 528,59;1 029,24;14;OQ;53
04481870;1;1;21;3;1;1;1;36;;3 419,79;;2;OQ;93
04481912;1;1;60;4;3;8;1;46;;0,00;999 999,00;-1;OQ;84
04481912;2;1;60;4;3;8;9;37;;0,00;;-1;FZ;44
04483955;1;1;52;9;1;2;1;27;;2 443,85;1 464,22;4;BE;84
04484431;1;1;29;1;1;1;1;43;;1 465,22;;3;RU;93
04484431;2;1;29;1;1;1;1;99;;1 456,87;975,27;7;JZ;93
04484489;1;2;55;3;2;1;2;30;;2 495,63;2 409,59;6;MN;32
04485626;1;2;55;3;2;1;1;42;1;2 703,28;;11;BE;76
04485626;2;2;55;3;2;1;2;21;;2 520,65;514,24;26;FZ;93
04486683;1;2;23;1;2;1;9;37;;2 727,74;;7;GZ;93
04487066;1;1;21;2;1;1;1;39;;1 567,24;;5;FZ;84
04488681;1;2;57;2;1;1;2;29;;999 999,00;955,64;1;OQ;84
04489769;1;2;21;5;3;8;1;99;;0,00;;-1;OQ;11
04490780;1;2;23;3;1;1;1;46;;2 685,19;;7;OQ;52
04494657;1;2;42;4;1;1;9;39;1;3 070,49;569,54;26;GZ;44
04495464;1;1;54;5;2;1;1;43;;2 453,54;738,04;11;FZ;84
04495974;1;2;32;6;3;8;1;52;;0,00;;-1;OQ;11
04496889;1;1;39;2;3;8;1;60;;0,00;;-1;MN;32
04496949;1;1;62;5;1;1;1;38;;6 005,51;;4;OQ;11
04497640;1;1;57;5;2;1;1;30;;4 045,67;;2;BE;27
04497648;1;2;34;5;1;1;9;42;;3 226,25;1 947,23;15;GZ;75
04499164;1;1;61;5;1;1;1;42;;2 665,65;1 223,09;2;RU;93
04499411;1;2;40;2;3;8;1;56;;0,00;;-1;RU;84
04500054;1;2;54;7;2;1;1;43;;3 697,53;;7;OQ;11
04502985;1;2;36;6;1;1;1;34;;2 229,87;;5;AZ;84
04504409;1;2;37;1;1;1;1;49;;2 320,18;602,40;3;BE;44
04504698;1;1;31;6;2;1;1;48;;2 340,41;;4;MN;32
04506314;1;2;25;9;1;1;1;38;;3 184,22;3 227,09;9;OQ;11
04506393;1;1;34;5;3;8;1;43;;0,00;;-1;FZ;32
04507268;1;1;54;7;1;2;1;31;;999 999,00;;1;OQ;53
04509943;1;2;26;1;1;2;1;30;;1 153,63;1 582,85;10;OQ;52
04511961;1;1;64;3;1;2;1;99;;3 043,87;1 243,91;15;OQ;84
04512842;1;2;46;1;1;1;1;37;;1 586,62;;6;JZ;93
04513240;1;2;27;7;1;1;2;21;;1 653,93;;11;JZ;76
04513512;1;1;44;5;1;1;1;43;;3 137,75;;10;MN;44
04514435;1;2;48;1;2;1;1;42;;2 071,61;999 999,00;12;BE;93
04514435;2;2;48;1;2;1;2;16;;1 667,46;;3;BE;28
04515910;1;2;50;9;1;1;1;41;;3 349,83;805,78;3;OQ;75
04516598;1;1;51;3;1;1;1;35;;2 022,60;;16;OQ;53
04516720;1;2;37;5;1;9;1;32;;2 513,30;1 080,45;5;MN;84
04517491;1;2;60;4;1;1;1;42;;2 819,00;;5;MN;27
04517597;1;2;30;6;1;1;9;60;;1 947,77;2 207,41;8;RU;32
04517641;1;1;41;6;2;1;1;29;;2 860,48;;7;HZ;84
04518058;1;2;49;6;1;1;1;38;1;2 727,45;1 310,60;5;AZ;84
04518754;1;2;50;4;1;1;1;60;;3 538,59;884,44;6;OQ;11
04519216;1;1;17;3;1;1;1;42;;2 400,50;;1;MN;11
04520214;1;2;27;6;1;1;1;31;4;2 563,19;1 746,29;3;FZ;28
04521938;1;1;63;9;1;1;1;38;;3 296,02;;0;OQ;93
04522624;1;2;64;5;3;8;2;40;;0,00;;-1;FZ;32
04522692;1;2;52;4;1;1;1;41;;1 331,98;2 114,34;5;GZ;11
04524131;1;2;40;3;1;2;2;17;1;1 415,07;779,31;15;MN;11
04525509;1;1;57;7;1;2;1;99;;4 233,52;596,68;11;MN;28
04526364;1;2;38;5;1;1;1;37;2;3 484,88;2 883,19;4;OQ;52
04531433;1;1;45;3;1;1;1;60;1;2 935,46;;13;JZ;84
04533056;1;2;24;3;1;1;1;53;;1 108,50;;1;GZ;75
04533428;1;1;45;9;1;1;1;38;;7 206,04;;29;BE;27
04538056;1;1;25;5;3;8;1;57;;0,00;;-1;MN;11
04540147;1;1;46;6;1;1;1;33;2;2 347,65;;8;RU;44
04540401;1;2;45;5;1;1;2;16;;1 806,77;4 147,00;9;MN;11
04541401;1;2;60;1;2;2;2;15;1;1 340,66;;9;HZ;28
04543687;1;2;28;5;1;1;1;38;2;3 930,20;999 999,00;12;OQ;24
04543767;1;2;50;3;1;1;9;10;;2 083,40;999 999,00;13;GZ;24
04544765;1;1;39;5;1;1;1;35;;2 976,57;;7;OQ;93
04544840;1;1;51;4;1;2;1;35;4;2 945,18;472,96;2;OQ;11
04545116;1;2;35;4;1;9;1;30;;2 284,38;496,29;4;OQ;11
04545917;1;2;49;3;1;1;1;31;;3 192,54;;12;RU;11
04546306;1;1;33;1;3;8;1;60;;0,00;;-1;OQ;28
04546990;1;1;46;1;2;1;2;23;;745,81;219,40;0;OQ;84
04548470;1;1;61;5;3;8;9;48;;0,00;;-1;GZ;44
04549840;1;2;35;5;2;1;1;48;;4 631,69;756,49;1;BE;11
04550446;1;1;54;5;1;1;1;99;;3 462,46;287,29;10;GZ;76
04551730;1;1;40;5;2;1;1;35;;1 959,55;;11;GZ;44
04551784;1;1;50;2;1;1;9;30;1;2 964,94;725,54;18;OQ;93
04552363;1;1;30;5;1;1;1;36;;2 779,58;;2;BE;76
04553083;1;2;33;7;2;2;1;28;;1 898,44;;1;AZ;53
04553406;1;2;30;4;1;1;2;11;;1 888,83;;0;BE;53
04555068;1;2;23;6;1;1;1;31;;1 711,74;3 260,15;7;GZ;53
04555194;1;1;36;6;1;1;1;52;;2 134,50;;17;OQ;75
04555947;1;1;45;4;2;1;1;99;;3 816,44;923,00;10;GZ;11
04556473;1;1;39;7;1;2;1;46;;999 999,00;601,04;5;FZ;53
04556658;1;1;20;6;2;1;2;24;;1 005,62;397,00;4;JZ;52
04561919;1;2;42;1;1;1;1;44;;2 030,12;;3;OQ;27
04564131;1;2;43;5;2;1;2;30;;3 071,56;;5;FZ;84
04564697;1;2;34;4;1;1;1;39;;2 159,77;407,03;2;MN;44
04566290;1;2;51;1;1;1;2;19;;1 103,89;1 338,92;16;JZ;93
04567528;1;1;42;7;1;1;1;30;;2 461,11;174,05;15;MN;84
04570663;1;1;57;6;2;1;1;47;;3 716,20;;11;GZ;32
04572921;1;1;42;6;1;9;1;44;;4 597,13;358,23;3;MN;32
04574141;1;1;58;5;3;8;1;60;;0,00;;-1;GZ;44
04574141;2;1;58;5;3;8;2;52;;0,00;;-1;GZ;84
04574536;1;1;27;3;1;1;1;30;5;1 782,04;720,68;1;OQ;44
04574673;1;2;30;7;3;8;1;56;;0,00;;-1;RU;84
04575199;1;2;28;1;1;1;1;42;;1 040,20;;2;OQ;32
04575199;2;2;28;1;1;1;2;10;;1 383,56;423,02;12;MN;44
04577092;1;1;36;4;1;2;1;41;;2 824,18;385,25;5;AZ;32
04577093;1;1;29;1;1;1;1;34;;1 211,58;;11;GZ;52
04578924;1;2;53;4;2;1;1;27;4;3 026,79;703,46;10;OQ;75
04581205;1;2;47;4;1;1;2;15;;1 833,32;505,40;10;MN;24
04582433;1;1;22;4;1;1;1;42;;1 870,86;579,23;3;BE;52
04582872;1;2;24;3;1;1;1;47;;999 999,00;4 880,89;6;GZ;76
04582909;1;1;34;7;1;1;1;43;;999 999,00;465,83;9;GZ;52
04583714;1;2;64;1;2;1;1;38;;1 587,25;564,85;5;OQ;75
04585750;1;2;45;7;1;2;2;17;;2 363,34;;25;MN;11
04585891;1;1;35;4;1;1;2;28;;1 572,31;3 414,30;3;RU;32
04587180;1;2;41;5;1;2;1;36;;1 969,36;;11;JZ;11
04587180;2;2;41;5;1;1;2;18;;2 039,13;191,98;7;OQ;28
04588520;1;2;63;3;3;8;1;99;;0,00;;-1;RU;11
04589055;1;1;27;3;1;1;1;44;;1 852,04;1 890,15;0;GZ;52
04589259;1;2;25;1;2;3;2;22;;1 286,00;;8;OQ;76
04590046;1;2;62;2;2;1;1;99;;3 691,08;949,29;12;FZ;44
04594784;1;2;28;4;1;2;9;31;;1 994,86;231,72;1;FZ;11
04595506;1;2;20;1;3;8;1;99;;0,00;;-1;FZ;11
04596367;1;2;50;3;3;8;1;53;;0,00;;-1;RU;93
04598170;1;1;29;4;1;1;1;24;;2 528,65;1 397,89;6;BE;52
04598586;1;2;63;5;2;1;1;34;;4 428,07;400,48;6;OQ;27
04599460;1;2;38;5;2;1;1;47;;3 847,16;2 282,75;8;OQ;27
04599928;1;2;51;4;1;3;1;38;;5 320,46;1 144,20;17;GZ;11
04601119;1;2;46;3;2;1;1;37;;1 570,52;747,73;21;HZ;76
04601211;1;2;37;1;1;1;2;99;;1 400,32;1 759,25;10;BE;93
04602514;1;2;45;3;3;8;2;24;;0,00;;-1;OQ;11
04605811;1;1;51;3;1;1;1;60;;999 999,00;1 798,16;9;OQ;75
04605956;1;1;25;7;1;1;1;37;2;999 999,00;2 160,52;0;OQ;84
04605970;1;2;36;6;3;8;9;99;;0,00;;-1;GZ;84
04605970;2;2;36;6;3;8;2;32;9;0,00;;-1;GZ;76
04606201;1;1;50;9;1;1;1;37;;3 519,30;1 848,73;2;MN;76
04606405;1;2;37;5;1;1;1;40;;2 825,68;516,59;4;OQ;11
04606987;1;2;38;6;1;1;1;22;;5 365,75;;10;MN;84
04607373;1;1;48;4;3;8;1;41;;0,00;;-1;BE;52
04607678;1;2;63;3;2;1;1;99;;2 149,61;;11;FZ;84
04607937;1;1;39;7;1;1;2;23;;4 780,18;2 189,60;17;OQ;84
04608271;1;1;61;1;1;1;1;49;;4 125,11;2 859,30;26;HZ;75
04610693;1;1;50;5;1;1;1;29;;4 610,68;;28;OQ;84
04611449;1;1;24;6;1;1;2;26;;2 048,08;;8;GZ;53
04611658;1;1;39;3;1;1;1;41;1;2 496,98;;3;OQ;44
04612099;1;2;47;3;1;1;9;36;;2 454,20;;3;GZ;53
04612191;1;1;53;3;1;1;1;48;;2 736,73;875,00;2;FZ;84
04612474;1;2;61;7;1;1;1;54;;3 598,54;2 191,83;1;RU;75
04612631;1;2;34;6;1;1;1;44;;2 132,54;;4;GZ;44
04614280;1;1;50;7;1;1;1;36;;3 157,36;614,90;4;GZ;76
04614280;2;1;50;7;1;2;2;25;;1 670,03;539,25;0;GZ;24
04617131;1;2;51;7;1;1;1;41;;4 097,25;488,00;2;OQ;53
04622728;1;1;59;3;1;1;1;41;;1 844,36;999 999,00;6;BE;11
04622792;1;1;19;3;1;2;1;35;;1 434,91;;3;RU;11
04624320;1;1;37;3;1;2;1;38;;1 757,41;;5;GZ;11
04624325;1;2;16;7;1;1;2;10;;1 612,13;349,90;0;GZ;44
04627637;1;1;50;7;1;1;2;27;;1 658,05;;1;BE;75
04628969;1;2;30;5;2;1;1;34;;2 297,94;961,22;4;RU;76
04629291;1;1;39;3;1;1;1;31;;1 312,98;;5;OQ;84
04629598;1;2;42;1;1;2;1;35;;1 216,53;436,62;4;FZ;75
04630887;1;2;52;6;1;1;1;46;;2 612,37;;2;OQ;93
04631038;1;2;39;6;2;1;1;38;;2 524,98;;2;OQ;32
04631714;1;1;34;4;1;1;1;39;;3 069,15;;4;JZ;11
04632253;1;1;61;4;1;1;1;38;;3 028,22;;11;AZ;28
04632828;1;1;60;3;1;1;1;38;;2 316,67;;4;MN;32
04634297;1;2;49;3;1;1;1;42;;1 456,94;815,36;2;OQ;11
04636384;1;1;23;3;1;3;1;39;;3 021,12;;4;MN;84
04637027;1;2;26;3;2;1;2;12;;683,96;485,40;4;MN;27
04638008;1;1;37;3;2;1;1;46;;2 526,42;827,06;4;MN;44
04639250;1;2;50;4;1;1;2;12;;1 491,34;;1;BE;75
04639383;1;2;25;2;1;1;2;27;;1 790,29;;9;HZ;11
04643938;1;1;29;7;1;2;1;33;;3 538,47;271,93;1;RU;27
04644415;1;2;53;4;1;1;2;28;;999 999,00;;15;OQ;11
04646491;1;1;33;1;1;1;2;23;;998,44;3 530,14;9;GZ;32
04647738;1;1;55;6;1;1;1;34;;2 820,88;322,29;1;GZ;75
04648277;1;1;58;6;1;1;1;36;;2 192,07;1 038,86;4;FZ;84
04648362;1;2;26;6;1;1;1;35;;1 826,14;;10;GZ;84
04649038;1;2;32;5;1;1;1;35;;1 493,02;;4;MN;44
04649038;2;2;32;5;1;2;1;39;;3 688,77;;16;OQ;44
04654052;1;2;33;1;1;1;2;20;;1 148,62;;1;BE;93
04654482;1;2;59;3;1;1;1;39;;999 999,00;5 266,26;2;GZ;32
04654750;1;2;42;3;1;1;1;40;;2 791,01;;3;BE;11
04655357;1;1;24;7;1;1;1;50;;2 499,89;;0;RU;11
04655754;1;1;39;3;2;1;2;15;1;1 170,79;;3;FZ;11
04655980;1;1;26;4;1;1;1;49;;1 595,23;725,30;3;OQ;84
04657328;1;2;44;3;2;1;1;25;;1 315,15;;2;MN;84
04657695;1;1;39;1;1;2;1;29;;1 571,75;;15;GZ;84
04657755;1;1;48;7;1;1;1;41;;3 639,02;;1;OQ;84
04658056;1;2;60;1;1;2;2;25;;932,22;;21;GZ;93
04661965;1;1;35;6;2;2;1;39;;2 453,13;1 779,96;8;OQ;11
04662532;1;2;56;5;1;1;1;53;;4 427,09;;4;OQ;93
04662532;2;2;56;5;1;1;1;53;;1 724,13;;4;GZ;93
04663734;1;1;44;4;1;1;1;29;;5 051,80;1 245,66;2;BE;84
04665702;1;1;50;3;2;1;1;48;;3 491,09;372,53;1;OQ;84
04666251;1;2;22;3;3;8;1;55;;0,00;;-1;BE;11
04666368;1;1;21;4;2;1;1;47;;3 348,18;137,92;5;OQ;28
04666607;1;1;48;1;1;1;1;56;;1 958,98;3 810,69;6;OQ;75
04667556;1;1;41;9;2;1;1;54;;1 549,10;;2;GZ;93
04670959;1;1;74;5;2;1;1;38;;6 806,00;;23;HZ;93
04677204;1;1;21;3;1;1;1;31;;1 638,56;;5;GZ;32
04679099;1;2;25;3;1;1;1;28;;4 787,36;;1;BE;75
04680230;1;2;58;7;1;1;1;45;;5 489,61;;5;GZ;11
04683699;1;1;63;4;1;2;9;40;1;2 768,02;;7;BE;93
04683699;2;1;63;4;1;1;2;8;;1 519,26;561,13;2;OQ;11
04684185;1;2;73;3;2;1;2;12;;1 675,52;;11;BE;28
04688463;1;2;45;1;2;1;1;49;;2 410,89;1 169,31;9;OQ;75
04689689;1;1;54;4;1;3;2;12;;3 070,59;1 853,77;8;BE;84
04689962;1;2;28;9;1;2;1;39;;1 345,58;;11;MN;32
04689962;2;2;28;9;1;1;1;34;;1 170,03;936,29;5;HZ;11
04690338;1;1;33;1;2;1;1;34;;1 998,06;470,63;1;JZ;53
04693793;1;2;30;7;1;1;1;31;;2 114,80;;4;RU;44
04694378;1;1;45;1;1;1;1;32;;1 591,72;352,57;0;GZ;52
04694801;1;2;54;1;2;1;1;38;;3 923,21;;8;RU;84
04696584;1;2;36;2;1;1;1;40;;1 666,25;;3;MN;84
04697252;1;2;41;1;1;1;1;51;;1 639,06;;3;OQ;52
04699571;1;2;32;9;1;1;1;27;;1 979,04;;16;RU;27
04700513;1;2;29;4;1;2;1;44;;1 979,34;355,78;8;BE;28
04700513;2;2;29;4;1;1;2;28;;1 292,05;;9;AZ;84
04702585;1;1;20;1;1;1;1;22;;1 148,12;;4;OQ;28
04708214;1;2;39;4;1;1;2;8;;999 999,00;1 052,53;5;MN;84
04711004;1;1;15;1;3;8;1;50;;0,00;;-1;OQ;11
04711654;1;2;39;7;3;8;1;59;;0,00;;-1;FZ;28
04711800;1;1;37;1;2;1;1;33;;1 428,97;;5;GZ;32
04711894;1;1;36;4;1;2;1;34;;1 254,23;;0;FZ;44
04711894;2;1;36;4;1;1;1;42;;2 822,20;533,40;2;GZ;75
04712078;1;2;33;4;2;1;2;17;;1 770,88;897,39;2;FZ;75
04712435;1;2;51;3;1;1;1;32;;999 999,00;;0;BE;53
04713291;1;1;48;6;1;3;1;45;;3 132,55;999 999,00;4;HZ;32
04714163;1;1;46;3;2;1;1;43;;2 723,65;1 226,94;3;GZ;76
04714163;2;1;46;3;2;1;2;9;;1 435,90;;3;BE;11
04714575;1;2;50;4;2;1;2;16;;1 462,58;971,47;3;BE;11
04715337;1;2;43;9;2;1;2;24;;2 451,76;;20;OQ;84
04718004;1;2;52;3;2;1;1;44;;2 947,96;;2;MN;44
04718004;2;2;52;3;2;1;2;99;;1 204,31;521,51;5;BE;76
04718149;1;1;28;1;1;1;1;35;;1 552,13;;12;OQ;44
04718411;1;2;40;3;1;1;2;22;;687,20;2 917,87;6;GZ;84
04718646;1;1;48;4;1;1;1;43;;2 675,18;;2;OQ;76
04719212;1;2;36;2;1;1;1;41;;1 057,06;;2;JZ;93
04719846;1;1;47;3;1;1;1;37;;2 451,16;;15;JZ;93
04722047;1;2;39;3;3;8;1;57;;0,00;;-1;MN;76
04722887;1;2;59;7;1;1;1;30;;999 999,00;743,84;20;AZ;44
04723697;1;2;17;9;1;2;1;33;;4 049,01;;1;OQ;52
04726000;1;1;25;6;2;1;1;32;;2 374,07;;3;GZ;93
04727389;1;2;55;7;1;1;1;38;1;2 559,29;1 373,15;3;OQ;32
04727811;1;2;50;4;2;1;1;36;;5 570,98;;7;OQ;76
04728187;1;2;60;1;2;1;2;15;;1 783,86;;3;OQ;32
04729145;1;2;30;5;2;1;2;26;;1 981,79;7 317,56;3;AZ;32
04729145;2;2;30;5;2;1;2;14;;1 205,84;;0;BE;93
04729583;1;1;55;7;1;1;1;45;;3 935,71;;6;GZ;76
04729583;2;1;55;7;1;1;9;21;1;2 871,70;234,15;5;OQ;11
04730163;1;2;28;3;1;1;2;99;;1 133,69;5 242,13;2;OQ;84
04731625;1;1;64;3;1;1;9;32;2;3 873,73;;8;MN;28
04731891;1;2;55;6;3;8;1;60;;0,00;;-1;HZ;28
04732274;1;2;43;4;3;8;1;60;;0,00;;-1;GZ;24
04737322;1;2;53;4;1;2;1;36;;1 782,52;;11;GZ;32
04739542;1;2;62;3;2;1;1;37;;3 042,28;828,21;8;OQ;11
04739542;2;2;62;3;2;1;1;38;;2 857,63;;18;OQ;44
04740193;1;2;28;3;1;1;2;27;;1 231,62;323,14;10;GZ;44
04742601;1;2;32;5;2;2;1;40;;2 730,59;;15;RU;44
04743147;1;1;41;7;1;1;1;59;2;10 000,00;443,08;3;FZ;32
04745295;1;2;33;1;1;1;1;35;;1 197,57;;9;JZ;11
04745410;1;2;52;6;2;1;1;39;;1 979,21;2 349,17;5;GZ;84
04745757;1;2;38;6;1;1;1;33;5;2 603,70;287,29;9;RU;28
04746150;1;1;48;3;1;1;1;42;;2 488,91;;7;OQ;53
04748057;1;2;22;4;2;1;1;36;;1 876,87;;6;BE;32
04748858;1;2;52;5;1;1;1;39;;2 507,69;;14;GZ;32
04749634;1;1;47;2;1;1;1;59;;1 407,04;;5;OQ;28
04749770;1;2;63;5;1;1;2;18;;3 846,00;;3;GZ;11
04750260;1;1;64;6;3;8;1;60;;0,00;;-1;OQ;53
04750260;2;1;64;6;3;8;2;41;;0,00;;-1;GZ;11
04751395;1;1;29;2;1;1;9;34;2;999 999,00;1 690,81;9;OQ;11
04756081;1;1;32;2;2;1;9;34;;2 460,46;;10;GZ;93
04756327;1;2;62;3;2;1;1;35;;1 947,21;793,91;3;BE;28
04756327;2;2;62;3;2;3;1;37;;1 259,62;;1;GZ;27
04756387;1;2;51;7;3;8;1;53;;0,00;;-1;OQ;44
04756760;1;2;64;4;1;1;1;38;;1 809,31;;2;GZ;32
04757719;1;1;49;3;1;1;1;39;;1 883,41;507,70;9;BE;76
04759810;1;1;36;2;1;1;1;31;;2 312,14;;0;BE;11
04763898;1;2;28;7;1;2;1;31;;2 320,35;2 381,38;12;BE;84
04768255;1;2;28;7;2;1;1;40;;5 401,02;;12;GZ;76
04768429;1;1;59;4;1;3;1;39;;4 342,03;2 830,03;1;MN;32
04770137;1;1;23;2;1;2;1;35;;2 488,07;;3;OQ;27
04770391;1;1;35;7;1;1;1;43;;4 094,13;1 071,12;12;OQ;11
04771195;1;1;49;5;1;2;1;32;;2 730,13;1 547,69;6;RU;28
04772126;1;2;41;7;3;8;1;51;;0,00;;-1;MN;75
04776608;1;2;38;5;1;1;1;31;;10 000,00;672,00;3;JZ;11
04778019;1;1;58;3;1;1;1;37;2;3 005,11;;6;BE;11
04781578;1;2;64;6;1;2;1;31;;3 198,01;;11;HZ;52
04781645;1;2;42;7;1;1;1;48;;2 226,40;1 009,94;4;MN;76
04783811;1;2;51;3;2;1;1;44;;2 777,82;;3;HZ;44
04784255;1;2;45;1;1;1;1;39;1;2 626,31;;11;OQ;75
04784255;2;2;45;1;1;1;2;27;;2 467,70;;1;RU;93
04785448;1;1;28;3;1;1;1;42;;3 218,40;;7;OQ;28
04786701;1;1;41;7;3;8;1;38;;0,00;;-1;OQ;53
04786724;1;1;23;1;2;1;1;35;;1 894,98;;6;BE;52
04786724;2;1;23;1;2;2;2;20;;1 273,52;;1;OQ;11
04791924;1;1;29;3;1;1;1;34;1;1 384,54;1 650,03;3;OQ;27
04792431;1;2;24;6;1;1;1;38;;2 776,21;;8;FZ;93
04792591;1;2;52;6;1;1;1;99;;3 125,67;1 331,77;11;OQ;76
04798276;1;2;33;5;2;1;1;40;;999 999,00;;6;GZ;52
04798560;1;2;59;7;1;1;1;39;;999 999,00;5 021,10;22;MN;11
04799275;1;1;37;6;1;1;1;34;;1 235,36;;0;BE;11
04800749;1;1;62;5;2;2;1;24;;3 322,49;1 491,40;6;OQ;11
04802350;1;1;27;7;1;2;1;99;;3 481,43;;3;AZ;24
04802350;2;1;27;7;1;1;1;30;;3 608,41;;2;OQ;84
04802888;1;2;41;4;1;1;1;43;;1 646,96;;5;GZ;44
04803888;1;2;60;7;2;1;1;35;;2 907,78;;3;JZ;52
04806203;1;1;21;7;1;1;1;34;;4 393,98;;5;OQ;27
04809307;1;2;62;3;1;1;2;27;1;1 386,61;507,09;1;HZ;11
04809307;2;2;62;3;1;3;2;29;;1 222,37;3 804,19;0;HZ;28
04811696;1;1;52;2;2;1;1;49;;3 481,84;;1;OQ;44
04812383;1;2;45;3;1;1;1;30;;2 225,10;;10;RU;44
04813929;1;2;39;6;1;2;1;25;;4 512,55;;1;OQ;84
04813989;1;1;23;3;2;1;1;37;;2 325,81;309,62;3;GZ;24
04814927;1;2;50;7;1;1;9;26;2;1 171,26;;2;GZ;75
04817244;1;2;25;6;2;2;1;43;;2 318,02;;0;BE;75
04818796;1;2;26;4;1;1;2;13;;1 251,98;1 467,21;6;FZ;84
04818796;2;2;26;4;1;1;2;12;;1 704,04;999 999,00;7;OQ;32
04819788;1;1;46;1;1;2;1;39;;1 607,47;1 398,43;11;RU;32
04820077;1;2;61;3;1;1;9;47;;2 007,88;;1;GZ;93
04821874;1;1;45;5;1;1;1;43;;3 716,46;400,92;1;GZ;11
04821950;1;2;34;3;1;1;1;49;1;3 204,22;;10;MN;75
04823875;1;1;25;4;1;1;1;31;;991,06;626,41;1;GZ;75
04824144;1;1;63;7;1;2;1;39;;6 754,41;483,93;2;BE;44
04824213;1;1;26;7;1;1;1;99;2;2 621,86;503,57;10;OQ;76
04824498;1;1;44;1;1;2;1;99;;1 392,43;;3;OQ;28
04825734;1;1;22;5;2;1;1;99;;1 867,05;;6;OQ;11
04826541;1;1;28;5;1;1;1;46;;3 032,88;3 079,77;0;OQ;84
04826758;1;1;62;2;2;1;9;40;1;2 856,30;2 771,35;1;AZ;44
04827449;1;1;30;1;2;1;1;38;;1 779,10;;13;BE;24
04827449;2;1;30;1;2;1;2;28;;854,28;580,76;1;BE;11
04830079;1;1;34;3;1;1;2;27;;1 172,02;;10;BE;53
04830441;1;1;64;1;1;2;1;60;4;804,38;1 153,48;2;OQ;84
04830443;1;1;26;9;1;2;1;37;;2 287,67;1 843,10;0;AZ;11
04830443;2;1;26;9;1;1;9;27;;2 570,46;;10;OQ;32
04831143;1;2;47;3;1;1;1;40;;1 961,67;179,63;6;FZ;75
04831624;1;1;58;2;2;1;1;35;1;2 101,07;583,85;3;AZ;11
04832705;1;2;49;1;1;1;9;16;;758,75;;6;HZ;52
04835750;1;1;33;1;1;1;1;39;;1 446,09;1 272,39;3;HZ;11
04837671;1;2;27;3;1;1;2;21;;675,12;;8;OQ;75
04838025;1;1;46;4;1;1;1;44;;4 046,17;995,07;3;RU;53
04839684;1;2;50;3;2;1;2;28;;1 408,18;527,80;4;OQ;11
04840831;1;2;26;7;2;1;1;43;;2 310,50;1 165,87;7;GZ;24
04840945;1;1;32;6;1;1;1;34;;3 629,36;392,49;2;GZ;11
04841088;1;2;37;2;1;1;1;36;;1 405,50;761,05;2;HZ;84
04841325;1;1;63;6;1;1;1;40;;3 710,53;1 161,31;1;OQ;11
04841367;1;1;54;3;1;1;1;34;;2 839,02;;1;MN;84
04841796;1;1;42;7;1;2;1;40;;5 902,93;;5;OQ;24
04842680;1;1;30;1;1;1;1;37;;1 222,06;;14;OQ;75
04843255;1;2;44;3;2;1;2;21;;1 635,94;2 059,28;9;BE;32
04845052;1;2;39;9;1;2;1;41;;3 591,65;;6;OQ;32
04845136;1;2;46;3;1;1;9;32;;2 897,83;1 428,99;4;OQ;24
04846269;1;2;57;5;2;1;1;43;;1 812,23;321,56;1;HZ;84
04846311;1;1;34;6;1;1;1;31;;4 429,09;699,15;2;GZ;93
04847114;1;1;42;7;3;8;1;99;;0,00;;-1;HZ;93
04849066;1;1;35;7;1;1;1;31;;999 999,00;220,86;10;MN;11
04849104;1;2;61;3;2;1;1;34;;1 789,17;;5;GZ;44
04849275;1;1;52;5;3;8;1;60;;0,00;;-1;BE;11
04849587;1;1;25;7;2;2;2;11;;1 110,45;523,94;5;JZ;53
04849962;1;1;45;9;1;1;1;40;;2 303,13;1 083,80;5;FZ;11
04851131;1;2;58;2;1;3;1;30;;1 556,48;740,40;6;GZ;27
04851397;1;1;33;4;1;1;1;36;1;999 999,00;;17;OQ;44
04851642;1;1;35;3;1;1;1;38;;2 795,08;2 029,90;18;GZ;44
04855494;1;2;22;1;1;2;1;60;;1 507,91;1 762,11;1;BE;52
04857024;1;1;29;4;3;8;1;60;;0,00;;-1;OQ;93
04861600;1;2;56;6;1;1;9;43;;4 347,93;887,90;22;BE;32
04861600;2;2;56;6;1;2;2;25;1;2 743,40;1 666,60;14;FZ;75
04861765;1;2;35;1;1;1;1;37;;2 136,04;;3;OQ;93
04865836;1;2;46;4;1;1;2;8;;999 999,00;1 556,86;0;RU;84
04866144;1;1;37;3;1;1;1;35;;999 999,00;;12;OQ;11
04866590;1;2;53;2;1;1;1;42;2;3 893,06;385,74;12;GZ;11
04868396;1;1;43;5;1;1;2;21;1;1 056,85;;2;GZ;93
04870331;1;1;25;1;1;1;1;36;2;1 262,73;;1;BE;53
04871863;1;1;58;5;1;1;1;46;;2 823,59;;3;BE;11
04872393;1;2;37;7;1;1;2;30;;1 618,47;;12;JZ;76
04872956;1;2;37;9;1;1;1;39;;2 268,05;;16;JZ;28
04873473;1;1;58;5;1;2;1;43;;5 389,66;2 239,28;8;MN;11
04873476;1;1;40;5;1;1;1;31;;3 928,19;;3;MN;44
04873852;1;1;46;7;2;1;1;37;;3 757,54;;5;RU;84
04876244;1;1;34;7;1;1;1;40;;999 999,00;1 192,48;1;GZ;75
04877076;1;1;46;5;1;1;1;42;;4 558,15;1 807,59;24;FZ;11
04878958;1;1;50;4;1;2;1;41;;999 999,00;;11;HZ;44
04879211;1;2;50;2;1;1;1;39;;2 028,71;382,11;3;GZ;11
04881584;1;1;36;9;1;1;1;33;;2 740,29;;13;BE;84
04882110;1;1;21;7;2;1;1;34;1;2 473,57;;5;JZ;75
04882114;1;1;29;5;1;1;1;29;;9 624,89;;13;GZ;32
04886901;1;1;34;4;1;1;1;41;;3 333,64;;16;HZ;76
04886901;2;1;34;4;1;1;1;29;;2 257,39;;7;BE;44
04888834;1;1;26;6;1;1;1;47;1;2 311,25;;2;BE;75
04892765;1;1;51;3;1;2;1;99;;3 980,90;813,98;14;OQ;75
04896806;1;2;54;4;1;1;1;48;;2 402,64;585,13;2;RU;11
04898733;1;2;56;9;1;1;1;53;;2 001,18;1 991,74;5;MN;76
04900394;1;2;53;7;3;8;1;55;;0,00;;-1;GZ;24
04900396;1;1;56;3;1;1;1;43;;4 359,33;4 839,54;8;OQ;27
04901249;1;1;31;9;1;1;2;19;;1 166,18;999 999,00;5;BE;32
04902583;1;1;43;7;1;1;1;34;;2 388,35;;9;OQ;84
04902583;2;1;43;7;1;1;2;9;;1 504,40;;8;OQ;32
04902747;1;1;45;7;1;2;1;41;;2 919,62;;9;MN;27
04903125;1;2;45;5;1;1;9;21;;1 483,21;;5;OQ;84
04903154;1;1;35;2;1;1;1;44;;2 368,92;3 019,88;13;GZ;27
04903264;1;2;23;4;1;1;2;17;;1 583,64;;1;BE;24
04903264;2;2;23;4;1;1;2;29;;682,33;2 762,96;5;RU;44
04905465;1;2;30;4;1;1;1;44;;1 102,36;;1;GZ;11
04907642;1;2;62;4;1;9;1;46;;2 037,43;;5;OQ;84
04910190;1;2;32;4;1;1;9;21;;1 425,30;;7;OQ;11
04910437;1;2;43;3;1;2;1;26;;1 583,80;647,79;2;BE;27
04913750;1;1;40;1;2;2;1;33;;1 859,27;;0;BE;84
04914228;1;2;51;4;1;1;2;17;;1 881,44;1 868,97;10;BE;27
04915537;1;2;26;4;2;2;1;39;;1 683,77;;10;GZ;75
04915696;1;1;23;3;1;1;1;33;;4 409,03;983,90;5;MN;44
04915785;1;2;38;4;1;1;2;30;;1 324,82;2 486,60;7;JZ;75
04917970;1;2;44;7;1;1;1;48;;5 301,92;;6;HZ;53
04917970;2;2;44;7;1;1;2;22;;1 044,28;;1;OQ;75
04919748;1;1;42;1;1;1;1;45;;2 858,86;1 819,02;3;OQ;93
04922047;1;1;52;9;1;1;1;46;;6 422,96;;9;FZ;76
04922537;1;1;41;4;2;2;1;44;;2 036,19;;1;GZ;11
04924263;1;1;57;5;1;1;1;42;;6 015,08;;2;GZ;44
04924263;2;1;57;5;1;1;9;19;;1 786,00;524,36;1;MN;75
04924926;1;2;34;3;1;1;1;49;;1 583,50;;1;BE;75
04927063;1;1;37;1;1;1;1;37;;2 731,43;1 662,21;1;OQ;27
04927636;1;2;36;1;1;1;1;33;;1 557,68;266,26;1;MN;11
04928788;1;1;33;6;1;1;1;39;;2 736,67;;3;FZ;27
04929546;1;1;38;5;1;1;1;39;;2 258,58;1 789,99;1;GZ;32
04929617;1;2;32;3;1;1;2;20;;876,60;;0;HZ;75
04929617;2;2;32;3;1;1;2;22;;700,75;;7;GZ;52
04930307;1;1;34;6;3;8;1;48;2;0,00;;-1;OQ;44
04931038;1;2;22;6;1;1;2;10;;2 019,97;1 541,97;6;FZ;84
04931038;2;2;22;6;1;1;2;12;;895,79;;6;HZ;32
04932334;1;2;42;4;1;2;1;37;;2 680,71;;1;OQ;24
04933860;1;1;45;5;1;1;9;33;;2 985,75;;24;FZ;75
04933860;2;1;45;5;1;1;2;12;;1 721,85;4 046,94;11;HZ;11
04934186;1;1;62;9;1;1;1;50;;4 231,20;942,69;14;BE;32
04935927;1;1;33;3;1;1;2;27;2;819,38;1 497,95;17;BE;76
04936584;1;1;52;5;1;1;1;30;;3 059,32;78,01;4;FZ;84
04938225;1;1;47;9;1;1;1;39;;2 581,68;;5;AZ;52
04938433;1;1;22;1;1;1;1;46;;1 305,71;;2;GZ;53
04938512;1;1;53;6;2;1;1;26;;9 267,45;692,18;2;OQ;84
04938512;2;1;53;6;2;2;2;99;1;1 635,96;2 039,02;1;RU;11
04941117;1;2;49;6;1;1;9;42;;3 974,14;;7;MN;28
04941853;1;1;49;4;2;1;1;48;;1 845,71;;2;MN;44
04941899;1;2;35;5;2;2;1;38;;4 384,63;288,73;10;MN;53
04942367;1;1;42;3;1;1;1;34;;2 999,57;1 062,44;3;HZ;53
04947715;1;2;39;7;1;1;1;29;;2 356,26;;3;HZ;32
04948102;1;2;52;3;1;1;2;27;;1 452,73;;0;MN;84
04948205;1;1;43;9;2;1;9;40;;2 185,87;;13;OQ;76
04950813;1;2;31;2;1;1;2;11;;999 999,00;;1;FZ;93
04951248;1;2;53;6;3;8;1;53;1;0,00;;-1;OQ;11
04953263;1;2;55;7;1;3;2;9;;1 761,83;913,84;7;OQ;32
04956105;1;1;29;9;1;1;1;30;;1 767,77;1 257,71;5;OQ;76
04957508;1;1;44;6;2;1;1;45;;999 999,00;;21;OQ;32
04959110;1;2;57;3;1;1;1;35;;1 696,54;1 310,91;0;AZ;28
04961805;1;2;24;9;2;1;1;35;;959,80;;0;JZ;76
04963136;1;1;62;1;3;8;2;25;;0,00;;-1;GZ;93
04963313;1;1;51;7;1;1;9;47;;999 999,00;3 264,01;12;OQ;28
04967167;1;2;52;1;1;2;2;22;;1 087,47;1 384,50;12;MN;32
04967538;1;1;40;4;1;2;1;60;;2 153,32;;3;GZ;93
04967919;1;1;35;4;2;1;1;42;;2 053,65;;3;GZ;84
04971412;1;1;42;7;3;8;1;47;;0,00;;-1;AZ;52
04971589;1;2;52;7;1;1;1;43;;6 461,49;2 314,10;14;OQ;27
04971589;2;2;52;7;1;2;2;10;;2 199,01;5 332,28;2;FZ;11
04972430;1;2;42;3;1;9;2;28;;999 999,00;;7;AZ;76
04973523;1;1;37;5;1;3;1;31;;2 776,86;;9;OQ;84
04973761;1;2;43;4;2;2;2;19;;2 280,73;;19;FZ;11
04974436;1;1;45;3;1;2;1;39;1;1 763,37;821,35;6;OQ;28
04975152;1;2;50;9;2;2;1;41;;4 350,73;;0;FZ;44
04976591;1;2;29;6;2;1;1;60;;2 319,08;;13;MN;76
04977596;1;2;22;4;3;8;1;32;;0,00;;-1;MN;76
04977693;1;1;33;5;1;1;1;34;;2 882,86;571,89;8;JZ;52
04978744;1;2;35;3;2;1;1;39;2;2 031,36;2 094,78;19;BE;28
04981169;1;1;17;2;1;1;1;42;;1 089,33;603,99;1;OQ;44
04981760;1;1;52;3;1;1;1;99;;3 382,65;999 999,00;17;JZ;11
04982760;1;2;31;4;1;3;2;17;;1 663,35;999 999,00;5;OQ;11
04984781;1;1;59;3;2;1;1;40;;3 621,35;1 658,67;11;GZ;76
04985929;1;1;31;4;1;2;1;43;;999 999,00;999 999,00;12;BE;75
04988339;1;1;54;1;1;1;1;38;;2 567,60;;11;BE;52
04995087;1;1;50;5;1;1;1;32;;5 702,56;;4;BE;53
04996630;1;1;48;3;2;2;1;43;4;1 988,14;1 993,60;1;BE;53
04999549;1;1;20;1;3;8;1;53;;0,00;;-1;OQ;24
05000754;1;2;52;3;1;2;2;13;;1 901,66;186,44;6;FZ;27
05003115;1;2;34;3;2;1;2;24;1;1 554,44;234,44;18;OQ;11
05004119;1;1;20;4;1;9;1;32;;1 066,35;;3;GZ;32
05005506;1;2;24;1;2;9;1;39;;1 426,15;;8;BE;93
05005907;1;2;36;7;2;1;1;43;;2 367,24;;12;BE;75
05006055;1;1;21;3;3;8;1;60;1;0,00;;-1;HZ;53
05007854;1;1;32;1;1;1;1;38;;1 631,93;624,11;2;JZ;11
05008359;1;1;50;7;3;8;1;56;1;0,00;;-1;BE;84
05010325;1;1;54;6;1;1;1;41;;2 790,33;;0;OQ;11
05010849;1;1;43;7;2;1;1;34;;999 999,00;2 684,45;4;RU;84
05011085;1;2;61;5;2;1;1;34;;2 480,38;;1;OQ;52
05013367;1;2;54;7;1;1;2;17;;3 410,77;;13;MN;84
05016043;1;2;51;5;1;1;9;14;1;3 101,32;13 501,71;13;BE;75
05016144;1;1;41;5;1;1;1;33;;1 955,36;;1;MN;84
05016468;1;2;44;6;1;1;2;13;;1 172,37;1 033,97;1;MN;84
05017988;1;1;51;4;1;2;1;38;2;1 923,94;;0;MN;44
05019160;1;1;50;5;1;1;2;12;;2 281,39;621,62;13;OQ;44
05020601;1;2;38;3;3;8;1;55;;0,00;;-1;BE;32
05020601;2;2;38;3;3;8;2;53;;0,00;;-1;BE;11
05022191;1;1;36;5;1;1;1;43;;3 709,55;;10;OQ;28
05022678;1;1;38;7;1;1;1;44;;3 549,50;;7;MN;75
05023076;1;1;42;4;1;1;1;55;;3 156,18;836,80;9;GZ;27
05023724;1;1;27;1;2;1;1;42;;1 586,09;793,11;2;MN;84
05024102;1;1;28;5;3;8;1;58;;0,00;;-1;HZ;27
05025537;1;2;25;7;1;1;2;22;;1 558,68;;9;GZ;84
05025693;1;1;28;3;2;1;1;41;;1 666,55;;3;GZ;52
05026619;1;2;34;5;1;2;2;20;;1 970,47;6 141,26;12;GZ;93
05029737;1;1;36;1;1;1;2;20;;1 001,73;;5;BE;93
05029737;2;1;36;1;1;1;2;22;;788,65;;9;BE;52
05031069;1;2;32;5;1;1;2;11;;1 124,96;;1;GZ;84
05031188;1;2;57;3;1;1;2;17;;830,32;;1;HZ;75
05037001;1;1;48;3;1;9;1;46;;2 351,65;;19;JZ;76
05037887;1;1;49;3;1;1;1;34;;2 110,13;999 999,00;0;OQ;76
05039511;1;1;38;5;1;1;1;99;;999 999,00;;4;OQ;44
05040491;1;1;55;3;2;1;1;37;;1 666,88;1 337,29;2;GZ;53
05040867;1;1;52;4;2;1;2;27;;1 823,93;;9;MN;93
05041701;1;1;49;7;2;1;1;99;;3 671,35;2 972,93;2;GZ;76
05042030;1;1;31;4;1;1;1;39;;999 999,00;1 728,86;2;MN;93
05042041;1;2;34;6;2;1;1;46;;10 000,00;545,22;0;OQ;93
05042624;1;1;59;2;1;1;1;42;;1 251,76;2 492,72;18;BE;11
05042705;1;2;42;4;1;1;1;39;;1 541,40;;4;OQ;27
05042760;1;1;53;6;1;1;1;33;;3 087,56;1 591,69;4;FZ;24
05045107;1;2;57;3;2;1;1;38;;2 354,27;846,58;4;FZ;52
05046103;1;1;22;1;1;1;1;38;5;1 310,10;;6;MN;44
05047182;1;1;23;1;1;2;1;50;;1 125,51;938,16;2;GZ;84
05048711;1;2;64;3;1;2;1;38;;2 025,60;1 327,62;1;GZ;75
05049193;1;2;51;4;2;3;1;40;;3 061,26;577,70;7;RU;11
05050901;1;1;62;3;1;3;2;22;;1 988,84;;6;BE;76
05051637;1;1;57;1;3;8;2;52;;0,00;;-1;HZ;75
05052153;1;2;35;6;1;1;1;36;;2 115,06;991,53;5;OQ;11
05053488;1;2;47;7;1;2;1;34;;10 000,00;466,22;1;OQ;84
05054957;1;2;46;7;1;1;1;33;;3 859,85;2 016,47;9;OQ;11
05056194;1;1;62;6;1;2;1;29;1;3 910,05;;2;OQ;84
05058143;1;1;43;7;1;1;1;99;;2 122,95;;27;OQ;93
05058315;1;2;30;6;1;1;1;37;;3 341,69;;14;FZ;76
05061170;1;2;25;4;3;8;2;99;;0,00;;-1;HZ;27
05062258;1;2;41;6;1;2;1;39;;3 002,81;;7;OQ;52
05062634;1;2;41;2;1;1;1;42;1;1 752,92;;9;GZ;93
05064101;1;1;46;2;1;1;1;37;;2 555,84;999 999,00;11;GZ;11
05064421;1;1;57;5;2;9;1;46;2;3 650,68;1 763,38;21;MN;84
05065389;1;1;53;6;2;1;2;14;;2 174,76;851,93;13;MN;75
05065739;1;2;40;7;1;1;1;30;2;3 324,63;909,54;1;OQ;93
05069884;1;1;24;6;1;1;1;24;;2 897,24;;8;OQ;53
05069993;1;2;37;3;1;1;1;42;;1 555,74;1 960,33;2;OQ;84
05070039;1;2;43;3;1;1;1;40;;3 105,38;873,85;12;OQ;32
05070189;1;2;56;4;1;1;1;42;;2 209,19;;1;GZ;76
05070424;1;2;52;9;1;1;1;41;;999 999,00;;5;FZ;32
05070456;1;2;34;5;1;1;1;30;;3 063,87;916,84;1;BE;24
05073083;1;2;33;7;2;1;1;99;;2 869,52;505,15;1;BE;24
05073807;1;2;64;4;1;2;2;24;;873,73;;13;JZ;76
05075818;1;1;38;6;2;1;2;15;;2 332,33;738,42;1;OQ;32
05075978;1;2;57;7;1;2;1;36;;3 035,85;;4;OQ;75
05077683;1;1;50;2;1;1;1;31;;1 879,79;;4;OQ;27
05079544;1;2;38;5;1;1;1;41;;3 246,79;588,58;15;GZ;11
05079544;2;2;38;5;1;1;2;24;;3 699,60;1 461,02;12;OQ;76
05080952;1;1;54;5;1;1;1;27;;5 434,40;;3;BE;27
05081017;1;1;32;3;2;1;1;59;;1 740,40;1 605,85;6;RU;53
05081254;1;2;63;7;1;1;1;36;;1 897,16;2 564,38;5;MN;11
05081939;1;2;43;4;1;1;1;27;;3 460,85;;2;GZ;28
05082322;1;2;39;4;2;1;1;35;;3 590,82;1 240,44;4;OQ;75
05084196;1;1;40;7;2;2;1;99;;999 999,00;525,56;3;GZ;52
05085812;1;2;47;6;2;1;1;37;;7 081,17;;28;GZ;32
05087190;1;2;28;4;1;2;1;36;;2 822,63;;12;FZ;44
05088871;1;2;55;6;3;8;2;38;;0,00;;-1;OQ;11
05089013;1;2;32;1;2;1;2;26;;985,68;627,83;4;OQ;27
05090125;1;1;30;5;1;9;1;42;;3 468,51;;4;OQ;27
05091840;1;2;27;7;2;1;1;39;;999 999,00;;2;RU;75
05094464;1;1;59;2;3;8;1;60;;0,00;;-1;HZ;11
05095376;1;2;15;3;1;1;9;19;;950,37;638,63;0;JZ;44
05096104;1;2;24;1;2;2;1;32;;1 271,76;999 999,00;8;RU;28
05097502;1;1;34;2;1;1;1;39;;1 403,24;956,01;0;BE;84
05098390;1;1;64;3;1;1;1;40;;2 583,51;1 022,06;6;GZ;84
05099560;1;2;30;4;1;1;9;60;;3 676,16;;2;OQ;75
05099892;1;2;43;5;1;1;1;40;;3 351,11;3 216,66;8;GZ;84
05100547;1;1;28;3;2;1;1;40;;1 660,75;;2;OQ;11
05100688;1;1;24;5;1;2;1;44;;1 381,57;;4;GZ;52
05101198;1;1;45;1;3;8;2;48;;0,00;999 999,00;-1;OQ;76
05101640;1;2;34;4;1;1;2;26;1;1 176,21;3 416,53;1;HZ;52
05105372;1;2;20;6;1;1;1;32;;2 532,57;1 628,12;4;BE;75
05105701;1;2;36;5;2;1;1;38;;2 540,27;;7;GZ;32
05105701;2;2;36;5;2;1;2;20;;1 837,99;;15;HZ;75
05105953;1;1;46;4;1;1;2;28;;1 000,50;1 417,04;1;JZ;11
05106746;1;2;51;1;1;9;1;33;;1 535,09;;12;AZ;76
05107012;1;1;55;2;2;1;1;40;;1 782,94;;1;GZ;32
05107302;1;2;57;5;1;1;1;44;;999 999,00;;6;OQ;93
05108819;1;2;52;7;1;1;2;26;5;4 173,28;849,75;8;OQ;53
05108819;2;2;52;7;1;1;2;16;;1 158,91;;2;OQ;93
05109318;1;1;26;4;1;1;2;15;;1 318,78;656,32;9;MN;93
05112342;1;2;45;1;1;1;1;25;5;2 191,05;838,79;2;MN;52
05113252;1;1;20;7;1;1;1;29;;4 093,36;1 700,15;4;OQ;76
05114474;1;2;53;7;3;8;1;60;;0,00;;-1;GZ;11
05116244;1;1;19;4;1;1;1;37;;1 377,65;;3;MN;28
05118664;1;2;27;3;1;1;1;36;;3 691,47;;2;OQ;28
05119346;1;1;31;4;1;2;1;35;;2 602,73;;3;FZ;93
05119378;1;2;25;6;2;2;1;39;;8 811,64;1 084,31;9;JZ;84
05121413;1;2;21;4;2;1;1;42;2;1 775,06;486,43;5;HZ;53
05122176;1;2;23;5;1;1;1;43;;1 740,44;1 063,63;5;OQ;27
05124461;1;1;35;3;2;1;1;39;;1 181,20;989,90;7;GZ;11
05124977;1;1;39;6;2;1;1;40;;3 104,69;;4;BE;84
05125616;1;1;22;2;3;8;1;52;;0,00;;-1;GZ;44
05125752;1;1;61;9;1;1;1;99;;2 706,06;356,90;8;OQ;11
05126401;1;1;40;6;2;1;1;34;;1 862,49;;0;OQ;44
05128735;1;1;42;3;3;8;1;44;9;0,00;;-1;OQ;11
05128891;1;1;51;1;1;3;1;38;;3 932,24;152,15;15;GZ;75
05129914;1;1;21;3;1;1;1;26;;2 771,92;;3;GZ;93
05129914;2;1;21;3;1;1;2;24;;621,54;;5;FZ;53
05130099;1;2;43;5;2;1;1;38;;2 868,62;;19;OQ;76
05131414;1;1;41;5;1;1;1;41;;2 462,18;5 698,85;4;MN;11
05131927;1;2;56;3;2;1;1;37;;1 890,23;999 999,00;4;OQ;53
05132628;1;1;39;9;2;9;9;38;;2 321,55;999 999,00;11;MN;11
05132651;1;2;31;5;1;1;1;33;;1 736,56;;0;OQ;24
05132914;1;2;37;4;1;1;2;12;;1 172,75;1 334,18;1;BE;32
05132914;2;2;37;4;1;1;1;40;;1 857,63;226,53;7;OQ;84
05134250;1;2;41;3;1;2;1;38;;999 999,00;;19;OQ;84
05135366;1;1;72;1;1;1;1;36;;2 433,09;;5;OQ;11
05138006;1;2;29;6;2;2;2;9;;2 135,94;999 999,00;8;FZ;11
05138810;1;1;28;7;3;8;9;99;;0,00;;-1;BE;76
05139164;1;1;55;4;1;1;1;37;;3 562,79;;13;OQ;93
05139947;1;1;31;7;1;1;9;38;;2 512,26;;6;JZ;84
05140911;1;2;53;3;2;1;1;39;;999 999,00;;2;GZ;84
05141452;1;2;55;3;1;1;1;35;;2 757,23;1 712,09;7;OQ;32
05142513;1;2;45;6;1;1;1;48;;4 799,77;;3;RU;84
05142513;2;2;45;6;1;1;2;27;1;1 469,79;2 032,99;1;OQ;24
05142520;1;2;28;4;1;1;1;45;;1 910,61;;12;AZ;93
05142589;1;1;38;1;1;1;1;34;5;2 323,87;;3;BE;28
05145915;1;2;56;7;1;1;1;41;4;2 732,01;;3;MN;11
05146407;1;2;52;4;2;1;1;41;;999 999,00;;1;JZ;75
05146521;1;2;42;5;1;2;1;38;;1 994,00;336,24;5;GZ;44
05148794;1;2;37;3;1;2;2;24;;810,69;;21;GZ;11
05150247;1;2;39;4;1;1;2;30;;2 060,68;1 728,38;1;GZ;24
05151015;1;1;58;7;1;1;1;48;;3 613,22;720,67;5;OQ;11
05153545;1;1;24;6;1;3;1;34;;2 805,22;420,31;8;FZ;28
05154966;1;2;62;4;1;1;1;43;;2 443,69;;2;OQ;11
05158289;1;2;59;9;1;1;1;43;;1 913,59;965,93;21;BE;93
05159169;1;1;31;6;1;1;1;48;;4 805,20;;5;GZ;32
05161437;1;2;29;4;1;1;1;30;;1 508,38;;2;GZ;75
05161437;2;2;29;4;1;1;2;22;1;956,65;;2;FZ;93
05161702;1;1;46;3;1;2;9;26;;1 730,68;;10;BE;32
05163967;1;2;30;3;1;1;1;39;;2 688,98;1 507,82;0;BE;75
05165040;1;2;55;5;2;9;1;39;;3 949,46;1 225,09;26;BE;53
05167233;1;1;43;1;1;2;1;49;;2 301,45;;5;OQ;52
05167694;1;1;74;5;1;1;1;42;;3 319,93;;1;GZ;53
05167694;2;1;74;5;1;1;2;25;;1 181,04;;6;RU;28
05169609;1;2;36;3;2;1;2;25;;748,27;;1;AZ;76
05170141;1;1;54;6;1;2;1;37;;3 524,60;716,25;3;GZ;76
05173990;1;2;42;7;1;1;1;26;;3 396,98;;10;BE;84
05174637;1;1;49;6;1;1;1;28;;4 790,54;601,41;13;GZ;32
05175044;1;1;34;5;1;1;1;28;;4 201,08;;2;OQ;53
05176392;1;1;27;4;1;1;2;24;;1 687,18;2 696,36;2;OQ;11
05177490;1;2;50;4;1;1;1;45;1;4 641,86;;13;OQ;27
05178103;1;1;47;4;2;1;1;60;;3 662,09;3 502,55;15;OQ;11
05178562;1;1;59;6;1;1;9;24;;2 435,87;;8;OQ;76
05180149;1;2;62;7;2;2;1;34;;3 678,03;;3;RU;32
05181619;1;1;54;3;1;1;1;36;;2 574,99;;3;GZ;11
05181970;1;1;60;3;2;1;1;32;;2 974,93;515,98;3;OQ;11
05182485;1;1;26;2;1;1;1;45;;1 997,34;1 007,26;1;MN;11
05182561;1;1;58;5;1;1;1;32;;3 048,34;877,29;1;GZ;84
05182749;1;2;46;3;2;1;1;45;;3 323,35;;4;GZ;75
05182749;2;2;46;3;2;1;2;30;3;999 999,00;;5;GZ;32
05184525;1;1;55;6;2;1;1;34;1;999 999,00;999 999,00;15;MN;53
05186499;1;2;63;5;1;1;1;46;;1 858,44;;8;OQ;11
05187099;1;2;54;6;2;1;2;25;1;1 427,11;;8;BE;11
05189595;1;2;29;4;1;1;1;32;;1 787,14;;3;OQ;76
05190092;1;1;29;5;1;2;1;38;;2 292,83;498,25;4;OQ;76
05191062;1;2;28;3;2;1;2;20;;1 181,32;640,47;2;GZ;93
05191808;1;1;55;4;1;1;1;99;;2 482,04;;4;BE;24
05191808;2;1;55;4;1;1;2;11;;2 641,48;;15;FZ;52
05192237;1;2;33;5;1;2;9;50;;3 177,50;3 292,59;2;MN;93
05192269;1;1;32;7;1;1;1;37;;3 441,79;;7;OQ;93
05193004;1;2;44;6;1;2;1;45;;4 599,15;;7;OQ;76
05193069;1;2;23;4;1;1;1;54;;1 782,37;;7;RU;44
05194279;1;2;31;5;1;2;1;32;;3 505,62;;15;RU;53
05194681;1;1;44;3;1;1;1;41;5;999 999,00;;0;MN;32
05195569;1;2;44;6;1;1;1;40;;10 000,00;3 762,21;14;OQ;84
05202589;1;2;27;3;1;1;1;39;;2 248,36;1 542,76;7;RU;76
05203428;1;1;46;3;1;1;9;30;;2 325,97;477,56;9;GZ;32
05203788;1;1;43;3;1;1;1;28;;1 860,51;505,36;1;GZ;84
05203788;2;1;43;3;1;1;2;25;;1 773,50;1 141,26;3;FZ;44
05206947;1;1;41;6;1;1;1;29;1;999 999,00;;1;MN;28
05208227;1;1;44;4;1;2;2;23;;1 193,13;;10;AZ;93
05208984;1;2;63;6;1;3;1;39;;6 343,83;2 386,31;2;FZ;76
05209036;1;1;23;4;3;8;1;51;;0,00;;-1;MN;53
05211029;1;2;62;1;3;8;2;37;;0,00;;-1;OQ;84
05211887;1;1;38;1;1;2;1;42;;1 479,04;792,44;4;JZ;53
05212053;1;2;21;5;1;1;1;39;;2 820,27;5 732,42;3;MN;28
05213891;1;2;28;7;1;2;2;25;;2 021,34;;3;OQ;11
05214179;1;2;64;4;1;1;1;35;;2 638,87;;0;BE;84
05216063;1;2;54;4;1;1;1;30;;999 999,00;579,90;5;HZ;44
05216063;2;2;54;4;1;1;1;35;1;2 131,79;;3;RU;32
05216107;1;1;45;1;1;3;1;36;;4 624,09;;7;MN;11
05217324;1;2;23;1;1;9;2;17;;1 060,48;;3;OQ;24
05217399;1;1;48;3;1;1;1;38;1;2 347,00;;10;HZ;11
05217993;1;1;47;7;2;1;1;47;;1 700,39;1 180,92;5;JZ;53
05219222;1;2;62;3;1;1;2;20;;999 999,00;549,70;9;OQ;27
05219925;1;2;38;2;1;2;2;12;;1 161,41;;2;RU;28
05220118;1;2;55;4;1;1;1;33;1;2 420,01;183,75;12;OQ;32
05220363;1;1;33;5;1;3;1;40;;4 413,38;;7;OQ;52
05221015;1;2;62;3;2;9;1;28;;999 999,00;;4;GZ;24
05221015;2;2;62;3;2;1;2;99;5;1 665,32;;1;OQ;76
05221105;1;1;34;3;1;1;1;60;;5 163,41;;4;GZ;28
05221243;1;2;59;1;1;1;1;44;;2 756,39;3 871,91;4;JZ;28
05223127;1;2;49;3;1;1;1;36;;3 875,09;;6;OQ;76
05223649;1;1;38;3;2;1;1;45;;2 939,24;;3;MN;28
05223883;1;1;37;1;1;1;1;35;;2 195,18;;0;BE;84
05224972;1;1;62;4;2;1;1;55;5;4 316,43;2 039,15;1;GZ;32
05225812;1;2;47;3;1;1;1;60;;2 751,45;999 999,00;3;BE;32
05226123;1;1;36;7;2;1;1;41;;3 001,43;;7;GZ;76
05227870;1;2;49;4;1;1;2;22;;1 423,43;999 999,00;3;MN;84
05227872;1;1;26;3;1;1;1;50;;2 462,65;;2;OQ;11
05228259;1;2;32;5;1;2;2;27;2;1 464,57;1 946,25;0;JZ;93
05228556;1;1;24;6;1;2;1;44;;3 162,03;5 898,31;4;BE;84
05228638;1;2;40;4;3;8;1;52;;0,00;;-1;OQ;53
05229593;1;2;30;3;2;1;1;37;;1 753,61;707,00;14;GZ;24
05230718;1;2;37;3;1;1;1;38;;2 285,51;;3;OQ;76
05230761;1;1;56;3;1;1;1;38;;3 923,31;;2;OQ;76
05231811;1;2;53;7;1;1;1;36;;999 999,00;;4;BE;84
05234606;1;2;62;3;2;1;1;31;;2 174,02;1 059,06;9;GZ;44
05236073;1;1;25;3;2;1;1;48;;2 148,90;;9;MN;84
05237946;1;2;43;3;2;1;2;20;;995,47;;15;BE;52
05238522;1;2;49;3;1;1;1;38;;1 840,01;628,35;7;OQ;93
05240009;1;1;46;9;1;1;1;37;;1 547,84;;3;FZ;84
05240633;1;1;60;5;1;1;2;19;;776,48;;6;MN;11
05244967;1;1;47;5;1;2;2;18;;1 581,99;;4;FZ;11
05245395;1;2;27;5;1;1;1;43;;2 396,62;;5;HZ;28
05247136;1;1;31;4;1;1;1;32;;2 344,71;;4;OQ;52
05247518;1;2;21;3;1;1;2;10;;817,04;999 999,00;5;GZ;75
05248891;1;2;36;7;1;2;1;30;;6 092,63;;18;HZ;84
05248909;1;1;38;7;1;1;1;36;;6 023,28;1 672,73;1;OQ;27
05249828;1;1;35;5;1;1;1;27;;2 512,95;2 300,35;3;JZ;11
05250479;1;1;49;6;1;1;1;30;;2 075,78;1 394,11;1;OQ;52
05250794;1;1;53;1;2;1;9;36;;999 999,00;;2;BE;28
05251609;1;2;48;1;2;3;1;38;1;1 116,73;913,63;2;OQ;93
05253051;1;1;45;5;1;1;1;33;;3 500,27;900,41;3;GZ;75
05253388;1;2;62;6;1;1;1;36;;10 000,00;1 363,61;7;HZ;93
05254631;1;2;62;4;1;1;2;8;;2 237,65;;0;MN;27
05254893;1;1;48;4;1;2;1;37;;3 955,83;;5;GZ;75
05255142;1;1;58;3;1;1;1;34;;3 074,55;;7;AZ;11
05256415;1;1;38;3;1;1;9;35;;2 909,63;;13;GZ;11
05256738;1;2;59;6;3;8;1;60;;0,00;;-1;BE;84
05256738;2;2;59;6;3;8;9;36;;0,00;;-1;JZ;44
05258281;1;1;40;1;1;9;1;42;;1 260,56;;2;RU;84
05258911;1;2;60;1;3;8;1;45;;0,00;;-1;MN;44
05260470;1;1;43;7;1;1;1;33;;5 406,97;927,05;2;FZ;84
05261989;1;2;55;5;1;1;1;36;;3 893,47;;10;OQ;11
05262285;1;1;40;3;1;2;1;36;;2 305,71;1 156,16;8;MN;52
05262782;1;2;44;5;1;1;1;24;;2 614,86;;3;FZ;11
05263272;1;2;49;3;1;1;1;23;1;3 289,91;;33;AZ;75
05269888;1;2;47;6;1;1;1;38;1;3 468,10;;6;OQ;11
05269992;1;1;60;6;1;1;1;34;;3 925,68;;1;MN;44
05270800;1;2;20;4;1;1;1;39;9;3 008,47;2 567,47;1;MN;53
05271091;1;1;43;3;1;9;1;33;;3 401,54;;2;OQ;28
05271874;1;2;41;3;3;8;1;58;;0,00;;-1;HZ;11
05272308;1;2;50;3;1;1;2;24;;729,59;;9;OQ;28
05272962;1;2;56;3;1;1;1;30;;2 720,55;723,03;2;HZ;84
05276464;1;2;41;5;1;1;1;99;1;1 857,69;;0;GZ;75
05276464;2;2;41;5;1;1;2;18;;2 836,99;4 722,49;25;BE;76
05278214;1;1;55;2;2;1;1;50;;5 345,36;;8;MN;76
05281097;1;1;31;6;1;1;1;99;;2 669,05;;2;BE;84
05281097;2;1;31;6;1;1;1;42;;4 088,67;1 171,47;15;BE;11
05281273;1;1;26;2;1;1;1;31;5;1 901,78;1 397,29;10;BE;84
05282601;1;1;33;6;1;1;1;37;1;3 498,92;3 321,94;1;GZ;28
05282643;1;2;56;5;1;1;9;27;;999 999,00;;5;FZ;84
05283328;1;1;53;4;2;1;1;29;;5 197,66;;3;AZ;11
05283853;1;1;49;3;1;1;1;40;;3 092,79;;5;OQ;75
05285199;1;1;57;1;1;1;1;44;;1 281,54;;0;GZ;93
05285501;1;1;55;9;1;1;1;43;;1 869,36;;1;JZ;84
05286969;1;2;58;4;1;1;9;10;;2 282,59;4 208,79;6;MN;11
05287811;1;1;38;1;1;9;1;43;;1 288,28;;2;OQ;75
05288268;1;2;22;4;2;1;1;38;;2 692,47;1 157,52;6;HZ;76
05288480;1;1;52;1;1;1;1;50;;2 174,10;1 832,07;11;GZ;11
05288545;1;1;25;3;3;8;2;21;;0,00;;-1;GZ;11
05294797;1;2;47;1;3;8;1;45;;0,00;;-1;OQ;75
05295929;1;1;41;1;2;1;1;46;;1 301,34;;8;JZ;11
05296371;1;1;55;1;1;2;1;30;;1 827,60;;2;MN;84
05297899;1;1;26;2;1;1;1;32;;3 007,84;;9;GZ;84
05297948;1;2;64;1;1;1;2;12;;1 165,47;;4;HZ;32
05299736;1;2;38;1;2;1;1;35;1;1 643,10;;14;GZ;76
05301830;1;1;31;4;1;2;1;46;;1 553,65;;3;GZ;84
05301925;1;2;42;4;1;1;1;48;;2 778,74;;3;GZ;44
05302753;1;2;43;3;1;1;1;55;;2 415,95;;4;OQ;11
05305080;1;2;58;5;1;1;2;13;;1 328,83;;7;BE;93
05305099;1;2;33;4;1;1;1;33;;2 096,58;1 372,61;2;OQ;11
05308210;1;2;34;5;1;1;2;19;5;1 247,83;1 605,60;14;RU;11
05309201;1;1;35;3;1;1;1;39;;1 218,68;1 525,40;2;HZ;76
05309840;1;2;51;2;2;1;1;33;;1 815,82;827,91;4;OQ;75
05310378;1;2;47;7;1;1;2;17;;2 213,50;;1;AZ;28
05312520;1;2;53;3;1;1;1;38;;4 178,85;;3;GZ;27
05313874;1;1;41;6;3;8;1;38;;0,00;;-1;OQ;27
05314309;1;2;52;5;2;2;2;13;;2 277,93;;10;AZ;44
05314807;1;1;27;1;1;1;1;38;;1 833,98;1 004,77;11;RU;32
05315218;1;2;25;4;2;1;1;48;;999 999,00;987,23;2;GZ;24
05315774;1;1;54;4;1;1;1;39;;2 854,16;1 639,31;6;GZ;76
05316247;1;2;36;1;2;1;1;42;;999 999,00;1 221,83;1;GZ;75
05316395;1;2;43;4;1;1;1;47;;2 335,15;399,32;2;OQ;11
05318409;1;2;21;4;3;8;1;99;;0,00;;-1;HZ;24
05318409;2;2;21;4;3;8;1;47;;0,00;;-1;BE;44
05318765;1;1;38;2;1;3;1;35;;3 586,54;874,69;4;MN;75
05319197;1;2;53;6;1;1;1;40;;5 485,90;;13;GZ;11
05320330;1;1;55;4;1;2;1;46;;3 174,59;;3;RU;44
05323385;1;1;39;5;1;1;1;37;;1 559,04;631,76;1;FZ;44
05324131;1;2;34;7;1;1;1;39;;5 108,58;604,88;18;OQ;11
05324987;1;1;43;9;1;1;1;33;;2 128,35;199,10;5;FZ;84
05325143;1;1;61;4;1;1;1;40;;2 859,54;499,63;7;RU;84
05325143;2;1;61;4;1;1;1;35;;4 103,20;;5;JZ;52
05328744;1;1;41;4;1;1;1;31;;1 467,81;2 829,01;5;OQ;84
05329494;1;1;47;9;1;1;9;54;;2 983,09;1 888,64;4;BE;84
05330181;1;2;59;3;2;1;2;12;;710,60;3 076,40;2;GZ;32
05332979;1;1;28;4;1;1;1;28;;2 311,08;;4;OQ;76
05333447;1;2;30;2;1;1;1;31;;3 103,53;;14;MN;84
05337459;1;2;37;5;2;1;1;36;;2 571,05;133,79;6;OQ;11
05340537;1;1;53;3;2;1;1;42;;2 574,14;;1;OQ;53
05341085;1;1;39;3;1;1;1;34;1;2 702,19;;14;AZ;28
05341469;1;1;64;3;2;1;1;99;;1 961,43;3 529,16;4;MN;84
05344119;1;2;34;7;1;2;1;37;9;10 000,00;88,21;18;GZ;76
05345293;1;1;47;1;2;2;1;38;;3 202,52;;1;MN;84
05345447;1;1;25;3;1;1;1;43;;999 999,00;;2;OQ;11
05348888;1;1;38;5;1;1;2;14;;3 186,36;;1;FZ;76
05349215;1;2;37;1;1;1;1;38;;1 188,37;;10;FZ;28
05349259;1;2;55;4;1;2;2;13;;1 853,04;418,24;1;FZ;11
05352195;1;2;53;3;1;1;2;25;2;2 224,22;;7;BE;11
05352195;2;2;53;3;1;1;1;45;1;3 142,32;639,65;7;RU;28
05354031;1;2;38;3;1;3;2;9;;1 873,98;;2;OQ;76
05355123;1;2;20;1;1;9;1;40;;1 959,06;3 044,79;0;MN;75
05355691;1;2;57;2;2;2;9;36;;2 722,38;;2;RU;52
05356999;1;2;37;7;1;1;1;46;;3 713,75;;3;BE;84
05364060;1;2;56;5;2;2;1;38;;2 102,63;1 594,42;4;GZ;44
05366664;1;1;61;5;1;2;1;40;;3 118,14;;6;OQ;44
05366664;2;1;61;5;1;2;1;33;;1 919,53;;5;FZ;75
05367466;1;1;51;6;1;9;2;25;;4 471,97;324,02;5;BE;11
05367477;1;1;38;3;3;8;1;44;;0,00;;-1;OQ;76
05368547;1;2;33;7;1;1;1;46;;2 295,21;;6;BE;44
05372212;1;2;50;4;1;1;1;38;;2 037,28;;1;MN;11
05372212;2;2;50;4;1;1;2;14;;1 974,85;;5;OQ;84
05372481;1;1;56;9;1;2;9;33;;3 003,63;;7;OQ;76
05372481;2;1;56;9;1;1;1;32;;5 551,56;550,87;31;RU;52
05372516;1;2;54;7;1;2;1;40;1;3 096,55;3 053,19;1;OQ;75
05372880;1;1;56;3;2;1;2;12;;1 059,45;;3;OQ;44
05374698;1;2;64;7;1;1;1;35;;10 000,00;;11;OQ;93
05374698;2;2;64;7;1;1;1;40;;4 962,35;;8;OQ;11
05375059;1;1;48;1;1;1;1;45;;2 859,67;770,81;1;MN;28
05375573;1;1;29;7;2;1;2;24;;1 509,19;999 999,00;4;BE;52
05377640;1;2;51;4;1;2;1;44;1;2 105,78;;11;FZ;84
05378843;1;1;45;6;1;1;1;41;;3 794,21;518,22;6;GZ;11
05379401;1;1;37;3;1;1;1;47;;1 589,13;;0;FZ;53
05380100;1;1;60;1;2;1;1;47;;1 763,58;;3;FZ;11
05383856;1;2;51;3;1;1;1;42;;3 742,55;999 999,00;1;OQ;28
05386362;1;1;53;2;1;1;1;28;;3 494,70;;31;HZ;32
05386405;1;1;50;6;1;2;1;45;2;4 083,64;;11;GZ;32
05389979;1;1;28;1;1;1;1;60;;1 571,75;999 999,00;10;OQ;11
05390210;1;1;62;7;2;1;1;99;;6 509,54;;8;BE;53
05390866;1;1;26;6;1;1;2;11;;2 595,84;;3;MN;76
05391668;1;1;62;9;1;1;1;46;;999 999,00;;4;FZ;44
05391958;1;2;61;1;1;1;1;43;;1 477,94;;0;BE;75
05393909;1;2;37;3;1;2;1;41;;1 062,66;;1;GZ;52
05395837;1;2;26;4;1;1;1;44;;2 391,58;254,67;1;OQ;28
05399571;1;1;59;2;1;1;1;42;;999 999,00;;1;GZ;76
05400909;1;2;26;4;1;1;1;35;;1 284,02;1 774,39;1;GZ;84
05400909;2;2;26;4;1;1;2;16;;957,26;;9;GZ;11
05401351;1;1;32;4;1;1;1;37;;1 285,67;842,54;7;BE;24
05403923;1;2;25;6;1;1;1;40;;1 895,60;575,85;7;OQ;93
05404499;1;2;36;6;2;1;1;41;;999 999,00;;13;MN;11
05408880;1;1;40;4;1;1;1;40;;1 872,25;1 125,21;1;OQ;76
05409363;1;1;51;6;1;1;1;36;;4 483,60;;4;OQ;75
05411345;1;1;55;3;1;9;1;35;;2 807,31;;3;MN;11
05412358;1;1;28;1;1;1;1;38;;1 986,69;;8;RU;11
05412715;1;2;23;7;1;1;2;17;;803,80;370,91;6;OQ;28
05412715;2;2;23;7;1;2;2;24;2;1 284,78;;2;OQ;11
05412812;1;2;44;3;1;1;1;39;9;2 552,21;1 152,46;1;OQ;93
05413202;1;2;57;7;1;1;1;49;;5 299,33;;6;GZ;75
05415845;1;1;45;7;1;2;1;35;;2 184,36;;12;OQ;27
05416710;1;1;50;7;2;2;1;38;;3 449,89;999 999,00;0;RU;52
05419802;1;2;62;5;1;1;1;32;;1 573,72;2 776,42;4;JZ;75
05421000;1;2;50;6;1;1;1;53;;2 672,83;435,65;5;OQ;44
05421798;1;2;31;3;1;1;1;48;;1 642,97;2 013,76;5;FZ;32
05421798;2;2;31;3;1;3;2;19;;1 268,08;;3;AZ;11
05431956;1;1;71;3;2;1;9;39;;2 998,56;;4;OQ;52
05434325;1;2;47;3;1;1;1;26;;2 733,82;1 544,27;2;BE;11
05437726;1;1;33;5;2;1;1;40;9;3 544,93;;9;OQ;44
05438445;1;2;39;1;1;1;2;29;;1 328,32;;5;MN;44
05439051;1;1;46;3;1;1;2;29;;1 230,09;;11;JZ;11
05440451;1;2;44;1;1;1;1;32;;3 058,28;1 083,32;2;AZ;84
05440451;2;2;44;1;1;1;2;15;;955,42;999 999,00;2;MN;44
05440684;1;2;54;7;1;1;1;34;;3 559,28;;1;BE;53
05441209;1;2;55;3;3;8;1;58;;0,00;;-1;MN;76
05442504;1;2;61;5;2;1;2;23;;866,50;1 894,27;11;MN;52
05442649;1;2;55;1;1;1;1;33;;4 316,52;426,17;13;OQ;27
05442649;2;2;55;1;1;1;2;15;;1 517,20;615,20;17;GZ;11
05445568;1;1;23;1;3;8;1;48;;0,00;;-1;GZ;11
05445600;1;1;46;2;1;1;1;32;;1 541,09;;3;BE;93
05448728;1;1;41;7;2;1;2;25;;1 564,54;723,69;11;OQ;32
05451747;1;1;47;7;1;1;1;47;;2 424,02;;4;JZ;11
05451747;2;1;47;7;1;1;2;27;;2 094,75;;1;BE;28
05452280;1;2;22;4;1;1;1;31;;1 372,62;999 999,00;6;FZ;84
05453757;1;2;57;7;1;1;1;37;;5 994,63;;2;GZ;11
05457618;1;2;38;3;1;1;1;52;;1 536,78;;6;OQ;75
05458236;1;2;54;3;1;1;2;16;;678,37;;3;OQ;93
05459543;1;1;23;2;1;1;1;40;;3 426,79;;1;OQ;53
05460575;1;2;35;3;2;1;9;22;;2 192,95;;19;JZ;11
05460835;1;1;33;5;1;1;1;32;;999 999,00;1 662,42;6;BE;75
05463236;1;1;32;1;2;1;1;37;;1 316,11;;5;BE;11
05463996;1;2;49;4;1;2;2;19;;999 999,00;;5;MN;84
05465842;1;2;43;6;1;2;1;38;;2 026,25;2 508,36;6;OQ;93
05466843;1;2;27;1;1;1;1;29;;2 193,59;999 999,00;11;BE;11
05469883;1;2;27;3;1;1;1;33;;1 459,33;;11;BE;28
05474212;1;1;41;9;2;1;1;46;;2 752,13;;14;OQ;84
05474212;2;1;41;9;2;1;2;9;;837,85;;0;FZ;76
05475871;1;1;40;3;3;8;1;45;;0,00;;-1;FZ;27
05476674;1;2;34;6;1;2;2;15;;3 133,56;1 470,35;1;OQ;44
05478304;1;1;30;7;1;1;1;37;;999 999,00;368,52;14;HZ;75
05479849;1;2;25;7;1;1;1;42;;3 932,64;;4;BE;11
05480254;1;2;62;1;1;1;1;38;;4 528,53;2 519,23;7;BE;11
05480848;1;1;41;3;1;2;1;44;;2 857,94;4 056,37;0;GZ;52
05480848;2;1;41;3;1;2;2;19;1;1 919,87;;22;MN;76
05481501;1;1;24;7;3;8;1;50;;0,00;;-1;OQ;27
05481778;1;2;20;3;1;1;9;33;;2 359,80;917,57;3;JZ;93
05482322;1;2;40;5;1;3;1;23;;999 999,00;;8;GZ;11
05485371;1;2;44;3;2;1;1;36;;1 732,24;1 814,17;3;GZ;75
05487603;1;2;53;3;1;1;1;37;;2 265,94;1 537,26;1;GZ;32
05487778;1;2;57;4;1;1;2;19;;1 877,89;1 847,05;17;OQ;11
05489811;1;1;35;3;1;1;1;35;;2 501,60;2 282,97;7;HZ;24
05489811;2;1;35;3;1;1;2;25;;1 910,41;1 607,48;6;GZ;24
05492104;1;2;55;7;1;1;2;23;;2 608,53;307,64;12;JZ;44
05493317;1;1;40;6;1;1;1;44;;999 999,00;;2;GZ;75
05493487;1;2;47;1;1;1;1;41;;1 670,57;999 999,00;0;BE;84
05493712;1;2;35;3;3;8;1;57;2;0,00;;-1;OQ;44
05494465;1;1;38;1;1;1;1;30;;3 058,34;992,06;5;OQ;52
05497876;1;2;58;7;3;8;1;57;;0,00;;-1;OQ;75
05498180;1;2;56;2;1;1;9;99;;1 145,62;;17;RU;11
05499466;1;2;58;5;1;1;1;38;;3 106,29;445,04;1;OQ;28
05499979;1;1;28;4;1;1;1;39;99;1 514,49;1 091,62;6;MN;11
05506592;1;1;29;3;1;2;1;32;;2 025,82;814,48;1;MN;24
05507960;1;1;44;4;1;1;1;39;;2 960,30;;9;GZ;53
05508741;1;2;24;1;1;1;1;42;;2 854,53;253,12;8;JZ;84
05508970;1;2;22;1;2;1;1;45;;1 716,66;630,69;5;OQ;76
05509115;1;2;38;3;1;1;1;99;;1 880,15;1 802,58;1;AZ;28
05509145;1;2;29;6;1;1;1;42;;2 871,58;;2;FZ;28
05512544;1;2;56;1;1;1;9;37;;4 363,18;2 524,08;7;MN;84
05513634;1;1;52;9;2;1;1;38;;2 258,50;636,21;15;OQ;32
05513634;2;1;52;9;2;1;2;24;;4 123,50;1 638,22;2;BE;11
05513986;1;1;51;9;1;1;1;30;;2 846,98;;3;BE;28
05515233;1;1;47;2;2;1;1;42;;3 706,48;;16;OQ;44
05515629;1;2;57;2;1;1;2;10;;1 222,16;;4;MN;93
05516127;1;2;28;1;1;1;1;31;;819,87;;9;OQ;52
05516678;1;2;59;1;3;8;1;57;;0,00;;-1;GZ;93
05516678;2;2;59;1;3;8;2;36;;0,00;;-1;FZ;52
05517249;1;1;41;4;1;1;1;37;;1 586,26;;13;OQ;44
05520182;1;1;61;1;2;1;1;45;;4 931,67;1 519,05;3;GZ;84
05520182;2;1;61;1;2;1;1;39;;1 013,32;;0;MN;44
05520241;1;2;56;4;1;1;1;37;;2 598,20;;2;MN;44
05525938;1;1;50;4;1;2;1;38;1;2 208,27;562,45;4;OQ;84
05525938;2;1;50;4;1;1;2;10;;1 013,17;;2;OQ;84
05526464;1;1;45;1;2;1;1;43;;3 616,85;;20;OQ;11
05528691;1;1;26;1;1;1;1;27;;2 034,73;;5;RU;11
05529450;1;1;50;7;1;1;1;38;;2 385,64;894,63;1;BE;11
05530169;1;1;35;3;3;8;1;60;;0,00;;-1;BE;11
05531335;1;2;60;5;3;8;1;60;;0,00;999 999,00;-1;OQ;11
05532854;1;2;20;3;1;1;1;34;1;1 906,12;999 999,00;0;OQ;76
05533066;1;1;40;3;1;1;1;37;2;2 086,29;549,79;3;GZ;93
05533109;1;2;40;4;1;1;9;60;;2 330,33;164,52;1;BE;11
05533746;1;1;30;5;2;1;1;32;;2 162,41;;13;OQ;52
05535315;1;1;47;6;1;1;1;43;;4 237,18;;10;AZ;93
05536218;1;2;57;1;2;1;2;21;;1 200,06;;0;JZ;75
05537004;1;1;27;7;2;1;1;27;;5 785,99;;1;GZ;32
05537425;1;2;29;7;1;1;9;30;;1 401,62;;0;MN;76
05539849;1;1;31;6;1;1;2;10;;1 387,89;931,53;1;GZ;11
05539972;1;2;35;3;1;1;1;35;;2 030,90;1 231,99;3;AZ;11
05542206;1;2;48;4;1;1;1;47;;2 535,87;;8;AZ;32
05546156;1;1;63;4;3;8;1;55;;0,00;;-1;OQ;11
05549059;1;1;45;3;1;1;1;48;;4 785,45;;3;GZ;75
05549855;1;1;36;2;2;1;1;48;;1 957,39;;0;OQ;32
05550167;1;1;39;7;2;1;1;28;;6 491,76;353,09;2;GZ;75
05551180;1;2;56;5;2;2;2;14;;1 373,70;;10;GZ;76
05557043;1;2;42;5;2;1;9;99;;999 999,00;;19;MN;84
05558350;1;1;31;2;2;1;1;41;;2 772,50;;6;GZ;84
05558417;1;1;34;3;1;1;1;40;;1 608,65;3 351,31;3;GZ;84
05560069;1;2;33;3;1;1;1;46;;1 308,84;;1;OQ;84
05560769;1;1;56;6;1;3;2;26;;999 999,00;;1;OQ;28
05562433;1;1;52;3;1;2;2;9;;2 245,87;;22;RU;76
05563779;1;1;34;6;1;1;1;60;;2 039,93;;5;MN;32
05565793;1;1;21;3;1;1;1;47;;3 101,25;;1;OQ;27
05565832;1;2;20;1;3;8;1;60;;0,00;999 999,00;-1;FZ;76
05567284;1;2;40;2;1;1;1;40;;1 549,84;2 737,25;0;OQ;93
05569295;1;2;58;4;1;1;9;15;;1 366,48;1 146,40;6;AZ;11
05571506;1;1;57;5;1;1;1;31;1;2 131,91;;3;OQ;44
05573670;1;1;47;9;1;1;1;43;;1 997,87;;18;MN;44
05574452;1;2;63;5;1;1;2;26;;2 993,01;2 307,55;5;GZ;44
05574759;1;1;68;4;1;1;1;38;;2 610,06;;7;GZ;84
05574759;2;1;68;4;1;1;1;37;1;2 074,38;426,84;4;HZ;76
05577191;1;1;39;5;2;2;1;32;;3 455,57;;17;OQ;84
05577191;2;1;39;5;2;1;2;29;;4 303,69;;8;FZ;11
05577426;1;2;46;4;1;1;2;19;;857,39;214,39;6;OQ;11
05579043;1;2;29;7;2;1;1;99;;2 588,85;;2;MN;84
05579043;2;2;29;7;2;2;2;17;;999 999,00;512,82;8;BE;75
05579243;1;1;21;1;1;1;1;39;;1 358,06;;2;OQ;76
05579591;1;2;22;1;2;1;1;35;;1 641,73;498,87;6;MN;93
05579591;2;2;22;1;2;1;2;8;;529,80;464,34;5;MN;76
05580531;1;1;62;4;1;1;1;31;;2 895,45;;9;OQ;11
05581247;1;2;33;6;1;1;2;23;;1 303,09;;17;BE;84
05583852;1;2;37;9;1;1;2;23;;1 333,79;825,59;9;OQ;52
05586565;1;1;28;2;1;1;1;32;;2 256,47;1 074,23;11;FZ;52
05588005;1;1;49;9;1;1;1;99;;2 164,13;;0;OQ;84
05589611;1;2;34;3;1;1;1;43;;1 707,03;;1;OQ;28
05589890;1;2;21;1;1;1;1;43;;2 050,25;;5;MN;28
05593706;1;1;57;3;3;8;9;60;;0,00;;-1;OQ;32
05593877;1;2;60;5;3;8;1;48;;0,00;;-1;GZ;11
05595222;1;1;44;5;1;1;1;44;;2 513,93;;2;GZ;11
05595613;1;1;42;7;1;1;1;99;;5 223,37;;5;MN;52
05595799;1;1;67;7;1;2;1;33;;2 932,66;;5;OQ;24
05596040;1;1;38;7;2;1;1;44;;2 038,00;;2;RU;11
05596337;1;2;29;3;1;1;9;39;;1 834,60;7 915,44;13;HZ;76
05596853;1;1;36;3;1;1;1;44;;1 895,99;1 022,96;3;OQ;93
05597461;1;1;38;4;1;1;1;35;;4 917,54;;9;AZ;32
05600104;1;2;20;5;1;1;1;30;;1 926,51;;4;MN;76
05601911;1;1;37;4;1;3;1;22;;1 975,85;;2;FZ;44
05603200;1;2;35;6;2;1;1;41;;4 265,15;978,52;1;BE;53
05603200;2;2;35;6;2;2;1;36;;4 841,07;;3;HZ;24
05604342;1;2;64;4;2;1;1;37;;999 999,00;;9;GZ;52
05605783;1;2;60;7;1;1;1;45;;999 999,00;4 265,50;2;AZ;93
05606248;1;2;55;7;2;2;9;36;;3 200,46;;6;OQ;11
05608583;1;1;22;1;1;1;2;26;;942,85;327,77;2;BE;32
05608982;1;2;46;3;1;2;2;14;;1 096,13;;6;BE;75
05609319;1;2;50;1;1;1;1;36;;2 986,84;;5;GZ;76
05609804;1;1;29;4;1;1;1;33;;3 826,32;;2;MN;11
05610747;1;1;54;2;2;1;1;55;;2 266,42;1 151,42;2;HZ;84
05611019;1;2;73;6;2;1;1;31;;5 177,89;558,60;1;GZ;32
05612076;1;2;48;4;1;1;1;37;;4 798,77;501,69;7;GZ;11
05612989;1;1;45;3;1;1;1;37;1;2 134,92;999 999,00;27;RU;28
05613497;1;2;42;3;1;1;2;27;;786,07;635,61;9;GZ;93
05614693;1;1;59;7;1;1;1;38;;3 111,36;832,88;3;MN;27
05615361;1;1;35;9;1;2;1;44;;2 566,73;;1;OQ;84
05616381;1;1;34;6;1;1;1;42;;4 348,81;449,49;11;OQ;11
05619082;1;1;45;9;1;2;1;31;;3 022,98;3 144,98;11;MN;84
05624899;1;1;56;4;1;1;1;33;;999 999,00;659,73;7;MN;28
05625312;1;2;23;3;2;2;2;21;;939,71;572,04;6;RU;28
05625701;1;1;55;7;1;1;9;15;;2 742,75;1 814,01;1;BE;24
05626087;1;1;56;6;1;1;1;35;;3 489,72;;9;OQ;28
05627024;1;2;53;5;1;1;1;36;;2 213,83;999 999,00;4;OQ;32
05627436;1;1;73;6;1;1;1;39;;3 383,36;;4;OQ;75
05627934;1;1;49;4;1;1;1;40;;1 234,31;999 999,00;13;GZ;52
05629039;1;1;31;5;1;1;9;24;;2 899,63;803,07;14;HZ;28
05629110;1;2;72;4;1;1;2;30;;1 189,88;;4;BE;76
05629922;1;2;27;9;2;3;1;38;;2 424,83;;7;BE;11
05633295;1;1;17;3;1;1;1;36;;1 609,64;;1;OQ;84
05635627;1;2;35;4;1;1;2;25;;653,10;1 497,94;3;JZ;28
05638760;1;2;31;1;1;1;1;36;;1 863,44;2 418,72;4;FZ;93
05639271;1;2;51;4;1;1;1;32;;1 938,95;;2;RU;24
05640842;1;2;54;9;1;1;1;47;;2 436,01;;28;OQ;44
05641342;1;2;50;1;1;1;1;33;;1 522,76;451,67;3;OQ;11
05641342;2;2;50;1;1;2;1;35;;2 690,09;1 314,85;21;HZ;52
05643123;1;1;43;5;1;1;1;37;;4 665,04;;18;OQ;11
05644673;1;1;26;6;1;1;1;26;;6 854,47;875,14;1;GZ;84
05647564;1;2;64;4;1;1;1;34;;2 590,18;;3;RU;93
05647944;1;1;56;5;1;1;1;38;;5 880,80;;4;MN;75
05647960;1;1;43;6;2;2;1;50;;4 480,64;1 663,73;5;GZ;84
05649046;1;1;63;5;2;1;1;50;99;3 105,34;;2;FZ;84
05650248;1;1;27;7;1;1;1;40;;4 133,34;1 196,40;6;FZ;24
05650660;1;1;56;6;1;1;1;39;;4 668,04;;1;BE;28
05652747;1;2;29;3;1;1;2;10;;744,30;;1;FZ;44
05652747;2;2;29;3;1;1;2;25;;999 999,00;;13;GZ;84
05654213;1;1;28;3;1;1;2;21;;1 158,75;654,06;4;MN;32
05654574;1;1;53;1;3;8;1;60;;0,00;;-1;HZ;11
05654761;1;2;23;9;1;1;2;24;;918,47;999 999,00;7;GZ;53
05654930;1;2;44;3;1;1;2;21;;1 281,57;3 290,42;6;GZ;11
05656317;1;2;24;4;1;1;2;25;;1 913,00;;0;MN;76
05658426;1;1;21;9;1;1;1;45;1;2 129,55;;2;BE;24
05659658;1;1;28;6;2;1;1;41;;2 027,48;;9;GZ;84
05660137;1;2;52;3;1;1;1;48;;3 722,60;270,19;1;OQ;11
05663484;1;1;36;5;1;1;1;31;;3 299,70;;14;MN;32
05663484;2;1;36;5;1;1;2;24;;1 611,47;1 528,67;2;OQ;84
05664488;1;1;45;7;1;2;1;38;;2 739,01;345,93;1;BE;52
05668367;1;2;72;5;2;1;2;11;;875,95;1 749,56;1;OQ;76
05670124;1;2;53;7;1;1;2;30;;999 999,00;;5;OQ;84
05672625;1;1;47;6;1;1;1;32;;10 000,00;;1;GZ;11
05672870;1;2;40;4;2;1;1;30;;3 410,59;999 999,00;13;BE;11
05673491;1;1;26;7;1;2;1;39;5;4 392,34;;2;MN;53
05673491;2;1;26;7;1;1;9;42;;4 703,24;;6;OQ;32
05674589;1;2;49;5;1;1;1;37;1;3 073,02;;0;FZ;44
05674947;1;2;53;6;1;1;1;45;;3 462,71;;1;BE;11
05676299;1;1;42;1;1;1;9;42;;1 227,25;;2;OQ;32
05676387;1;1;62;9;1;1;1;40;;2 650,36;2 140,47;3;AZ;11
05678707;1;2;36;5;1;2;1;37;;1 338,60;773,63;0;OQ;27
05678985;1;2;35;3;1;1;1;46;;1 341,62;1 160,26;7;OQ;53
05679470;1;2;59;1;1;1;2;30;;1 908,05;693,76;1;OQ;93
05680276;1;2;54;2;3;8;1;60;;0,00;;-1;GZ;84
05684402;1;2;26;3;3;8;1;52;;0,00;;-1;BE;75
05684782;1;2;26;3;2;1;1;39;;2 660,63;1 091,24;2;OQ;93
05685795;1;1;27;3;2;1;1;48;;1 995,76;;11;RU;11
05689877;1;1;30;3;1;1;1;44;;2 575,42;317,86;8;HZ;44
05692686;1;1;52;9;2;1;1;34;;1 471,80;559,91;3;GZ;84
05693159;1;2;49;3;1;1;1;25;;999 999,00;;9;OQ;11
05698122;1;2;61;1;2;1;1;45;99;1 980,65;;2;OQ;32
05698847;1;1;43;3;1;9;1;40;;5 714,86;1 316,94;1;JZ;44
05699197;1;2;47;5;1;1;1;43;;2 241,75;;4;GZ;84
05699352;1;1;60;4;1;2;2;18;;2 239,44;;2;BE;11
05704792;1;1;58;6;1;1;1;37;;4 396,81;;9;MN;32
05705109;1;1;53;6;1;1;1;33;;5 874,08;583,15;2;MN;24
05705566;1;1;27;7;1;2;1;32;;4 218,45;;6;BE;84
05706602;1;2;44;1;1;1;1;40;1;1 804,69;;10;MN;27
05706602;2;2;44;1;1;1;1;36;;1 803,61;3 386,69;4;RU;11
05707048;1;1;33;7;3;8;1;42;1;0,00;;-1;OQ;84
05708583;1;2;41;7;1;1;1;99;;2 435,87;1 274,34;11;FZ;11
05710311;1;2;63;4;1;2;1;49;;3 953,52;;2;OQ;75
05711021;1;2;20;6;1;1;1;35;;1 707,46;1 321,50;1;BE;24
05711945;1;1;58;3;1;2;1;32;2;2 732,06;185,52;4;FZ;84
05714613;1;2;72;7;1;1;1;34;;999 999,00;;1;FZ;84
05716222;1;2;46;3;1;1;1;33;;2 181,03;3 152,54;15;GZ;44
05717093;1;2;20;4;1;1;1;37;;2 054,30;;4;AZ;84
05719360;1;2;48;4;2;2;1;41;;2 135,02;518,27;2;AZ;11
05722236;1;1;20;5;1;1;1;38;;10 000,00;;4;OQ;93
05723922;1;1;47;1;1;1;1;35;;1 752,94;;3;GZ;44
05726519;1;1;25;4;1;1;1;41;;2 097,71;999 999,00;9;BE;84
05728387;1;2;27;1;2;3;2;14;;993,74;;4;OQ;84
05731849;1;1;19;5;2;2;1;40;;999 999,00;;3;MN;24
05731849;2;1;19;5;2;2;2;14;;1 311,71;;3;RU;93
05731900;1;1;23;7;2;1;1;35;;2 970,74;6 184,29;7;BE;11
05732718;1;2;26;1;2;1;1;50;;1 160,47;623,77;7;GZ;11
05735185;1;1;45;2;1;1;1;51;;1 823,60;732,61;5;GZ;11
05735796;1;1;57;3;3;8;1;60;;0,00;;-1;AZ;52
05736712;1;1;32;6;1;2;1;32;;1 429,47;;3;FZ;44
05737290;1;1;61;3;2;1;2;14;2;1 699,81;;4;GZ;11
05738517;1;1;33;3;1;1;1;32;;1 361,83;;7;OQ;93
05739583;1;2;37;7;1;1;2;28;;1 913,57;1 022,88;2;OQ;32
05739602;1;2;72;4;3;8;1;60;;0,00;;-1;GZ;28
05739825;1;1;43;4;1;1;1;25;;3 179,11;;26;MN;11
05739825;2;1;43;4;1;1;2;25;;857,88;550,70;5;GZ;27
05742808;1;1;35;3;2;1;2;25;;2 565,35;1 465,12;2;GZ;75
05744750;1;1;46;6;1;1;1;34;99;4 151,88;1 367,53;11;OQ;76
05744908;1;2;59;5;1;3;1;30;;2 825,94;;7;BE;52
05746205;1;2;27;1;1;2;1;38;;2 216,30;;3;HZ;84
05746645;1;1;46;3;1;9;1;40;;2 959,88;;14;OQ;24
05746750;1;2;42;4;1;1;1;40;;2 474,72;541,89;5;BE;24
05747230;1;2;43;6;1;1;2;15;4;2 288,51;4 104,59;5;FZ;44
05750609;1;2;43;4;2;1;1;39;;3 775,29;4 026,78;0;OQ;44
05753709;1;1;21;3;1;1;2;18;;1 884,78;;3;GZ;11
05754356;1;2;21;3;2;1;1;32;;999 999,00;;5;OQ;28
05754425;1;1;36;7;1;1;1;43;;7 642,63;;3;MN;75
05756606;1;1;42;3;1;1;1;42;;3 695,67;999 999,00;7;HZ;32
05758213;1;2;50;6;1;1;1;38;;3 792,42;2 202,27;6;BE;44
05758213;2;2;50;6;1;1;1;34;;2 919,02;;7;FZ;11
05760568;1;2;59;3;2;1;2;20;;1 853,45;1 437,95;1;GZ;32
05760659;1;1;30;3;1;1;1;42;;1 983,91;1 502,43;11;GZ;52
05761887;1;2;41;7;2;1;1;33;;4 849,62;;10;MN;75
05762615;1;2;61;3;1;1;1;35;;1 823,22;1 085,27;1;OQ;11
05764556;1;1;50;1;1;2;1;39;;1 367,07;1 275,71;11;OQ;52
05764666;1;2;30;2;1;1;1;37;1;1 331,11;;1;FZ;75
05765273;1;2;47;1;1;1;2;25;;1 629,10;235,37;12;OQ;93
05765273;2;2;47;1;1;1;1;33;;1 169,87;4 071,52;7;BE;84
05767186;1;1;25;9;1;1;1;40;;1 689,23;;8;FZ;84
05768684;1;1;47;5;1;1;1;36;;5 750,73;;7;BE;27
05772512;1;1;51;1;2;1;1;40;;1 711,25;705,52;0;JZ;52
05772543;1;2;35;6;1;1;2;13;2;1 022,75;561,01;6;GZ;76
05775717;1;2;36;5;1;2;1;40;;1 867,46;;0;GZ;11
05778171;1;1;21;3;1;1;1;45;;3 542,85;;3;RU;32
05778715;1;1;62;3;1;2;1;39;;4 655,75;;1;JZ;75
05780801;1;2;61;9;1;1;2;11;;1 203,77;;6;MN;76
05780801;2;2;61;9;1;1;1;60;;999 999,00;;15;FZ;53
05783797;1;1;20;3;1;1;9;27;;1 727,58;;4;OQ;24
05783797;2;1;20;3;1;1;2;99;;841,63;;4;OQ;84
05784456;1;1;25;1;1;1;2;8;;946,85;1 708,15;5;MN;93
05788224;1;2;39;4;1;1;1;29;;3 257,05;999 999,00;23;OQ;27
05788427;1;1;43;4;1;1;1;47;;2 699,89;1 166,62;10;RU;11
05788674;1;2;51;5;2;1;1;53;;1 939,92;999 999,00;16;GZ;32
05788844;1;2;28;1;1;1;1;99;;2 287,46;3 238,34;3;OQ;93
05789478;1;1;27;3;1;1;1;35;;2 285,76;2 089,65;5;OQ;32
05790064;1;2;24;4;1;1;2;27;;999 999,00;;8;RU;32
05791193;1;2;58;6;1;1;1;31;;5 735,43;;3;MN;24
05792604;1;1;39;6;2;1;1;37;;4 052,61;;2;OQ;52
05792604;2;1;39;6;2;2;1;99;;1 906,72;;2;OQ;76
05793099;1;1;42;5;3;8;1;54;;0,00;;-1;MN;11
05794004;1;1;52;5;1;1;9;37;;10 000,00;;2;MN;75
05795177;1;2;21;6;1;2;1;33;;2 688,58;;2;BE;84
05795852;1;1;33;4;1;1;1;38;9;2 895,33;;12;GZ;24
05796243;1;2;47;5;1;1;1;30;;999 999,00;4 144,76;1;OQ;75
05796546;1;2;57;4;1;1;1;41;;2 965,07;;3;FZ;53
05796575;1;1;24;5;1;1;1;50;;4 378,80;;2;GZ;84
05797144;1;1;43;6;1;3;1;45;;3 094,55;;5;GZ;52
05799468;1;1;34;6;1;1;1;99;;2 859,88;729,41;7;BE;28
05799883;1;1;22;4;2;2;1;38;;3 262,81;;6;MN;27
05800391;1;2;44;5;2;1;1;33;;3 055,90;;5;OQ;11
05801521;1;2;28;3;3;8;1;37;;0,00;;-1;BE;27
05802430;1;2;42;4;1;2;2;24;;1 640,47;149,25;2;GZ;84
05803377;1;2;50;3;1;2;2;11;;523,18;;2;OQ;84
05804568;1;1;55;3;2;1;1;42;;2 550,73;2 135,98;4;JZ;75
05805054;1;2;36;5;1;1;1;42;;1 581,75;;5;GZ;11
05810547;1;2;45;3;1;1;2;27;3;1 565,42;;3;OQ;53
05813380;1;2;46;4;1;1;1;46;;1 344,12;;0;FZ;11
05814266;1;2;30;3;1;2;1;33;;1 590,29;;0;BE;11
05815236;1;2;46;4;1;1;2;21;;1 382,67;;5;OQ;93
05815478;1;2;65;2;1;1;1;37;;2 782,48;;8;FZ;93
05817141;1;2;51;4;2;1;1;42;;2 991,30;1 071,26;23;FZ;32
05817206;1;2;40;7;1;1;1;41;;7 477,67;;8;BE;52
05818588;1;1;23;1;1;1;1;33;;1 514,41;;5;MN;11
05819424;1;1;50;7;1;1;1;32;;4 397,03;586,91;8;OQ;11
05819916;1;1;55;3;1;1;2;8;;2 635,02;;0;OQ;11
05820197;1;1;50;1;1;2;1;44;;1 773,17;;2;HZ;28
05820791;1;2;46;1;1;1;1;43;;3 550,52;1 148,15;18;AZ;93
05820846;1;1;45;6;2;1;1;31;;2 904,13;999 999,00;12;RU;84
05823135;1;1;43;7;3;8;1;99;;0,00;;-1;OQ;11
05825308;1;2;32;7;1;2;1;29;;999 999,00;1 205,31;10;GZ;76
05827762;1;1;43;5;1;1;2;20;;1 207,64;1 750,71;8;BE;84
05829193;1;2;50;5;3;8;2;32;;0,00;;-1;HZ;75
05832611;1;1;51;4;2;1;1;30;;1 612,17;999 999,00;12;JZ;84
05833701;1;1;33;4;1;1;1;42;;915,44;;2;OQ;53
05833877;1;1;55;6;2;1;1;33;;4 560,49;999 999,00;9;GZ;76
05836118;1;1;28;5;2;1;1;40;;2 562,05;;8;BE;11
05838478;1;1;54;5;1;1;1;34;;3 206,23;;8;HZ;93
05839769;1;1;34;3;1;1;1;45;;2 170,53;747,67;5;GZ;11
05840230;1;2;49;4;1;1;9;99;;2 976,25;;16;MN;93
05840230;2;2;49;4;1;1;2;21;;999 999,00;;6;BE;53
05840338;1;1;37;7;2;1;1;33;;2 261,78;;10;GZ;75
05841201;1;1;48;3;2;1;2;13;2;1 282,91;2 162,82;1;GZ;52
05841211;1;2;61;6;1;1;1;38;;3 587,15;1 244,84;5;GZ;27
05844290;1;2;45;1;1;2;2;19;;1 826,78;2 381,02;29;GZ;27
05845390;1;2;43;4;3;8;1;59;;0,00;;-1;OQ;75
05848357;1;2;42;4;1;1;1;46;4;2 107,69;;6;BE;93
05848933;1;1;42;3;2;1;1;42;;999 999,00;1 349,34;8;OQ;84
05848976;1;1;62;9;1;1;1;37;;2 422,37;;2;RU;75
05849016;1;1;45;4;1;1;9;29;;999 999,00;;8;BE;53
05850046;1;1;51;2;1;1;1;50;;2 424,97;2 496,42;0;MN;28
05851218;1;2;47;3;3;8;1;60;;0,00;;-1;GZ;11
05851524;1;1;55;2;2;1;1;99;;3 482,18;797,54;5;HZ;11
05853800;1;2;47;2;1;2;1;99;;2 612,16;;6;HZ;44
05854606;1;1;38;7;1;1;1;39;;999 999,00;177,60;5;OQ;52
05854905;1;2;27;2;2;1;1;50;;1 496,94;;4;BE;44
05856307;1;1;28;4;1;1;1;31;;2 966,60;355,57;4;FZ;24
05856307;2;1;28;4;1;1;1;33;;999 999,00;702,84;1;HZ;11
05857705;1;2;24;3;1;1;2;15;;1 089,44;;8;FZ;44
05858487;1;1;56;5;1;2;1;34;;999 999,00;1 868,99;1;OQ;52
05858730;1;2;63;1;2;1;1;40;;2 163,82;;23;GZ;76
05859012;1;2;39;3;1;1;1;33;;2 588,98;808,57;0;GZ;32
05859187;1;2;29;7;1;2;1;35;;1 342,30;1 285,15;5;OQ;52
05859454;1;1;24;3;1;1;1;30;;2 221,55;;4;BE;76
05859636;1;1;31;5;2;1;1;36;;2 671,18;631,96;15;HZ;52
05863770;1;1;21;4;1;1;1;48;;2 224,18;;5;GZ;32
05863992;1;2;20;3;1;3;2;10;;970,59;;1;FZ;32
05866248;1;2;22;1;1;1;1;44;;1 053,99;;0;RU;93
05866682;1;1;34;4;2;1;1;34;5;1 338,63;999 999,00;3;OQ;93
05867533;1;2;58;2;1;1;1;46;;4 077,44;999 999,00;0;OQ;76
05868460;1;2;62;1;1;1;2;8;;1 197,97;;6;BE;44
05871045;1;2;61;7;3;8;2;38;5;0,00;999 999,00;-1;OQ;44
05872914;1;1;51;7;1;2;1;54;;2 440,90;;13;OQ;52
05873219;1;2;48;6;2;1;2;15;;2 469,86;5 874,07;0;OQ;93
05876330;1;2;30;5;1;1;1;26;1;2 934,72;629,76;6;HZ;84
05876665;1;1;35;4;1;1;1;38;;3 167,85;848,45;19;JZ;76
05878104;1;1;24;3;2;2;9;37;;2 105,29;;8;OQ;52
05883350;1;1;59;5;1;1;1;35;;4 065,79;;15;GZ;11
05883675;1;2;39;4;1;2;1;48;;2 333,03;79,91;23;OQ;11
05889250;1;1;48;7;1;1;1;35;;4 443,83;;1;OQ;76
05891952;1;1;61;3;2;2;1;41;;1 820,29;;6;OQ;32
05892183;1;1;49;4;1;1;1;32;;4 169,07;;19;MN;75
05893326;1;1;33;3;2;1;1;46;;4 671,54;;0;MN;75
05894561;1;1;30;6;1;1;2;28;;1 536,56;;8;HZ;28
05899293;1;2;32;7;1;2;2;12;;999 999,00;;2;OQ;11
05903243;1;1;56;7;1;1;1;42;;3 354,64;472,53;14;BE;93
05906730;1;1;32;3;1;1;1;40;;1 302,44;;11;MN;52
05910628;1;1;53;4;1;1;1;33;2;2 608,81;;7;MN;93
05911059;1;2;32;7;1;1;1;47;;2 140,91;;7;JZ;76
05912052;1;1;37;4;2;1;1;31;;2 574,67;;6;OQ;93
05915976;1;2;25;3;1;1;1;34;;1 982,70;7 105,97;7;OQ;32
05918451;1;2;40;3;1;2;2;10;;853,84;;12;BE;11
05919586;1;1;25;4;1;1;1;29;;999 999,00;967,55;4;OQ;75
05920236;1;1;54;5;1;1;9;39;;999 999,00;1 409,92;12;MN;84
05926048;1;2;21;3;2;3;1;38;;3 359,30;;5;BE;11
05926090;1;2;60;1;1;1;1;37;;2 119,52;;2;AZ;24
05928704;1;1;23;3;1;1;1;24;;2 831,40;619,40;0;OQ;93
05929592;1;2;27;6;3;8;2;45;;0,00;;-1;RU;84
05930848;1;1;29;5;1;1;1;36;;5 027,87;316,37;12;RU;44
05934403;1;1;63;5;1;1;2;21;;2 586,91;;10;JZ;28
05935730;1;2;49;4;1;2;1;45;;2 612,14;999 999,00;2;OQ;53
05937626;1;1;51;1;1;1;1;39;;1 986,82;443,40;1;GZ;93
05938194;1;1;55;1;1;1;1;36;2;1 377,58;;9;OQ;84
05939500;1;1;47;4;3;8;1;60;;0,00;;-1;OQ;11
05941533;1;2;20;3;1;1;2;16;;1 243,64;1 088,09;2;MN;84
05942947;1;1;30;7;2;1;2;8;;1 260,93;2 474,98;1;RU;32
05944961;1;2;31;1;1;1;2;15;;962,97;3 755,23;2;GZ;44
05945965;1;2;32;5;2;1;2;8;;1 577,06;518,05;6;OQ;27
05946351;1;1;21;6;1;1;1;47;;2 099,30;;1;GZ;76
05946725;1;1;30;7;1;1;1;34;;2 826,80;;3;AZ;44
05946725;2;1;30;7;1;1;1;38;;999 999,00;1 514,58;4;GZ;32
05948492;1;1;38;1;1;1;1;36;99;823,29;999 999,00;2;OQ;44
05949392;1;1;38;3;1;1;1;33;;2 297,98;;7;OQ;32
05949553;1;1;22;6;1;1;1;31;;2 188,12;948,97;6;GZ;11
05950119;1;1;34;4;1;1;1;25;;2 288,10;;2;BE;93
05950321;1;2;33;6;2;2;1;35;;3 307,67;;4;RU;75
05951418;1;2;38;5;2;1;1;35;5;2 612,50;;2;FZ;93
05952032;1;2;36;5;1;1;1;34;;2 765,20;721,72;6;OQ;28
05952032;2;2;36;5;1;1;2;27;;1 486,82;;3;AZ;75
05952519;1;2;29;6;2;2;1;31;;6 217,47;;13;RU;53
05953909;1;2;26;1;2;1;1;33;;1 389,33;1 426,51;10;BE;32
05954328;1;1;40;3;1;1;1;34;;5 187,46;391,48;3;AZ;52
05955115;1;1;41;6;2;1;1;45;;3 988,51;1 198,12;3;JZ;24
05956799;1;1;27;3;2;1;1;30;;2 281,75;;3;OQ;24
05956810;1;1;32;2;1;1;1;32;;2 175,93;;8;OQ;76
05957229;1;2;20;5;2;1;1;40;;999 999,00;;1;OQ;11
05961571;1;1;22;5;1;9;1;41;;1 701,83;;0;OQ;75
05961619;1;1;40;3;1;1;1;32;;1 764,28;2 064,99;11;GZ;93
05961974;1;2;47;1;3;8;1;52;;0,00;;-1;MN;93
05963037;1;2;35;6;1;1;9;8;;1 828,76;;1;RU;93
05963875;1;2;31;4;1;1;1;28;;2 477,57;;4;OQ;84
05965598;1;1;50;7;1;2;1;42;;2 375,88;905,60;1;OQ;93
05966273;1;2;25;7;1;1;2;10;;1 193,70;;9;OQ;44
05966930;1;2;47;4;2;1;9;33;;1 673,76;656,43;1;OQ;11
05967295;1;1;31;5;3;8;2;40;1;0,00;;-1;RU;93
05967295;2;1;31;5;3;8;1;57;;0,00;;-1;HZ;76
05968462;1;1;37;1;1;1;9;40;1;2 283,37;1 558,03;7;GZ;53
05977454;1;2;36;5;2;1;1;35;;2 441,37;1 425,47;6;MN;11
05977454;2;2;36;5;2;1;2;27;;1 882,26;999 999,00;4;MN;84
05977660;1;1;21;1;1;2;1;42;;1 923,65;;2;OQ;52
05977989;1;2;62;9;1;2;1;36;;3 339,75;;1;BE;76
05979411;1;1;22;5;1;1;1;31;;2 812,60;;6;GZ;32
05980959;1;2;40;4;1;1;1;47;;999 999,00;;5;OQ;84
05981216;1;1;56;3;1;1;1;49;;3 074,15;;3;MN;27
05981216;2;1;56;3;1;2;2;13;;2 698,74;;2;BE;84
05983717;1;1;62;6;1;1;1;39;;4 420,99;999 999,00;10;OQ;28
05984502;1;2;23;3;1;1;1;32;1;1 410,15;;7;GZ;11
05984652;1;1;26;1;1;1;1;38;;1 966,75;;2;OQ;44
05985458;1;1;57;4;1;1;1;34;;2 914,83;;4;GZ;52
05985616;1;1;46;1;2;1;1;32;;2 711,76;512,24;8;JZ;44
05986677;1;2;25;3;1;9;1;33;;2 270,70;1 172,14;4;HZ;28
05987088;1;2;37;4;2;2;2;16;;1 433,63;181,97;8;RU;32
05990379;1;2;26;7;1;1;1;39;;2 612,54;252,67;2;GZ;84
05990406;1;1;33;7;1;1;1;37;1;2 509,68;;2;MN;32
05993713;1;2;47;4;1;1;2;26;;1 386,06;;1;HZ;93
05994553;1;2;48;7;1;1;2;19;;1 526,30;1 604,84;3;MN;84
05994555;1;1;47;3;1;9;1;49;;2 352,47;834,37;18;MN;53
05995655;1;1;62;5;1;2;1;39;;3 413,36;;18;BE;84
05996766;1;2;53;9;3;8;1;60;;0,00;;-1;JZ;84
05996866;1;2;26;6;2;1;1;39;;1 011,12;;1;OQ;32
05998957;1;1;21;7;2;2;2;13;;2 576,73;2 548,76;5;MN;53
06000355;1;1;56;2;1;1;1;34;;1 881,81;;5;OQ;93
06001459;1;2;57;5;2;9;1;31;;999 999,00;;1;MN;93
06002916;1;1;59;2;1;1;1;40;;999 999,00;3 583,07;9;FZ;11
06002916;2;1;59;2;1;1;2;13;;2 709,58;;3;OQ;84
06006450;1;2;38;7;1;1;1;36;;10 000,00;1 665,45;4;OQ;93
06006824;1;2;43;7;1;1;2;18;;999 999,00;1 358,13;3;BE;84
06007424;1;1;36;6;2;1;1;26;;3 035,52;;10;OQ;76
06007673;1;1;43;7;2;1;2;12;;1 871,23;1 491,60;1;OQ;76
06011301;1;1;53;3;3;8;1;60;;0,00;;-1;OQ;76
06012192;1;2;40;4;1;1;2;24;;689,22;;4;BE;27
06014519;1;1;35;7;3;8;1;60;;0,00;;-1;MN;52
06014742;1;2;29;5;1;1;1;34;;2 477,18;454,07;4;BE;75
06014950;1;1;34;6;1;1;1;30;;2 827,23;1 485,81;6;GZ;11
06015056;1;2;33;7;1;1;9;34;;2 118,75;;0;GZ;11
06017335;1;2;25;7;1;1;1;33;;999 999,00;;7;OQ;44
06017335;2;2;25;7;1;1;2;11;;2 410,76;1 631,79;9;AZ;76
06018168;1;1;49;5;2;1;1;36;;3 131,72;;17;OQ;11
06018249;1;2;51;7;2;1;9;46;;4 245,46;;5;OQ;28
06018671;1;1;23;3;2;2;1;44;;1 700,18;;1;JZ;75
06019625;1;1;47;1;1;2;1;43;;1 169,38;;1;MN;52
06021757;1;2;52;4;1;1;1;54;;4 411,01;;17;MN;52
06022262;1;1;48;4;2;1;1;34;2;2 211,23;;3;GZ;76
06024210;1;2;56;3;1;1;1;40;;2 494,47;;10;AZ;11
06025218;1;1;20;6;2;1;1;99;3;4 352,27;;1;OQ;53
06025407;1;2;39;1;1;3;1;49;;2 942,68;2 511,50;2;AZ;75
06027501;1;1;44;9;3;8;1;51;;0,00;;-1;OQ;53
06027501;2;1;44;9;3;8;2;56;;0,00;;-1;MN;75
06028031;1;2;33;4;1;1;1;60;;1 987,92;;8;FZ;53
06028262;1;1;20;6;3;8;1;59;;0,00;;-1;OQ;24
06029437;1;1;22;1;3;8;9;56;;0,00;;-1;GZ;76
06029470;1;1;60;4;1;1;1;46;;5 862,74;;6;BE;27
06031497;1;1;21;3;1;1;1;44;;1 161,81;;1;GZ;32
06031548;1;1;46;5;2;1;9;25;;4 625,73;941,01;2;BE;32
06033703;1;2;28;5;2;1;1;29;;1 922,79;764,31;5;FZ;53
06036391;1;1;47;4;1;1;1;40;;3 795,61;;0;MN;11
06037084;1;2;39;7;1;1;1;42;;10 000,00;1 530,95;5;MN;11
06037505;1;2;63;7;1;1;1;42;;5 295,55;;21;MN;76
06037650;1;1;26;7;3;8;1;60;;0,00;;-1;BE;53
06041258;1;2;28;5;2;1;2;25;;1 384,48;;1;MN;52
06042039;1;1;38;2;1;1;1;27;;1 761,72;;1;AZ;11
06042736;1;1;38;7;1;1;1;42;;3 816,32;;2;OQ;84
06045780;1;2;30;7;1;2;1;40;5;9 166,56;1 516,00;9;HZ;32
06047109;1;2;34;7;1;2;2;28;;999 999,00;197,23;2;GZ;11
06047708;1;1;35;7;1;3;1;41;;3 936,12;;13;JZ;75
06050462;1;2;60;5;2;1;1;34;;2 903,91;;4;BE;93
06050771;1;2;51;4;1;1;1;40;;3 020,55;880,00;4;FZ;93
06051132;1;1;36;1;1;1;1;31;;1 844,53;;2;JZ;93
06051913;1;1;17;4;1;1;1;25;;3 439,03;;1;MN;84
06053112;1;2;28;6;1;1;2;99;;861,55;450,47;3;GZ;44
06053230;1;1;57;3;1;1;1;41;;4 043,78;;8;GZ;93
06053625;1;2;38;4;1;1;1;48;;2 241,79;1 315,65;9;BE;84
06055662;1;1;51;7;1;3;1;36;;5 294,78;;1;RU;44
06057125;1;1;38;6;1;3;1;33;;10 000,00;558,72;2;BE;76
06059692;1;2;28;5;1;1;1;48;;3 345,69;;3;GZ;93
06063919;1;1;21;3;1;1;1;27;;1 278,85;;2;GZ;84
06064582;1;2;26;4;3;8;2;28;2;0,00;;-1;OQ;32
06064875;1;2;38;5;1;2;1;35;;1 583,38;;4;OQ;24
06065073;1;1;40;4;2;1;1;45;2;2 578,02;1 383,12;5;GZ;84
06066934;1;1;48;7;1;2;1;51;;3 512,46;2 354,12;4;FZ;93
06067522;1;1;30;6;3;8;2;45;;0,00;;-1;GZ;24
06071526;1;1;48;4;1;3;1;30;;2 413,38;309,47;15;GZ;84
06074174;1;1;57;1;1;1;1;32;;2 292,61;;11;GZ;24
06074746;1;2;48;3;3;8;2;44;;0,00;;-1;HZ;11
06075445;1;2;36;6;2;1;2;11;;799,35;678,56;1;OQ;11
06075836;1;1;49;3;1;1;2;18;;1 982,72;3 059,66;33;HZ;53
06075836;2;1;49;3;1;1;2;14;;999 999,00;2 061,59;5;FZ;84
06075990;1;2;50;3;1;1;1;31;;1 716,78;170,32;2;BE;11
06076785;1;2;50;9;2;1;9;35;;3 878,49;;3;GZ;11
06080252;1;1;67;4;1;1;1;45;;1 667,59;;1;JZ;93
06080689;1;2;37;2;1;1;2;9;;1 394,30;2 939,05;13;GZ;84
06083897;1;1;35;6;1;1;1;44;;3 803,35;;9;GZ;44
06084160;1;2;25;1;1;1;1;36;;1 371,91;;3;OQ;32
06086851;1;1;32;4;1;1;1;47;;1 632,60;;3;MN;24
06089460;1;2;60;1;1;1;1;50;3;1 549,59;;5;HZ;75
06090632;1;2;38;4;1;1;2;19;;999 999,00;1 081,14;2;GZ;32
06090777;1;1;36;7;1;1;1;43;;4 834,70;3 539,63;13;FZ;11
06091981;1;1;27;5;1;1;1;45;;3 077,60;590,74;5;OQ;84
06092275;1;1;19;6;3;8;1;48;;0,00;;-1;OQ;53
06092847;1;2;25;4;1;1;1;33;;2 407,06;1 778,32;6;MN;11
06096000;1;1;39;4;1;1;1;35;1;2 637,17;309,76;3;OQ;84
06097404;1;2;47;3;1;1;2;24;;415,86;1 041,25;2;OQ;44
06097404;2;2;47;3;1;1;2;16;;2 095,85;589,30;4;FZ;76
06097629;1;2;27;5;1;1;1;44;;3 001,28;;0;FZ;24
06098101;1;2;49;1;2;1;1;34;;1 617,84;;14;FZ;75
06098101;2;2;49;1;2;1;1;42;;2 080,46;;11;RU;75
06099317;1;1;59;3;2;1;1;39;;1 797,03;8 973,91;1;JZ;11
06102805;1;1;36;3;2;1;1;31;;2 632,52;;3;OQ;44
06103386;1;1;55;2;1;1;1;34;;3 570,17;;2;FZ;75
06106290;1;2;74;5;1;2;2;11;;2 851,94;;3;FZ;84
06108683;1;1;54;3;1;1;1;38;;2 452,98;;2;OQ;11
06111369;1;2;24;3;1;1;2;10;;2 087,27;;5;BE;11
06111762;1;2;21;3;1;1;1;47;;1 138,16;;1;MN;32
06112227;1;1;58;3;2;1;1;38;2;2 878,27;;17;AZ;84
06112453;1;2;50;7;2;1;1;51;;999 999,00;895,30;15;BE;32
06114204;1;2;54;6;1;2;2;12;1;999 999,00;690,85;6;OQ;44
06114319;1;1;64;3;1;1;1;48;;4 093,27;;14;FZ;27
06116537;1;1;43;3;1;1;1;38;;2 393,23;;3;GZ;93
06117946;1;1;61;3;1;2;1;99;;2 581,75;247,25;1;BE;52
06118734;1;2;38;5;1;1;1;40;;4 451,51;;22;JZ;44
06119611;1;2;37;5;2;1;1;41;;3 005,38;1 116,80;2;JZ;75
06121791;1;2;27;4;3;8;2;47;;0,00;;-1;OQ;84
06122236;1;2;41;7;1;1;1;35;;999 999,00;;4;OQ;24
06122723;1;2;33;5;1;1;1;37;;2 798,03;6 977,67;5;OQ;75
06123688;1;1;45;2;1;1;1;31;;1 654,89;;3;BE;53
06124419;1;1;58;5;1;1;2;10;4;2 165,52;179,06;6;FZ;44
06127476;1;2;57;7;1;1;1;42;;6 530,18;;17;HZ;32
06129098;1;1;32;6;2;1;1;43;;3 398,71;;11;OQ;52
06129704;1;1;55;6;2;1;1;40;;999 999,00;;3;FZ;32
06130947;1;2;17;1;1;1;1;31;;2 045,77;;1;FZ;11
06131641;1;2;43;5;1;1;1;42;;2 834,03;;2;JZ;27
06132030;1;2;35;5;1;1;1;35;;4 458,84;;2;FZ;84
06133801;1;2;53;4;1;1;1;41;;3 091,57;;1;MN;93
06133844;1;1;37;5;1;1;1;31;;4 160,11;;16;OQ;27
06134030;1;1;36;4;2;1;1;35;;2 783,53;;5;RU;28
06134785;1;2;49;3;1;1;1;34;5;1 899,39;;10;BE;93
06134915;1;2;34;7;2;3;1;42;;10 000,00;1 172,00;4;BE;84
06137304;1;2;36;4;1;1;2;10;;1 529,19;;1;FZ;11
06137381;1;2;24;3;2;1;9;36;1;3 069,17;910,31;8;FZ;27
06139146;1;1;59;1;1;1;9;36;;2 007,42;808,41;1;OQ;32
06139500;1;2;28;7;2;2;2;10;;1 839,57;930,90;3;MN;11
06139705;1;1;58;2;1;1;1;44;;2 969,94;674,50;4;BE;84
06139766;1;2;43;6;1;1;1;37;;2 356,05;;0;JZ;76
06140828;1;2;67;5;1;1;1;23;;3 657,82;318,29;5;OQ;75
06140828;2;2;67;5;1;1;2;9;;1 523,74;1 910,39;15;BE;53
06141122;1;2;37;7;2;1;2;15;;1 469,99;1 583,44;8;OQ;76
06141231;1;2;39;7;2;1;2;25;;999 999,00;1 425,22;3;FZ;75
06142441;1;1;40;7;2;1;1;43;;6 077,07;;17;JZ;76
06143800;1;2;52;5;1;1;2;15;;1 560,81;404,64;2;OQ;28
06144583;1;2;63;1;1;1;1;36;;2 437,96;1 296,47;8;GZ;84
06144813;1;1;63;1;1;1;9;34;;1 984,76;2 291,90;4;BE;44
06145915;1;2;31;3;1;1;2;30;;1 481,50;874,29;13;BE;28
06145999;1;1;46;3;3;8;1;57;;0,00;;-1;OQ;53
06146652;1;2;36;4;3;8;2;41;;0,00;;-1;OQ;84
06146652;2;2;36;4;3;8;2;45;2;0,00;;-1;FZ;32
06147085;1;2;26;2;1;1;1;40;;1 935,27;;5;GZ;11
06147200;1;1;20;1;1;1;1;45;;1 358,40;;2;GZ;11
06148465;1;1;42;7;1;2;1;39;;2 301,61;355,76;2;OQ;76
06154227;1;2;59;9;1;1;1;43;;3 741,16;1 010,11;11;RU;76
06154331;1;2;47;7;1;1;1;52;;4 431,97;586,14;0;GZ;76
06156166;1;1;37;4;2;1;1;41;1;1 554,99;219,31;5;RU;24
06157285;1;1;41;4;1;2;1;26;2;3 213,33;;3;AZ;84
06157724;1;1;54;1;2;1;1;60;;2 418,14;;3;BE;27
06158126;1;2;27;5;1;1;2;27;;918,72;;2;OQ;75
06158674;1;1;59;3;2;1;1;42;;2 268,12;;5;BE;44
06160271;1;1;72;7;1;2;1;44;;4 736,98;1 957,18;3;BE;32
06162170;1;2;44;1;1;1;2;26;;851,98;;1;BE;52
06163582;1;2;25;4;1;2;2;18;1;1 249,73;643,42;7;OQ;32
06165585;1;2;45;4;1;1;2;9;;2 018,73;;9;OQ;24
06166184;1;1;47;7;3;8;1;60;;0,00;;-1;OQ;27
06166452;1;2;35;5;2;1;1;49;;1 616,04;;2;FZ;53
06167819;1;2;60;3;2;2;2;18;;3 867,34;2 785,67;0;GZ;75
06169005;1;1;38;5;1;1;2;11;;3 385,65;;10;OQ;44
06173633;1;2;39;2;3;8;1;56;;0,00;;-1;GZ;11
06174418;1;2;48;1;1;1;1;51;9;1 166,28;;9;BE;32
06175893;1;1;40;4;1;1;1;44;;2 444,14;;3;BE;28
06176842;1;1;43;6;1;1;1;47;;2 156,18;1 056,35;4;GZ;11
06176996;1;2;23;3;1;1;1;44;;1 374,91;;1;HZ;93
06177485;1;2;32;4;1;1;1;32;;3 565,10;5 252,11;16;BE;27
06179382;1;1;39;9;2;1;1;51;1;2 618,31;;7;FZ;11
06179415;1;2;33;4;1;1;1;45;1;1 097,44;;8;FZ;11
06180395;1;1;46;9;1;1;2;27;;858,06;1 708,00;1;GZ;44
06184229;1;2;35;4;1;1;1;32;;2 017,00;;13;GZ;76
06185068;1;2;48;5;2;1;1;44;;2 970,98;;2;BE;32
06185538;1;1;35;7;1;1;1;30;;2 963,88;;1;OQ;27
06186755;1;1;30;3;2;1;1;31;;2 631,36;419,89;8;GZ;11
06186755;2;1;30;3;2;1;2;18;;917,80;943,51;1;AZ;11
06187585;1;2;40;5;2;3;1;42;1;2 836,41;3 396,85;1;OQ;76
06188548;1;2;21;5;1;1;1;49;;1 391,80;;1;OQ;75
06188900;1;2;22;9;1;1;1;99;;1 604,12;;1;MN;44
06191561;1;2;39;2;1;1;1;52;;2 344,97;2 017,68;2;FZ;75
06191941;1;2;44;7;2;2;2;19;;999 999,00;;13;AZ;11
06192031;1;1;36;3;3;8;1;55;;0,00;;-1;OQ;11
06193739;1;1;43;4;1;1;2;26;;878,31;389,17;6;JZ;24
06196371;1;1;25;4;1;1;2;15;;609,53;;5;AZ;11
06198415;1;2;70;6;1;1;1;29;;3 317,38;;16;BE;11
06199282;1;1;59;1;1;2;1;47;;2 687,81;;3;MN;76
06200975;1;1;30;5;2;1;1;44;;2 719,53;;3;OQ;75
06200975;2;1;30;5;2;2;1;44;;1 630,75;;0;OQ;24
06202354;1;1;39;3;1;1;1;28;;3 824,49;;3;OQ;75
06204446;1;1;48;3;2;1;1;46;;2 465,65;863,31;5;OQ;84
06206524;1;2;52;5;1;1;2;26;3;2 214,33;363,96;8;AZ;11
06206768;1;1;27;3;1;2;1;42;;2 834,22;;6;OQ;75
06206768;2;1;27;3;1;1;2;15;;796,80;;9;OQ;24
06206781;1;1;70;3;1;1;2;30;;1 945,30;;0;OQ;24
06207051;1;2;30;1;1;1;2;25;;999 999,00;;14;OQ;93
06207051;2;2;30;1;1;1;1;36;;2 074,63;;1;GZ;11
06207863;1;2;34;7;1;1;1;46;;3 178,61;1 098,88;3;FZ;53
06208697;1;1;24;1;1;1;1;54;;1 348,86;;4;GZ;76
06209556;1;2;63;1;2;1;9;12;1;1 144,81;999 999,00;0;GZ;84
06209556;2;2;63;1;2;1;2;13;;1 346,73;;5;BE;11
06209558;1;1;25;7;1;1;2;12;;2 240,67;814,81;9;OQ;84
06209558;2;1;25;7;1;1;2;22;;2 326,36;999 999,00;9;HZ;93
06212169;1;2;20;3;1;1;1;35;;1 114,00;;4;MN;32
06212169;2;2;20;3;1;1;1;40;;1 832,00;;2;GZ;84
06213180;1;2;44;3;2;1;1;37;;2 253,40;;3;AZ;52
06213228;1;1;36;7;1;1;1;42;;2 635,95;;5;JZ;27
06213743;1;2;34;4;1;1;1;46;;1 938,75;1 618,32;1;GZ;11
06214036;1;2;39;4;2;1;1;46;;2 758,91;;3;MN;11
06217137;1;2;53;6;3;8;9;60;;0,00;;-1;OQ;75
06217300;1;2;48;3;1;2;1;33;;1 985,17;;19;RU;11
06218348;1;2;53;4;2;1;9;40;;3 026,54;;1;OQ;44
06219290;1;2;30;1;1;1;1;31;;1 546,02;;14;BE;27
06220138;1;1;54;3;2;1;1;35;;2 111,31;886,46;6;RU;75
06220397;1;2;47;1;1;2;1;43;;1 934,53;;0;OQ;53
06221332;1;2;57;3;1;1;2;30;;1 579,91;2 319,69;2;HZ;11
06226157;1;2;21;6;1;1;9;9;;3 319,13;;5;AZ;11
06226986;1;2;54;6;1;1;1;42;;3 196,87;2 238,30;2;MN;84
06227056;1;1;27;4;1;2;1;27;;2 294,18;625,28;9;OQ;84
06228778;1;2;36;4;1;1;1;40;;1 843,74;;3;BE;52
06230287;1;1;57;5;1;1;1;42;;2 439,11;;4;HZ;76
06232652;1;1;41;1;1;1;9;43;;1 749,53;3 573,50;4;GZ;32
06234712;1;1;42;3;1;1;2;18;;1 060,34;;4;JZ;11
06234712;2;1;42;3;1;2;2;24;;1 719,28;;8;OQ;84
06235293;1;2;29;5;1;1;1;35;;1 778,67;757,43;1;JZ;11
06235321;1;1;37;2;1;1;1;26;1;2 314,11;590,97;11;GZ;32
06235941;1;1;27;3;1;1;1;39;;1 899,72;;0;MN;28
06236730;1;2;35;4;1;1;1;44;;3 456,03;;2;JZ;28
06239686;1;2;41;3;1;1;2;22;;889,87;;5;OQ;84
06240184;1;2;38;6;2;1;1;37;;2 578,65;;3;GZ;32
06241496;1;1;60;6;2;2;1;35;;999 999,00;1 552,46;5;BE;75
06241496;2;1;60;6;2;3;2;26;2;3 818,84;360,61;9;OQ;32
06243951;1;2;29;7;2;2;1;29;9;2 680,45;;7;OQ;11
06244407;1;2;52;7;2;3;1;34;;2 733,20;999 999,00;2;OQ;52
06244770;1;1;43;3;2;1;2;8;;1 489,35;2 800,81;12;MN;84
06244770;2;1;43;3;2;3;2;18;;999 999,00;;20;GZ;53
06244939;1;2;54;4;1;3;2;19;;1 480,73;;6;HZ;52
06245416;1;1;57;5;2;1;1;40;1;4 601,56;;8;FZ;84
06245842;1;2;39;6;1;1;1;41;;3 306,13;2 063,24;11;OQ;32
06246571;1;2;70;3;1;2;1;40;;3 189,49;;8;BE;11
06247082;1;2;26;3;1;1;2;22;9;1 651,00;;1;GZ;11
06247380;1;1;23;5;1;1;1;30;;3 022,10;;2;AZ;27
06247677;1;2;62;4;3;8;1;99;;0,00;;-1;RU;27
06250540;1;2;50;7;1;1;1;42;;2 510,86;;8;GZ;11
06251827;1;2;50;4;3;8;2;40;;0,00;;-1;GZ;11
06254055;1;2;23;3;1;1;2;9;;874,83;556,56;7;GZ;32
06255026;1;1;47;2;2;2;1;39;;1 996,38;932,89;3;GZ;11
06255233;1;1;31;3;2;1;1;37;;4 213,22;;8;GZ;32
06256494;1;2;26;6;1;1;1;39;;3 219,51;;10;OQ;84
06256502;1;2;28;6;1;1;1;35;;3 629,07;;12;MN;75
06259665;1;1;40;3;1;1;1;31;;2 011,57;1 162,88;1;GZ;75
06260779;1;2;42;3;2;1;1;52;;2 424,89;;14;OQ;52
06260779;2;2;42;3;2;1;2;20;;1 392,79;;16;BE;32
06263481;1;2;57;1;1;2;2;17;;1 312,23;;14;OQ;93
06264492;1;2;57;5;2;1;9;45;;2 579,27;999 999,00;4;JZ;52
06264725;1;1;58;3;1;1;1;36;2;5 334,59;2 125,40;8;OQ;52
06266381;1;2;42;3;1;2;2;27;1;1 437,18;;4;OQ;44
06268901;1;2;53;5;1;1;1;37;;3 414,62;;16;BE;11
06269225;1;1;36;4;2;1;1;36;99;3 069,60;;7;OQ;24
06269710;1;1;50;2;2;1;9;28;;2 547,67;;2;MN;11
06275559;1;2;39;1;1;1;1;45;;677,55;;0;BE;84
06276100;1;1;58;6;1;9;1;45;;3 580,50;694,50;18;OQ;75
06276100;2;1;58;6;1;1;2;17;;2 178,59;;5;GZ;32
06277446;1;2;31;7;1;1;2;22;;1 098,49;1 703,59;7;BE;84
06278276;1;2;55;3;1;1;1;33;;2 245,26;;5;OQ;11
06278762;1;2;59;2;2;2;1;38;;3 548,91;;1;OQ;11
06278762;2;2;59;2;2;1;2;18;;700,64;;17;OQ;52
06282677;1;2;33;5;1;1;2;18;;2 281,22;464,26;17;BE;32
06283095;1;2;38;7;2;1;1;60;;2 324,56;636,88;1;FZ;32
06283481;1;1;43;3;1;1;1;42;;2 017,62;945,43;16;RU;11
06283554;1;2;25;3;1;1;1;34;;1 270,12;;1;BE;44
06288308;1;2;52;4;1;1;2;14;;908,43;;1;MN;11
06288419;1;2;31;3;1;1;1;35;;2 170,42;;5;OQ;84
06293220;1;2;62;4;1;1;2;19;;999 999,00;2 502,31;17;GZ;76
06293439;1;2;34;7;1;1;9;60;;4 931,57;;6;JZ;32
06293439;2;2;34;7;1;1;1;32;;999 999,00;;7;GZ;32
06293617;1;1;20;1;2;1;1;41;;1 374,20;6 541,33;2;BE;32
06293617;2;1;20;1;2;1;2;10;;1 001,16;;4;OQ;76
06294964;1;2;52;4;2;1;2;19;;2 383,09;;28;GZ;44
06299289;1;1;63;4;1;1;1;36;;2 751,07;4 850,24;5;OQ;93
06301118;1;2;27;7;1;3;2;19;;1 522,66;823,46;10;OQ;75
06301118;2;2;27;7;1;1;2;26;9;999,66;1 342,21;1;FZ;32
06304862;1;1;31;4;1;1;1;41;;2 195,62;;0;RU;75
06304955;1;1;16;6;1;1;1;39;;4 096,35;;0;RU;28
06305144;1;1;64;6;1;1;1;60;;7 430,75;;16;BE;32
06305144;2;1;64;6;1;1;1;27;;3 037,01;479,37;10;OQ;44
06307395;1;1;52;1;1;1;1;45;;1 518,17;;1;BE;11
06308284;1;2;56;3;2;1;1;31;;4 766,93;2 113,97;6;OQ;52
06309890;1;1;33;5;2;2;2;12;;1 060,84;611,65;14;BE;93
06311923;1;2;48;5;1;2;1;38;;4 097,02;;19;MN;44
06316216;1;2;46;7;1;1;1;50;;4 507,69;999 999,00;11;OQ;11
06316216;2;2;46;7;1;1;2;12;;2 925,42;;5;HZ;75
06319881;1;2;52;6;2;2;1;45;;2 472,89;611,22;7;HZ;53
06320118;1;1;46;1;1;1;1;37;;1 495,21;;3;OQ;75
06321749;1;2;58;3;1;1;1;38;;2 082,07;;2;OQ;93
06322626;1;1;34;3;1;1;2;11;;1 178,57;;2;MN;52
06326870;1;2;41;5;1;1;2;20;1;1 684,56;;15;GZ;84
06327238;1;2;48;3;1;1;1;47;;2 384,93;3 113,25;13;OQ;84
06327754;1;2;28;1;1;1;1;36;;1 707,09;;5;MN;84
06328047;1;2;60;3;1;2;1;34;;1 832,79;;3;OQ;93
06328078;1;1;62;3;1;1;1;42;1;2 426,18;;9;GZ;75
06330085;1;2;26;3;1;1;2;25;;1 831,51;;10;OQ;11
06334473;1;1;43;3;1;1;1;28;;2 925,06;;0;JZ;11
06336031;1;1;44;6;1;1;1;99;;3 142,22;739,12;2;MN;76
06337754;1;1;58;3;1;2;2;12;;1 855,31;1 237,82;3;AZ;44
06339179;1;1;42;4;2;1;1;47;;4 720,53;;1;BE;75
06341449;1;1;30;5;1;1;1;56;;999 999,00;811,72;1;OQ;11
06342043;1;1;29;4;1;1;1;60;3;1 255,51;;3;OQ;93
06342105;1;1;53;6;1;1;2;29;;999 999,00;999 999,00;3;OQ;93
06342699;1;1;50;5;2;1;1;28;;1 565,52;999 999,00;1;BE;52
06343486;1;1;41;7;1;2;9;39;;2 611,51;2 126,23;5;MN;32
06346317;1;1;41;4;1;2;1;41;;2 311,06;;3;BE;75
06346451;1;2;48;4;1;1;9;99;;3 442,93;;14;MN;93
06349528;1;2;19;2;1;1;1;38;;1 527,36;739,71;2;AZ;24
06350449;1;1;53;6;1;2;1;36;;2 127,26;999 999,00;5;HZ;52
06353303;1;1;37;5;1;1;1;39;;2 307,13;1 213,91;3;MN;84
06353303;2;1;37;5;1;1;2;14;;2 231,69;583,82;3;OQ;32
06353386;1;2;25;6;1;2;1;34;2;2 477,88;587,37;5;FZ;11
06354576;1;2;34;5;2;1;2;24;;2 898,39;;12;GZ;76
06354695;1;2;56;6;2;1;1;35;;999 999,00;;1;GZ;44
06355906;1;1;31;3;1;1;1;42;2;2 435,68;132,08;7;OQ;11
06356780;1;2;60;6;1;2;2;22;;2 009,46;2 389,72;30;OQ;76
06357121;1;1;29;4;2;2;1;32;;2 007,52;;3;MN;24
06358119;1;2;30;1;1;1;2;12;;1 346,45;1 687,86;7;JZ;28
06358449;1;1;60;3;2;1;1;46;;2 543,99;;11;MN;24
06358884;1;2;74;3;3;8;1;51;;0,00;;-1;BE;28
06359229;1;1;27;4;1;1;1;29;;2 214,80;;11;OQ;53
06361121;1;1;23;2;1;1;9;39;;2 046,46;;5;FZ;32
06361904;1;1;53;1;1;1;1;39;;1 929,19;1 068,73;10;AZ;75
06365141;1;2;45;6;1;1;1;44;;2 427,90;;5;OQ;53
06367849;1;1;33;1;1;2;1;42;;2 341,33;;6;OQ;75
06368429;1;1;28;4;1;1;1;41;;1 419,71;;1;RU;84
06368593;1;2;32;4;1;2;1;40;;1 975,57;1 583,04;2;OQ;27
06368827;1;2;61;4;1;1;1;36;;5 357,06;;6;OQ;93
06371453;1;1;56;5;1;3;1;38;;5 106,56;;3;MN;93
06371887;1;1;50;4;1;1;1;33;;2 777,11;;4;OQ;84
06372226;1;2;31;3;2;2;1;35;2;2 583,80;;8;OQ;84
06375521;1;1;49;6;1;3;1;36;;2 491,53;397,64;3;GZ;11
06375935;1;2;49;4;1;1;2;13;;885,77;676,87;8;OQ;93
06377124;1;2;50;3;2;1;2;11;;1 033,14;1 854,48;9;GZ;84
06377125;1;2;34;4;1;3;1;31;;2 286,64;1 313,12;2;GZ;32
06377190;1;2;21;3;1;1;1;27;;2 237,67;;1;GZ;11
06377190;2;2;21;3;1;1;2;14;;1 261,07;;5;MN;11
06377433;1;2;33;3;1;1;1;28;;1 761,52;;9;FZ;28
06379841;1;2;64;4;2;1;1;41;;2 202,49;;6;FZ;84
06379910;1;1;56;6;1;3;1;44;;6 352,23;;7;BE;75
06381461;1;1;44;3;2;1;2;15;;1 282,08;;10;OQ;11
06381491;1;1;58;5;2;1;1;33;;6 223,27;;5;OQ;84
06381491;2;1;58;5;2;1;9;21;2;999 999,00;;1;AZ;44
06382045;1;1;64;3;1;1;1;35;;1 883,97;;2;BE;75
06382045;2;1;64;3;1;1;1;33;;2 064,30;858,14;10;GZ;11
06383777;1;2;46;4;1;1;2;15;;1 431,15;555,55;0;GZ;76
06383777;2;2;46;4;1;2;2;27;;3 187,92;;8;OQ;75
06383805;1;1;56;2;3;8;1;44;1;0,00;;-1;GZ;27
06383912;1;1;30;3;1;1;9;40;;1 926,49;;12;BE;32
06384927;1;1;54;3;1;1;2;9;;1 344,59;;9;JZ;53
06386403;1;2;52;3;3;8;1;54;;0,00;;-1;GZ;11
06388135;1;2;64;9;3;8;1;58;;0,00;;-1;OQ;53
06388896;1;1;58;3;1;1;1;34;;2 665,43;;2;OQ;11
06389763;1;2;39;1;1;1;2;21;;1 081,15;1 783,78;16;BE;11
06391330;1;1;35;7;1;1;1;40;;4 411,98;1 343,05;3;MN;11
06395597;1;2;32;2;3;8;1;55;;0,00;;-1;OQ;53
06396454;1;1;40;4;1;2;1;36;;2 364,73;288,53;4;OQ;11
06397550;1;2;27;3;1;1;1;39;;1 189,92;225,02;3;BE;84
06397775;1;1;52;4;1;1;1;36;;2 082,96;1 111,49;12;OQ;27
06400266;1;1;41;7;1;1;1;36;;2 442,41;;19;BE;44
06401361;1;2;71;6;1;1;1;27;;3 720,30;999 999,00;5;MN;11
06402932;1;1;56;1;1;2;1;39;;3 287,52;;11;OQ;84
06403066;1;1;35;6;2;1;1;33;;2 556,26;;11;OQ;28
06403768;1;2;56;5;1;1;2;10;1;2 632,79;665,13;16;OQ;53
06405398;1;1;33;6;2;1;1;49;9;2 874,01;1 497,30;5;OQ;28
06407809;1;2;59;3;2;9;1;32;;999 999,00;3 586,71;20;OQ;52
06407945;1;1;51;7;1;2;1;37;;10 000,00;1 205,94;10;FZ;44
06409457;1;1;48;3;2;1;1;99;;5 027,71;;0;RU;84
06409952;1;1;54;3;1;1;1;39;;2 435,75;;10;GZ;44
06410176;1;2;16;7;2;1;1;41;;2 032,66;;0;BE;44
06410351;1;1;57;3;2;1;9;41;;2 954,95;547,45;3;OQ;11
06412140;1;1;54;1;1;1;1;51;1;2 939,06;876,50;3;MN;84
06413307;1;1;50;6;1;2;1;42;2;2 801,08;1 056,72;9;BE;93
06413636;1;2;32;2;1;1;1;32;;999 999,00;;13;BE;76
06415523;1;1;23;3;1;1;2;29;;1 049,92;;7;BE;11
06416257;1;2;45;4;2;1;1;35;1;1 424,05;1 609,97;1;JZ;84
06417580;1;1;41;7;1;2;1;35;;999 999,00;1 081,38;10;FZ;32
06418396;1;1;53;3;2;1;1;32;;4 659,88;1 724,96;4;OQ;11
06419190;1;2;23;5;1;1;1;38;;1 663,10;;3;HZ;52
06420544;1;1;52;6;2;1;2;29;;2 382,34;2 238,17;1;AZ;32
06421691;1;1;63;7;3;8;2;56;2;0,00;;-1;MN;44
06422745;1;2;24;1;1;1;1;42;;685,86;999 999,00;6;GZ;44
06423776;1;2;59;1;1;1;9;41;;4 056,93;2 581,47;2;BE;11
06424046;1;1;41;7;2;1;1;33;1;3 970,34;;11;OQ;76
06424436;1;1;50;3;1;2;1;35;2;2 152,21;;2;FZ;32
06425494;1;2;37;6;1;1;9;46;;3 894,10;;21;OQ;24
06428777;1;2;43;5;1;2;2;10;;1 087,27;;1;RU;76
06428906;1;1;41;7;1;1;1;99;;4 376,20;2 530,41;8;JZ;52
06429814;1;1;21;7;1;1;1;40;1;3 759,50;;5;AZ;44
06431474;1;2;23;7;1;1;1;99;;999 999,00;392,46;2;OQ;27
06433242;1;2;30;1;2;1;2;28;;984,95;;2;OQ;11
06433408;1;2;26;1;2;1;1;30;;1 577,25;1 049,94;4;FZ;28
06433721;1;1;42;2;1;1;1;32;;2 167,39;;8;JZ;93
06433725;1;1;43;6;2;1;1;37;;3 076,73;;2;HZ;44
06433789;1;1;62;4;1;1;1;40;;3 737,96;422,23;8;HZ;11
06434570;1;1;32;9;1;1;1;44;;1 803,95;818,89;4;FZ;75
06436784;1;1;26;3;1;2;2;10;;1 156,48;;2;OQ;52
06437370;1;2;24;3;1;1;1;38;2;2 366,37;;2;OQ;52
06438169;1;1;43;5;1;1;1;39;;4 304,59;;1;JZ;27
06438624;1;1;63;9;1;1;1;38;;4 002,91;;6;OQ;11
06438976;1;1;37;1;2;9;2;14;;938,70;;2;FZ;52
06439056;1;2;25;4;1;1;1;44;;1 338,54;;2;OQ;44
06439061;1;2;41;7;1;3;2;15;;2 418,89;;0;JZ;27
06439595;1;1;58;1;2;1;1;42;;1 105,18;569,74;6;OQ;76
06440045;1;2;63;3;1;9;1;42;;2 800,03;;3;JZ;84
06442166;1;2;37;3;1;1;1;44;;1 332,46;982,92;1;MN;44
06444650;1;1;66;7;1;3;1;29;;5 610,29;;6;GZ;32
06445351;1;1;48;3;1;1;1;40;;2 321,34;2 832,02;11;MN;93
06445378;1;1;64;3;2;1;1;39;;2 609,95;771,15;2;MN;32
06446586;1;2;45;3;1;1;1;48;;3 380,62;631,00;2;GZ;93
06448515;1;1;32;4;1;3;1;33;;3 024,34;;0;MN;93
06449933;1;2;51;1;1;1;1;40;;2 534,79;;4;GZ;32
06453337;1;2;47;4;1;1;2;11;;1 463,34;1 991,64;2;OQ;11
06453705;1;2;60;3;1;1;1;34;;3 438,82;339,61;12;OQ;11
06453705;2;2;60;3;1;1;2;23;;1 670,57;;10;MN;52
06455129;1;1;48;4;2;2;1;52;;3 081,00;;2;BE;84
06455168;1;1;27;5;1;1;1;30;;1 826,54;1 677,76;4;OQ;53
06455834;1;2;42;6;2;1;1;29;;4 088,85;;1;BE;11
06456080;1;2;49;3;1;1;1;29;;1 908,64;578,45;5;BE;76
06456080;2;2;49;3;1;3;2;23;;1 130,58;1 440,25;7;BE;28
06456601;1;1;46;4;1;1;1;34;;3 964,08;;1;MN;84
06456601;2;1;46;4;1;1;9;13;;1 087,10;;0;GZ;75
06459528;1;1;51;1;3;8;1;55;;0,00;;-1;OQ;24
06463129;1;2;57;5;2;1;1;33;;4 252,36;342,61;4;FZ;75
06463864;1;1;34;3;2;1;1;32;1;1 964,55;566,84;1;OQ;76
06464163;1;2;52;7;1;1;1;29;;4 162,33;;2;JZ;44
06464863;1;2;34;6;1;1;1;42;;3 127,53;;7;BE;11
06466921;1;2;29;7;1;1;1;46;;2 156,12;;1;OQ;11
06468846;1;1;64;5;2;1;1;22;;2 966,83;1 115,55;12;BE;32
06469070;1;1;63;5;1;1;2;13;;2 042,97;3 306,77;24;GZ;75
06469344;1;2;43;7;1;1;1;35;;2 771,41;;7;FZ;75
06469575;1;1;20;9;1;1;1;46;;1 219,93;;4;RU;27
06471881;1;2;55;4;1;1;1;36;;2 414,80;;3;OQ;11
06474483;1;1;61;4;1;1;1;50;;1 528,56;323,27;0;OQ;11
06477719;1;1;62;5;3;8;1;50;;0,00;;-1;BE;11
06478238;1;2;27;6;1;1;1;35;;1 666,61;;1;GZ;84
06480584;1;1;24;3;1;1;9;28;;3 124,38;999 999,00;8;BE;52
06481835;1;1;20;1;1;1;9;50;;1 691,93;;4;MN;53
06484792;1;1;48;6;1;1;1;44;1;2 879,41;333,45;6;OQ;24
06485888;1;2;26;7;1;1;1;44;;3 378,32;;6;BE;84
06486441;1;2;50;5;1;1;9;41;;3 783,08;999 999,00;0;RU;11
06488309;1;2;25;7;1;1;2;14;;1 227,43;;9;OQ;11
06489297;1;1;31;4;1;1;1;99;;2 313,97;;15;BE;84
06491091;1;2;58;1;2;3;9;12;;1 173,12;1 915,43;5;GZ;75
06491924;1;1;29;4;1;1;1;35;;1 685,01;;13;GZ;11
06492983;1;1;26;3;1;1;2;16;;735,70;620,51;0;JZ;76
06493512;1;1;62;1;1;1;1;30;;3 474,63;825,31;12;RU;32
06494986;1;1;32;6;1;1;1;35;;1 689,22;2 291,26;4;OQ;44
06494986;2;1;32;6;1;1;2;22;;1 217,15;;8;GZ;11
06495226;1;2;51;3;1;1;1;44;;2 759,52;;3;OQ;24
06495245;1;1;61;4;1;1;1;36;;1 831,17;999 999,00;0;JZ;93
06497484;1;1;29;3;3;8;1;44;;0,00;;-1;HZ;44
06499221;1;2;45;1;2;2;1;32;;2 625,50;1 572,47;3;OQ;44
06499221;2;2;45;1;2;1;2;21;;1 215,04;;3;OQ;27
06499379;1;2;36;9;1;1;1;34;;3 061,85;;0;AZ;28
06499471;1;1;25;5;1;1;1;23;;999 999,00;1 376,10;1;OQ;11
06499492;1;2;30;7;1;1;1;41;;2 031,00;;1;AZ;75
06500366;1;1;62;1;1;1;1;99;9;1 886,94;1 396,16;19;OQ;52
06502851;1;1;20;1;1;2;1;39;;3 099,25;;2;GZ;32
06503971;1;1;62;2;1;1;1;43;;3 048,67;;7;RU;84
06505415;1;1;58;1;1;1;1;43;;2 000,67;;5;AZ;28
06505853;1;1;59;9;2;1;1;36;;999 999,00;;2;BE;75
06506955;1;1;54;4;2;1;1;31;;999 999,00;3 891,68;1;GZ;32
06507080;1;1;51;4;1;1;1;35;;2 335,13;714,78;4;OQ;44
06507584;1;1;26;7;2;1;1;42;;1 147,46;416,22;0;OQ;53
06509993;1;2;26;6;1;1;1;36;;2 082,45;;10;OQ;44
06510664;1;2;20;7;1;1;1;35;;1 687,38;179,48;3;OQ;44
06513203;1;1;30;1;1;1;9;30;;2 352,80;999 999,00;2;OQ;53
06514243;1;2;26;5;1;1;1;44;;2 119,31;;0;OQ;75
06515360;1;1;39;7;2;1;1;30;;3 391,43;;3;JZ;76
06516357;1;1;40;4;1;1;1;32;;2 854,79;383,32;9;GZ;24
06517495;1;2;31;4;2;1;1;47;;1 570,19;2 485,85;9;GZ;28
06519209;1;1;60;5;1;1;9;60;;2 075,17;1 397,47;2;BE;53
06525394;1;2;56;4;1;2;2;21;;1 666,50;;8;GZ;11
06525446;1;1;34;4;1;1;1;37;;3 048,85;617,32;0;RU;27
06526091;1;1;52;3;1;2;1;38;;999 999,00;;14;BE;44
06527601;1;1;31;1;3;8;1;59;;0,00;;-1;FZ;93
06527601;2;1;31;1;3;8;2;39;;0,00;;-1;OQ;32
06527954;1;2;54;9;1;2;1;50;;1 368,10;;4;GZ;84
06528076;1;2;46;3;2;1;2;28;;1 900,81;;5;MN;53
06528123;1;1;43;4;1;1;1;44;;2 214,16;;8;OQ;76
06530733;1;2;55;5;1;1;1;43;;3 989,27;562,06;2;JZ;76
06530988;1;2;49;7;1;1;1;45;2;2 522,57;999 999,00;3;GZ;93
06531314;1;2;64;5;2;1;2;14;;1 451,63;;3;OQ;52
06533083;1;2;44;1;1;1;2;21;;999 999,00;3 406,33;20;OQ;53
06536581;1;1;51;5;2;1;1;43;;2 687,84;1 890,36;0;BE;11
06536581;2;1;51;5;2;1;2;9;;2 656,19;;2;BE;44
06536816;1;2;29;5;1;2;1;32;;2 879,27;;3;FZ;93
06537337;1;2;40;1;2;1;1;99;;1 302,61;;14;MN;84
06537673;1;1;43;2;1;9;1;34;;1 619,04;;5;OQ;11
06538049;1;2;61;6;2;1;9;30;;2 479,28;;8;OQ;75
06540544;1;2;24;4;1;1;1;39;;1 650,24;999 999,00;8;OQ;27
06540813;1;1;36;3;1;1;1;25;;1 948,14;;6;FZ;93
06543022;1;2;25;2;1;1;1;99;;1 650,97;1 822,88;8;BE;11
06543164;1;1;55;9;1;1;1;33;;6 204,15;;2;FZ;28
06543857;1;1;61;3;2;1;1;43;;3 643,05;;13;OQ;93
06544442;1;1;49;3;1;1;1;35;;3 464,79;;6;MN;11
06545841;1;2;36;5;1;1;1;42;;3 325,77;2 967,48;0;GZ;28
06546796;1;2;54;5;2;1;2;21;;1 715,66;;0;GZ;84
06547628;1;2;50;4;1;2;1;42;;4 480,66;;2;HZ;84
06548665;1;1;58;7;1;1;1;31;;4 098,90;1 528,84;9;BE;11
06549260;1;1;36;3;3;8;1;60;;0,00;;-1;MN;11
06550110;1;2;53;5;1;1;9;32;;1 340,91;;5;GZ;76
06551068;1;2;24;6;1;2;1;45;;1 871,80;;8;BE;84
06552216;1;1;37;3;1;1;1;37;;3 281,99;;17;GZ;84
06553124;1;2;32;2;2;1;1;38;;1 816,87;;16;FZ;75
06553124;2;2;32;2;2;1;2;10;;1 072,82;;0;RU;11
06556678;1;2;46;1;2;1;1;39;;3 066,90;382,74;2;GZ;93
06556678;2;2;46;1;2;1;2;16;;2 219,54;;5;BE;84
06557215;1;2;57;4;1;2;1;32;;2 480,51;;13;JZ;75
06559430;1;2;62;3;1;1;1;35;;2 423,36;759,95;5;BE;53
06561129;1;2;37;4;1;1;9;17;;923,87;;3;MN;27
06561213;1;1;52;3;1;1;1;48;;2 511,09;1 585,99;14;BE;24
06563258;1;2;44;5;1;1;1;36;;4 642,35;;4;OQ;52
06566915;1;2;45;2;2;1;2;28;;2 304,85;;9;FZ;24
06567471;1;2;63;3;1;1;1;34;;3 805,82;;25;GZ;76
06568874;1;1;32;1;2;1;1;30;1;1 859,27;409,51;1;BE;52
06570218;1;2;64;7;1;1;1;41;;2 577,68;946,80;7;OQ;27
06570926;1;1;21;5;2;2;2;27;;887,80;2 614,87;5;HZ;84
06571291;1;2;48;3;3;8;2;31;;0,00;;-1;MN;52
06575297;1;1;29;2;1;1;1;24;;1 794,32;467,13;3;GZ;11
06575750;1;2;37;5;2;1;1;45;;2 808,83;;4;RU;11
06576094;1;1;58;1;1;1;9;37;;2 604,28;;4;OQ;76
06576675;1;2;41;3;1;1;1;27;;2 877,15;4 337,75;6;HZ;93
06576952;1;2;27;5;1;1;1;49;;999 999,00;502,13;11;GZ;76
06578238;1;2;26;6;1;1;2;19;;1 513,89;1 753,41;0;GZ;44
06579397;1;1;22;3;1;2;2;30;;2 153,25;749,77;4;HZ;93
06580951;1;1;48;5;1;1;1;44;;2 429,20;;0;GZ;32
06582108;1;2;24;3;1;1;2;16;;715,48;1 219,84;1;OQ;84
06582193;1;1;53;7;2;1;1;29;;5 420,62;;6;FZ;27
06584344;1;1;31;3;3;8;1;59;;0,00;;-1;OQ;27
06584344;2;1;31;3;3;8;1;59;;0,00;;-1;MN;76
06584459;1;2;26;5;2;1;1;41;;1 778,32;;10;GZ;53
06584529;1;1;57;9;3;8;1;54;;0,00;;-1;MN;44
06584853;1;1;52;3;2;1;1;37;;2 221,92;;2;MN;24
06585356;1;1;44;7;2;9;1;27;1;999 999,00;268,45;4;RU;93
06588420;1;1;31;3;2;1;1;42;2;1 712,66;;4;OQ;11
06588630;1;2;47;1;1;1;1;40;;1 107,37;2 187,90;2;RU;76
06589317;1;2;36;4;2;9;1;46;;2 694,85;;1;BE;32
06589603;1;2;35;6;3;8;1;60;1;0,00;;-1;OQ;84
06589659;1;1;45;9;3;8;1;54;;0,00;;-1;FZ;11
06589726;1;2;50;3;1;1;1;32;;2 148,44;;6;OQ;24
06589737;1;2;60;6;2;1;2;22;;3 840,56;;7;OQ;44
06590056;1;1;44;5;1;1;1;36;;1 322,24;790,40;2;BE;76
06591765;1;2;55;4;1;1;9;38;;3 540,10;;19;MN;11
06593054;1;2;31;9;2;1;9;8;;1 010,03;;6;MN;44
06593098;1;1;48;6;2;2;1;35;;2 833,47;;4;OQ;76
06598322;1;2;34;9;1;1;2;12;;999 999,00;999 999,00;0;FZ;93
06600672;1;1;31;3;2;1;1;41;;1 577,95;;7;GZ;84
06601406;1;2;62;3;1;1;2;23;;1 787,89;948,37;1;OQ;11
06603357;1;2;32;7;1;1;2;18;;1 737,87;933,34;16;HZ;93
06603407;1;1;56;6;1;1;1;99;;4 547,33;999 999,00;8;GZ;11
06604056;1;1;63;5;3;8;1;60;;0,00;;-1;GZ;52
06604404;1;1;57;3;1;2;1;49;;2 205,42;1 369,09;1;GZ;11
06605501;1;1;57;7;1;2;1;46;;7 128,69;1 414,38;12;RU;84
06607375;1;1;21;7;2;1;1;38;;1 928,43;;0;JZ;28
06608850;1;1;59;7;2;1;1;99;;7 105,34;;26;GZ;93
06609582;1;1;43;7;1;1;1;38;;4 749,04;;7;FZ;84
06613664;1;1;37;7;2;2;1;32;;3 173,01;1 260,76;5;FZ;11
06615888;1;2;51;4;3;8;1;50;;0,00;;-1;FZ;11
06617926;1;1;33;1;1;1;2;26;2;1 561,07;1 448,19;11;MN;28
06618755;1;1;33;1;1;1;1;39;;1 203,20;899,26;12;RU;93
06619992;1;1;21;6;1;3;1;40;;2 194,49;;5;BE;75
06620761;1;1;31;6;1;2;1;33;;2 914,70;2 998,63;10;OQ;52
06620761;2;1;31;6;1;1;2;12;;1 683,65;3 872,77;5;RU;32
06621135;1;1;36;6;2;1;1;33;;2 104,79;;5;BE;75
06624204;1;1;41;5;2;1;1;40;;2 145,20;1 435,33;7;FZ;32
06626603;1;1;32;5;1;1;1;45;;1 359,79;681,02;3;OQ;75
06626603;2;1;32;5;1;2;2;14;;1 195,58;900,59;3;OQ;84
06627365;1;1;24;5;1;2;9;41;;1 255,66;1 793,65;3;JZ;84
06628492;1;1;33;9;1;1;1;41;;5 002,57;;4;GZ;53
06628701;1;1;47;6;2;1;1;51;;3 226,87;2 453,56;0;GZ;32
06629332;1;2;52;4;2;9;1;47;1;2 196,57;;21;OQ;11
06632964;1;2;55;4;1;1;2;18;;2 467,73;;8;HZ;44
06633335;1;1;57;5;2;2;1;43;;2 817,96;1 711,04;7;RU;76
06633632;1;2;36;2;2;3;2;13;9;1 059,70;539,98;3;BE;27
06637447;1;2;38;6;2;1;2;21;;822,78;;9;BE;11
06639052;1;1;42;6;1;1;1;44;;3 933,42;;6;MN;11
06639390;1;2;24;5;2;1;1;39;;2 977,92;2 766,85;8;GZ;75
06640763;1;1;59;7;1;1;1;33;;999 999,00;;20;GZ;32
06644844;1;1;56;7;1;2;1;48;;4 167,41;1 307,57;5;OQ;84
06644884;1;2;52;4;1;1;1;36;;2 185,13;3 254,50;8;JZ;52
06645000;1;2;55;2;1;2;1;27;;6 123,48;373,48;8;MN;84
06646396;1;1;34;4;1;1;1;39;;1 991,97;1 232,63;15;BE;11
06650335;1;1;28;4;1;1;1;99;;999 999,00;;1;OQ;52
06651924;1;1;32;5;2;1;1;38;;3 374,29;;9;OQ;11
06654486;1;2;54;4;1;1;1;33;;1 618,28;;2;HZ;93
06654818;1;2;44;3;1;1;2;18;;1 448,72;;16;BE;75
06655591;1;2;61;1;1;1;1;35;;1 499,94;465,74;0;JZ;11
06656607;1;1;33;4;1;1;9;38;1;3 456,53;;1;BE;75
06657461;1;1;59;1;1;2;2;14;;762,37;;3;OQ;52
06657694;1;2;56;2;1;2;1;36;;2 143,15;;1;MN;75
06658225;1;1;19;7;3;8;1;60;;0,00;;-1;OQ;84
06658975;1;2;18;2;1;1;1;34;;1 243,64;;2;BE;32
06659156;1;2;38;1;2;1;9;36;;1 368,81;;16;HZ;11
06661501;1;1;33;4;1;2;1;36;;1 377,77;;3;JZ;84
06663312;1;1;54;9;2;1;9;38;;2 924,23;2 654,00;1;BE;84
06663312;2;1;54;9;2;1;9;30;;1 204,95;943,83;2;GZ;11
06663908;1;1;51;4;1;1;1;29;;2 595,37;507,62;6;AZ;11
06664086;1;2;42;1;1;2;2;24;;577,42;307,62;1;OQ;32
06664182;1;1;50;4;2;1;1;34;;5 196,15;;4;GZ;75
06665882;1;1;43;4;1;1;9;44;;4 257,25;1 102,76;12;FZ;32
06666032;1;1;45;4;1;1;1;38;;3 550,42;1 564,85;2;OQ;93
06667266;1;2;27;5;1;1;1;23;;1 376,65;;1;GZ;93
06667462;1;2;35;3;2;1;2;30;;1 703,49;;11;BE;76
06668037;1;1;51;4;1;1;1;34;;1 730,07;887,36;8;GZ;76
06668037;2;1;51;4;1;1;2;30;;1 596,19;;4;MN;76
06668231;1;2;45;3;2;1;1;38;;2 595,19;;5;GZ;27
06668875;1;2;35;5;1;1;1;33;1;999 999,00;623,63;2;MN;24
06669981;1;1;41;2;2;1;9;30;;2 886,78;;10;BE;32
06670203;1;1;33;3;2;2;2;19;;1 321,22;485,90;1;GZ;53
06670992;1;1;41;3;1;1;9;39;;2 627,46;;2;MN;44
06672508;1;1;46;3;1;1;1;34;;2 697,05;5 784,29;10;BE;27
06673231;1;2;24;5;1;1;2;8;2;1 281,91;;3;RU;11
06673583;1;2;58;3;1;1;1;26;;1 514,48;;5;GZ;44
06673882;1;1;60;6;2;1;1;34;;3 471,78;1 503,26;1;BE;32
06674608;1;1;55;2;1;1;1;34;3;3 401,16;;2;GZ;52
06675347;1;1;53;7;1;1;1;40;;4 261,44;;1;FZ;32
06675377;1;1;56;6;2;1;1;34;;2 566,52;3 318,61;2;GZ;44
06675847;1;2;63;3;2;1;1;35;;3 790,89;;2;OQ;53
06676984;1;1;28;2;1;9;1;34;;3 162,18;;9;AZ;76
06678449;1;2;28;3;2;1;1;34;;2 184,46;;6;RU;44
06678449;2;2;28;3;2;1;1;30;;1 794,28;842,81;2;BE;76
06679501;1;1;43;7;1;1;9;36;;3 307,58;1 065,31;8;JZ;28
06683111;1;2;51;7;1;1;2;16;;3 147,32;636,86;12;OQ;75
06686550;1;2;22;4;1;1;1;39;1;1 462,40;;6;AZ;75
06688810;1;1;44;6;3;8;1;39;1;0,00;;-1;OQ;84
06688810;2;1;44;6;3;8;9;51;1;0,00;999 999,00;-1;MN;32
06690996;1;1;36;4;2;1;1;99;;2 528,95;;1;OQ;11
06691884;1;1;47;3;2;1;1;36;;4 244,21;;2;BE;52
06691884;2;1;47;3;2;9;2;15;;1 484,45;441,41;2;AZ;84
06692377;1;2;67;1;1;1;1;35;;1 647,90;1 939,43;6;AZ;28
06692377;2;2;67;1;1;1;1;34;;2 672,53;778,07;3;OQ;44
06693283;1;1;40;5;1;1;1;45;;5 313,07;;4;OQ;93
06693475;1;1;42;3;3;8;1;60;1;0,00;;-1;JZ;11
06693831;1;2;57;5;1;2;1;35;;5 719,27;373,43;6;RU;52
06696330;1;1;34;7;1;1;1;37;;3 286,08;;0;HZ;11
06697882;1;1;58;4;1;1;1;37;;3 968,59;;6;HZ;53
06699756;1;1;41;4;1;1;1;36;;1 987,06;6 950,50;4;MN;11
06703459;1;1;27;5;1;1;1;33;;6 796,87;555,08;11;FZ;11
06704620;1;2;52;3;2;1;2;8;;2 033,42;1 022,79;4;BE;84
06704734;1;1;19;7;1;1;9;32;;3 261,44;;3;FZ;11
06704938;1;1;47;6;1;2;1;34;;2 571,70;;3;MN;32
06704938;2;1;47;6;1;1;1;30;;6 067,39;;31;OQ;76
06704975;1;2;41;3;1;1;1;41;;2 839,92;999 999,00;3;BE;84
06706266;1;1;56;5;1;1;1;39;;1 867,09;;0;FZ;32
06707115;1;1;23;4;1;2;1;42;;2 975,35;498,03;3;OQ;24
06708168;1;2;26;4;3;8;1;45;;0,00;;-1;BE;84
06709057;1;2;28;1;1;1;2;22;;1 035,20;1 369,16;1;BE;76
06709481;1;1;31;3;2;1;1;41;;1 509,37;999 999,00;4;BE;84
06710066;1;1;35;1;1;2;1;47;;2 350,60;999 999,00;3;GZ;32
06710066;2;1;35;1;1;1;2;20;;893,17;1 293,72;4;OQ;75
06710576;1;2;28;5;1;1;1;42;;1 992,94;1 759,08;4;JZ;32
06714008;1;2;21;5;1;1;2;16;;1 233,64;608,52;5;OQ;27
06714501;1;1;55;9;2;1;1;46;;2 625,34;820,18;5;HZ;27
06714854;1;1;30;5;1;1;1;37;;2 358,70;;1;GZ;84
06715602;1;1;34;3;2;1;1;38;;2 198,74;;3;BE;11
06715665;1;1;43;3;1;1;1;35;2;1 784,55;;2;OQ;76
06717417;1;2;52;5;2;1;1;35;;10 000,00;;4;FZ;28
06718318;1;1;57;3;2;9;1;52;;2 704,74;;1;OQ;11
06718936;1;1;62;7;1;1;1;39;;2 903,49;;5;FZ;75
06720248;1;1;41;3;2;1;1;33;;2 270,26;625,71;1;OQ;11
06720447;1;2;32;4;1;1;2;23;;1 227,22;;4;JZ;84
06721273;1;2;43;3;1;2;1;47;;1 499,05;2 360,47;3;BE;76
06722818;1;2;43;6;1;1;1;27;;2 998,93;5 794,07;14;GZ;84
06723157;1;2;58;3;3;8;2;33;;0,00;;-1;FZ;84
06726023;1;1;25;5;3;8;1;60;;0,00;;-1;BE;52
06726503;1;2;46;4;2;1;1;36;;4 609,07;;24;OQ;75
06727190;1;2;68;6;1;1;1;38;;4 155,77;1 837,28;2;MN;28
06727196;1;2;42;6;1;1;1;36;;5 173,84;;26;OQ;11
06727196;2;2;42;6;1;2;2;26;;3 198,23;656,91;7;BE;11
06727951;1;2;43;4;2;1;1;41;;1 958,50;758,58;4;GZ;11
06728117;1;2;37;5;2;1;1;40;;2 322,54;503,47;21;GZ;52
06728462;1;1;43;2;1;1;1;47;;2 906,99;;3;OQ;76
06728816;1;1;59;4;1;1;1;43;;2 018,35;1 180,77;5;MN;28
06729802;1;1;54;7;1;1;1;99;2;2 880,59;;3;OQ;32
06730504;1;1;60;7;2;1;1;47;1;2 830,12;2 071,62;17;MN;76
06734014;1;1;59;5;2;1;1;51;;2 190,74;;0;OQ;11
06738141;1;2;42;7;3;8;2;99;2;0,00;;-1;GZ;11
06739023;1;2;27;1;1;1;1;30;;1 945,17;;9;BE;44
06739388;1;2;48;6;1;2;1;43;;3 713,43;1 053,41;4;OQ;84
06739925;1;2;44;7;2;1;1;31;;3 476,76;787,22;5;FZ;75
06739925;2;2;44;7;2;1;2;27;;1 204,58;999 999,00;11;HZ;76
06740651;1;1;58;3;1;1;1;39;;1 582,43;;1;OQ;84
06742660;1;1;31;6;1;1;1;49;;1 718,40;942,62;5;GZ;76
06743471;1;2;56;4;1;1;1;43;;999 999,00;;1;MN;53
06743471;2;2;56;4;1;1;2;18;;1 102,38;2 433,61;4;MN;84
06744608;1;1;58;4;1;1;1;52;;6 224,87;;17;MN;76
06746607;1;2;23;7;1;1;1;37;;1 853,34;389,64;5;BE;93
06748404;1;2;58;6;1;1;1;40;;1 848,62;;2;MN;75
06748615;1;2;20;3;1;2;1;41;;955,23;;3;OQ;84
06749799;1;2;51;6;1;1;1;36;;10 000,00;978,51;1;BE;84
06750618;1;1;64;5;1;1;9;35;;2 157,56;;1;OQ;11
06751761;1;2;60;4;2;1;1;44;;1 891,33;2 271,62;14;BE;84
06752203;1;1;22;7;1;1;1;48;;3 069,56;1 051,51;6;OQ;32
06752838;1;1;58;3;2;2;1;38;;2 343,69;;2;GZ;93
06753114;1;1;33;6;1;1;1;40;;2 383,04;;13;RU;11
06754462;1;1;31;1;2;1;1;25;;2 347,97;1 515,90;15;BE;28
06754828;1;1;35;5;1;1;1;34;;2 089,01;;5;OQ;11
06754828;2;1;35;5;1;1;2;11;;844,19;791,49;5;FZ;93
06755657;1;1;23;6;1;1;1;23;;3 246,44;;0;GZ;75
06756464;1;1;30;4;1;1;1;30;;1 125,46;;0;OQ;76
06760363;1;2;37;3;1;3;1;37;5;3 136,02;;1;MN;84
06761076;1;1;56;9;1;1;1;37;;999 999,00;;4;GZ;24
06761672;1;2;24;4;1;1;1;41;;999 999,00;;8;BE;32
06762117;1;1;41;4;1;1;1;31;1;1 702,14;;0;GZ;75
06765644;1;1;50;3;1;1;1;45;;2 123,49;;0;GZ;27
06766036;1;2;57;7;1;1;1;48;1;999 999,00;1 908,23;4;BE;44
06767895;1;2;36;3;1;1;1;33;;2 744,36;;2;FZ;11
06768475;1;2;39;5;1;1;1;44;;3 415,10;853,51;1;MN;76
06772449;1;2;49;5;3;8;1;60;;0,00;;-1;GZ;27
06775175;1;1;46;1;1;9;1;36;;2 855,89;;15;OQ;44
06776349;1;1;62;7;1;1;1;55;;3 484,52;261,43;26;GZ;32
06776349;2;1;62;7;1;2;1;36;;3 595,92;791,71;7;RU;76
06778755;1;2;41;1;2;1;1;41;;1 631,24;1 474,09;25;BE;27
06779537;1;2;29;3;1;1;2;27;;1 634,29;1 274,80;13;MN;53
06781759;1;2;50;6;1;1;2;13;;1 916,98;;3;JZ;11
06782214;1;1;20;4;1;1;1;30;;3 292,23;;4;BE;11
06784992;1;1;50;3;1;1;1;30;;1 822,14;1 288,82;7;GZ;75
06785566;1;2;31;1;1;1;1;37;;1 266,31;3 620,41;4;OQ;11
06788094;1;2;43;7;2;1;1;28;;2 739,23;;7;OQ;44
06788467;1;2;43;7;1;2;1;31;;2 873,06;589,91;8;RU;32
06789123;1;1;50;1;3;8;1;60;;0,00;;-1;MN;75
06793344;1;2;48;6;1;3;1;39;;4 697,29;999 999,00;4;OQ;11
06793344;2;2;48;6;1;1;2;28;;1 484,71;603,58;2;HZ;93
06794503;1;1;61;5;1;1;1;25;1;3 711,76;;1;JZ;75
06795023;1;1;57;7;1;2;1;34;;999 999,00;2 324,24;5;OQ;44
06798292;1;1;60;7;1;1;1;36;;4 840,37;999 999,00;17;OQ;76
06799402;1;1;60;5;1;1;1;31;;3 347,24;;1;OQ;32
06799579;1;2;27;1;2;1;1;33;;2 242,03;1 806,04;1;GZ;27
06799579;2;2;27;1;2;1;2;27;;772,10;2 386,98;5;OQ;11
06800177;1;1;43;9;1;1;9;45;;3 117,46;2 907,50;1;OQ;52
06800262;1;1;43;7;2;1;1;48;;5 689,91;;3;FZ;11
06800262;2;1;43;7;2;2;2;16;;1 648,88;;2;JZ;11
06801861;1;2;40;2;1;1;1;32;;1 489,51;1 689,84;8;BE;84
06802258;1;1;30;6;2;1;1;36;;3 943,18;2 610,40;1;OQ;44
06803539;1;1;63;4;1;1;1;41;;2 382,61;4 562,79;4;BE;24
06805657;1;2;62;5;3;8;1;55;1;0,00;;-1;OQ;11
06806985;1;2;45;5;1;1;2;24;;999 999,00;1 023,24;0;MN;53
06807076;1;1;47;1;1;1;1;38;;3 545,31;;1;AZ;76
06807208;1;2;51;4;2;2;2;29;;1 467,29;623,92;3;GZ;53
06810105;1;2;58;7;3;8;1;60;;0,00;;-1;OQ;93
06812443;1;1;30;5;1;2;1;40;;1 885,26;;4;MN;53
06813139;1;1;29;7;1;1;1;28;;4 351,65;;6;JZ;44
06814389;1;1;66;4;3;8;1;52;;0,00;;-1;BE;75
06814427;1;2;57;4;1;1;1;99;;2 394,46;;1;AZ;11
06814433;1;1;51;7;2;1;1;41;;999 999,00;999 999,00;7;RU;76
06815438;1;2;48;6;1;2;2;17;1;2 530,33;2 207,65;11;RU;44
06815632;1;2;44;3;1;2;1;48;;1 871,03;1 187,44;2;MN;44
06816025;1;1;39;1;1;1;1;35;;1 526,68;;1;JZ;44
06816104;1;2;59;3;1;1;2;11;;816,17;;3;OQ;84
06816439;1;1;49;3;1;1;1;37;;999 999,00;647,27;6;RU;76
06818419;1;2;54;2;1;1;1;29;;3 785,66;;15;FZ;32
06818995;1;2;44;6;1;1;1;41;;999 999,00;;0;OQ;84
06818995;2;2;44;6;1;1;2;13;;3 566,52;;0;GZ;75
06819311;1;1;50;3;2;1;9;44;;4 219,91;1 105,39;0;OQ;84
06820931;1;2;34;1;1;1;1;33;;1 749,71;343,81;9;GZ;32
06821128;1;1;62;5;1;1;1;46;;999 999,00;348,25;3;AZ;44
06821936;1;1;61;1;2;1;2;20;1;1 899,61;;1;BE;75
06822308;1;2;37;9;2;1;1;38;;2 329,23;;1;BE;52
06822607;1;1;34;7;2;1;1;33;;3 195,22;800,82;0;OQ;52
06823971;1;2;46;3;1;1;1;34;;1 696,22;;8;GZ;75
06824202;1;1;41;4;1;1;1;45;;2 478,09;;1;RU;32
06824831;1;2;31;3;1;1;1;40;;1 781,33;502,03;7;GZ;93
06824840;1;1;39;4;1;2;1;34;;1 653,65;;6;RU;93
06826480;1;1;57;6;3;8;1;45;;0,00;;-1;GZ;76
06826702;1;1;32;5;1;3;1;41;;2 382,25;;13;FZ;11
06827349;1;2;29;1;3;8;1;56;;0,00;;-1;RU;76
06829598;1;2;35;4;2;1;1;38;;2 101,23;;11;OQ;52
06838280;1;2;56;7;1;1;1;60;9;2 886,17;;1;BE;44
06838835;1;1;34;4;1;1;9;43;;2 479,47;1 479,73;6;GZ;11
06838886;1;2;28;7;3;8;1;60;;0,00;;-1;OQ;52
06839334;1;1;52;3;2;1;1;40;1;1 930,41;;1;OQ;75
06841740;1;2;34;4;3;8;1;51;2;0,00;;-1;BE;27
06842084;1;2;59;2;3;8;1;99;;0,00;;-1;RU;32
06842603;1;2;64;5;1;1;2;8;;892,30;;40;FZ;44
06847602;1;2;50;4;2;1;1;35;;2 275,79;;6;FZ;84
06848785;1;1;70;7;2;2;1;27;;4 372,55;999 999,00;6;OQ;93
06848886;1;2;31;6;1;1;2;29;;2 585,30;;5;OQ;11
06848941;1;2;25;1;2;1;2;13;;942,69;2 351,40;9;AZ;11
06849386;1;1;44;4;1;1;1;32;;2 690,66;2 444,32;13;OQ;24
06849770;1;1;35;4;2;1;1;47;;2 121,82;;1;AZ;11
06854008;1;2;52;7;1;1;1;42;2;10 000,00;;22;OQ;11
06854242;1;1;53;3;1;2;1;37;;999 999,00;683,31;1;OQ;84
06857282;1;1;39;1;1;1;1;40;1;1 152,89;;0;BE;11
06857282;2;1;39;1;1;1;1;44;;2 403,64;1 543,00;6;BE;44
06861313;1;1;27;4;1;2;1;41;;2 936,02;;9;MN;53
06861335;1;2;30;6;1;1;9;14;3;1 689,05;2 038,16;3;BE;84
06863059;1;2;42;3;1;1;2;22;1;1 390,53;265,59;15;GZ;52
06864031;1;2;36;3;1;1;2;10;;1 994,37;1 116,23;8;BE;84
06866120;1;1;21;4;1;1;1;50;;1 120,25;2 822,28;5;GZ;11
06869055;1;2;25;7;1;9;1;41;2;3 454,79;;6;OQ;75
06872369;1;1;64;1;2;1;2;20;2;832,06;;5;GZ;11
06873565;1;2;36;4;1;1;1;35;;2 988,32;1 079,78;12;RU;32
06873687;1;2;50;3;1;1;1;40;;1 985,38;;7;MN;32
06874254;1;2;41;5;2;1;1;38;;2 207,75;;5;OQ;84
06874970;1;2;50;4;2;1;9;43;;3 655,40;1 097,65;14;FZ;27
06877302;1;2;47;1;2;1;1;40;;999 999,00;;1;BE;32
06877340;1;1;49;5;1;1;2;14;;2 099,39;;5;GZ;11
06878645;1;2;58;4;1;1;1;33;;3 216,21;;4;OQ;28
06879953;1;2;45;7;1;1;1;99;1;2 572,42;594,27;2;GZ;76
06881809;1;2;36;6;1;1;1;38;;5 922,45;410,69;20;OQ;53
06882470;1;2;21;3;2;1;1;42;;755,48;;5;GZ;28
06882961;1;1;46;4;1;1;1;26;;2 514,94;;3;GZ;84
06882961;2;1;46;4;1;2;9;14;;1 149,97;;2;OQ;44
06883436;1;2;56;5;1;1;1;30;;2 622,81;376,59;1;GZ;75
06884580;1;2;34;6;1;2;1;38;;2 368,59;2 639,10;0;JZ;52
06886115;1;2;38;7;2;1;1;45;;2 808,50;;12;MN;84
06886271;1;2;27;6;1;2;1;28;;2 468,20;999 999,00;1;GZ;84
06887425;1;2;40;5;3;8;2;50;;0,00;;-1;JZ;44
06888036;1;2;24;5;1;2;1;49;;1 273,00;;6;MN;11
06888036;2;2;24;5;1;2;2;14;;858,81;;8;JZ;32
06888119;1;1;31;7;1;1;1;38;;2 802,91;;2;OQ;75
06889060;1;1;56;4;1;1;1;31;;2 213,02;459,87;4;RU;84
06889511;1;2;31;4;1;1;1;45;;1 211,16;1 469,42;3;OQ;52
06890301;1;2;59;3;1;1;1;50;;2 818,56;2 275,87;5;GZ;84
06892405;1;1;56;3;3;8;1;43;;0,00;;-1;GZ;53
06892722;1;2;46;3;1;1;1;36;;2 873,87;;6;BE;84
06892722;2;2;46;3;1;2;2;99;;999,96;;2;AZ;11
06897449;1;1;55;6;1;1;1;99;;7 733,07;1 153,43;17;GZ;76
06897468;1;2;36;1;1;3;2;30;;1 351,53;;4;HZ;76
06897752;1;2;25;3;3;8;1;36;;0,00;;-1;JZ;11
06897992;1;2;38;6;1;1;1;21;;4 949,05;1 856,33;22;OQ;27
06898020;1;2;64;2;1;2;1;43;;1 265,97;1 027,77;11;MN;11
06898429;1;2;61;1;1;2;2;24;;1 117,71;737,44;2;BE;53
06899457;1;2;35;4;2;9;2;15;;3 458,45;747,35;14;OQ;44
06902360;1;2;45;6;2;1;2;11;;2 489,07;1 117,52;10;BE;93
06902989;1;2;63;7;1;3;2;28;;1 372,79;1 028,79;0;BE;32
06903047;1;2;72;7;1;1;9;41;;4 806,32;1 332,40;6;JZ;53
06904487;1;2;46;7;1;1;2;19;;3 330,88;;11;RU;44
06905196;1;2;56;5;1;1;2;14;;990,61;988,02;10;BE;84
06908751;1;2;26;6;1;1;1;32;;1 578,70;3 211,93;9;MN;44
06914866;1;1;41;1;1;1;1;31;;1 744,51;5 322,28;3;AZ;32
06917531;1;2;47;5;1;1;1;33;;2 165,88;;4;MN;93
06918889;1;1;61;3;2;2;1;36;;3 019,44;853,80;10;FZ;93
06921676;1;2;61;3;1;1;9;30;;1 712,62;691,26;4;BE;84
06923439;1;2;29;4;3;8;1;60;;0,00;999 999,00;-1;MN;44
06923592;1;2;52;6;1;1;1;37;;4 982,30;;2;GZ;32
06923592;2;2;52;6;1;1;2;26;;1 405,64;999 999,00;3;BE;32
06925270;1;1;25;5;3;8;1;49;;0,00;;-1;FZ;93
06927853;1;2;49;3;2;1;2;17;;1 289,05;324,94;1;GZ;52
06929406;1;2;59;4;1;1;1;60;2;2 824,98;;3;OQ;24
06929572;1;2;42;4;1;9;2;24;1;1 109,62;;9;OQ;75
06932085;1;1;55;3;1;1;1;32;;4 173,70;;5;OQ;75
06932085;2;1;55;3;1;1;2;25;;955,27;;6;OQ;11
06933130;1;2;42;3;1;1;1;28;;2 318,80;1 420,98;10;OQ;53
06933362;1;2;59;3;1;1;1;36;;2 753,04;644,42;6;RU;24
06934525;1;2;38;3;2;1;1;39;;3 253,14;879,91;10;FZ;44
06936232;1;1;52;4;1;1;1;41;;3 020,53;;5;RU;75
06936989;1;1;33;4;1;1;1;42;;2 121,29;444,21;1;FZ;28
06941116;1;1;25;6;1;1;1;31;;2 840,42;790,32;6;BE;32
06941569;1;1;33;5;2;2;1;43;1;2 818,62;578,13;3;GZ;44
06943837;1;1;20;7;1;1;1;35;4;1 749,07;;4;MN;84
06947402;1;1;44;1;1;9;1;60;;2 769,27;2 080,83;12;MN;11
06947557;1;1;38;3;1;9;1;99;;2 060,68;3 451,31;6;OQ;52
06949747;1;1;49;7;3;8;1;60;;0,00;;-1;OQ;24
06949844;1;1;36;4;2;1;1;29;;2 295,74;;20;AZ;53
06950325;1;2;26;4;2;1;2;23;;1 348,11;3 248,84;5;BE;32
06951175;1;2;62;3;1;9;1;34;;5 352,14;;1;BE;27
06951175;2;2;62;3;1;1;2;12;5;1 074,84;;8;RU;27
06957236;1;2;47;6;1;1;1;33;;3 748,22;;4;BE;27
06957365;1;2;57;7;2;3;1;27;;2 621,38;;1;MN;84
06958498;1;1;44;4;1;1;2;10;;805,72;;1;HZ;11
06961730;1;1;59;6;1;1;1;31;;4 104,53;461,40;3;OQ;53
06963729;1;2;23;4;1;1;1;31;1;1 639,80;729,84;4;BE;76
06965474;1;2;34;1;1;1;2;19;;1 447,97;;1;JZ;44
06967347;1;1;50;5;1;1;1;17;;3 222,64;606,36;12;BE;44
06967393;1;2;40;3;2;1;1;31;;1 601,54;;16;BE;44
06967655;1;2;56;5;1;1;1;43;;3 442,01;415,17;5;OQ;84
06970457;1;2;32;4;2;1;2;18;;1 009,61;;11;RU;28
06970816;1;2;61;7;1;2;2;16;1;1 776,35;;1;GZ;53
06971424;1;1;46;6;2;1;9;27;;4 579,48;;9;HZ;75
06972536;1;2;33;2;2;1;1;41;;1 983,45;;9;GZ;93
06972822;1;2;41;4;2;1;2;25;1;3 839,08;2 578,52;3;OQ;52
06973332;1;2;72;4;3;8;2;39;;0,00;;-1;OQ;27
06977646;1;2;15;3;2;1;2;9;;396,50;;0;BE;93
06977796;1;1;28;3;2;1;1;47;;1 920,93;;4;FZ;84
06978167;1;1;37;5;1;1;1;32;;1 577,59;415,17;2;MN;32
06978800;1;2;38;7;1;1;2;8;1;1 546,35;;16;AZ;53
06979071;1;1;26;1;2;2;1;39;;2 932,63;961,82;10;GZ;75
06979082;1;1;64;6;1;1;2;27;;2 256,10;1 019,29;10;GZ;75
06981954;1;2;49;5;2;1;1;44;;2 203,19;;9;MN;11
06984459;1;1;56;7;2;1;1;33;;3 948,33;1 715,80;1;GZ;84
06984459;2;1;56;7;2;1;2;13;;1 948,20;;0;GZ;84
06986578;1;2;51;3;2;1;2;25;;1 166,41;2 124,01;6;GZ;93
06986585;1;1;53;4;1;2;1;49;;4 706,19;371,59;7;BE;11
06988370;1;1;49;7;2;1;1;41;;999 999,00;;7;FZ;28
06991080;1;2;34;3;1;1;2;18;;1 077,61;;3;RU;27
06994575;1;1;56;7;1;1;2;10;;1 621,13;;0;BE;84
06997640;1;1;40;6;1;1;1;54;;1 811,52;591,07;4;OQ;84
06998979;1;2;31;6;1;1;1;44;;7 486,44;1 623,30;5;RU;52
06999027;1;2;41;1;1;1;1;42;;999 999,00;434,29;17;FZ;76
06999396;1;2;59;6;1;1;2;24;;4 853,43;;8;GZ;11
06999890;1;2;26;3;1;1;2;11;;1 291,09;1 046,45;5;GZ;53
07003807;1;2;23;3;1;1;1;40;;1 683,80;999 999,00;4;GZ;75
07005739;1;2;45;7;2;1;1;50;;3 534,00;3 028,29;0;OQ;93
07006344;1;2;21;4;2;1;2;14;;635,61;786,45;5;GZ;44
07008077;1;1;58;7;2;1;1;39;;3 871,39;;9;OQ;93
07008527;1;1;25;6;1;1;9;26;;1 387,19;999 999,00;9;MN;53
07008972;1;2;27;6;2;1;2;11;;999 999,00;;0;GZ;32
07010476;1;2;32;5;1;2;1;44;9;1 695,71;;1;GZ;24
07010546;1;1;60;6;1;1;1;38;;10 000,00;;16;BE;27
07011423;1;1;49;7;3;8;1;52;;0,00;;-1;RU;11
07012141;1;2;46;4;2;1;2;18;;3 174,93;;3;OQ;11
07013159;1;2;49;4;1;1;2;10;;3 113,10;;25;HZ;28
07013159;2;2;49;4;1;1;2;21;;736,65;;2;FZ;28
07013991;1;2;28;3;2;1;1;57;;2 541,16;1 039,01;2;GZ;84
07014976;1;1;30;7;1;1;1;43;;3 371,28;;1;BE;84
07017535;1;2;55;7;1;1;9;39;;3 776,94;;7;HZ;32
07017755;1;1;54;6;2;1;2;22;;2 867,49;2 086,75;6;GZ;11
07017755;2;1;54;6;2;1;2;17;;1 794,61;;17;GZ;11
07018155;1;1;58;3;2;1;1;30;;3 023,95;1 385,09;19;MN;52
07018769;1;1;61;6;2;1;2;16;;3 479,88;;6;BE;28
07024003;1;2;58;4;3;8;1;47;;0,00;;-1;FZ;93
07024003;2;2;58;4;3;8;2;36;;0,00;;-1;OQ;32
07025844;1;2;63;6;1;1;2;28;;2 682,78;1 505,22;16;AZ;11
07028201;1;2;41;3;3;8;2;36;;0,00;;-1;GZ;24
07029776;1;2;52;3;2;1;1;45;1;5 393,78;142,84;7;MN;44
07030179;1;1;35;1;1;1;1;40;;979,81;2 202,07;0;OQ;32
07030361;1;1;48;3;1;1;1;33;;2 600,82;2 001,75;2;OQ;11
07030361;2;1;48;3;1;1;1;41;;2 596,78;;2;GZ;75
07033287;1;1;30;7;2;1;1;39;;4 240,64;1 053,36;9;OQ;44
07033292;1;1;34;6;1;9;1;40;;4 195,49;;8;GZ;93
07034217;1;2;48;4;1;1;1;35;2;1 785,02;;1;HZ;52
07038863;1;1;34;9;1;9;9;99;;1 475,38;999 999,00;2;OQ;27
07038863;2;1;34;9;1;2;9;15;;2 141,55;;8;OQ;32
07040302;1;1;55;4;2;2;1;42;;3 075,20;537,04;2;MN;84
07042570;1;1;29;3;2;2;1;43;;2 915,65;;8;RU;11
07043182;1;1;21;7;2;3;1;59;;1 902,51;596,53;2;MN;76
07043434;1;2;42;4;1;1;1;38;;3 370,78;;5;OQ;52
07046353;1;2;27;5;1;1;1;31;;2 183,17;;11;MN;84
07046632;1;2;31;3;1;3;1;41;;1 829,95;3 200,01;6;MN;53
07047180;1;1;53;5;1;1;1;43;1;3 912,92;;1;GZ;53
07048285;1;2;27;4;1;2;1;38;;999 999,00;1 198,94;6;OQ;32
07049161;1;2;63;2;1;1;1;42;;2 303,41;988,98;9;OQ;84
07049161;2;2;63;2;1;1;2;26;;1 119,22;;4;OQ;76
07049558;1;2;31;5;1;2;1;46;;5 329,33;1 056,64;15;MN;93
07050266;1;1;44;6;2;1;2;25;;2 933,93;;4;MN;11
07050497;1;2;20;4;2;1;2;23;;1 579,94;;4;OQ;75
07050631;1;2;30;1;1;1;2;25;;1 607,25;769,05;0;HZ;11
07051202;1;1;27;4;1;1;1;46;;1 913,38;;0;FZ;11
07051359;1;2;46;6;1;2;1;40;;1 147,88;999 999,00;1;OQ;53
07054033;1;1;51;6;1;1;1;46;;3 691,36;3 213,75;5;OQ;93
07054318;1;1;59;6;1;1;1;41;;4 070,76;;19;OQ;53
07056535;1;2;46;5;2;9;1;35;;3 115,71;;3;OQ;53
07056780;1;2;57;7;1;1;9;46;;10 000,00;1 742,59;4;GZ;32
07059212;1;2;58;5;3;8;1;60;;0,00;;-1;BE;53
07060117;1;1;23;1;1;1;1;37;;1 324,48;420,24;3;OQ;52
07060932;1;2;41;1;3;8;1;60;;0,00;;-1;AZ;32
07063240;1;1;54;3;1;1;1;43;;4 488,39;1 347,99;12;GZ;11
07063240;2;1;54;3;1;1;2;12;1;1 171,99;3 160,78;0;JZ;76
07066376;1;2;47;4;3;8;1;60;;0,00;;-1;OQ;93
07066531;1;2;55;4;1;1;1;40;;3 189,04;1 946,18;3;OQ;27
07068026;1;2;39;1;1;1;1;45;;2 636,64;1 509,01;14;GZ;52
07069005;1;2;50;1;1;1;1;31;;2 865,11;;0;FZ;24
07069234;1;1;49;7;1;1;1;33;;3 388,76;384,37;12;OQ;52
07071210;1;2;44;4;1;2;1;38;;2 915,67;1 396,28;2;JZ;76
07073198;1;1;46;7;1;1;1;28;;2 270,39;;8;AZ;84
07075018;1;1;26;3;2;1;1;41;;2 915,53;4 751,15;3;GZ;11
07075926;1;1;28;3;1;2;1;47;;2 838,69;;5;OQ;76
07077936;1;2;42;6;2;1;2;30;;1 741,98;1 017,36;6;GZ;11
07080616;1;1;57;7;1;1;1;30;;3 621,13;317,14;5;GZ;32
07081670;1;1;46;3;1;1;1;44;;3 974,64;573,33;4;BE;84
07081670;2;1;46;3;1;1;2;24;;1 341,48;1 163,28;1;GZ;27
07084510;1;2;25;5;1;1;1;38;;2 252,69;1 155,37;3;OQ;11
07087811;1;2;46;5;1;1;1;40;;2 837,25;633,37;16;RU;44
07089593;1;2;39;5;2;1;1;47;;1 998,34;999 999,00;1;OQ;11
07091749;1;2;47;6;1;1;1;39;;3 439,30;709,26;9;MN;24
07091991;1;1;25;7;1;1;1;41;;1 678,90;;7;OQ;44
07092951;1;2;43;9;3;8;1;50;1;0,00;;-1;FZ;76
07095453;1;1;29;6;1;1;1;34;;999 999,00;999 999,00;12;OQ;84
07096203;1;1;57;7;1;1;1;42;;2 769,60;;2;GZ;52
07096232;1;1;61;5;2;2;1;33;2;3 461,56;3 066,45;0;BE;32
07097458;1;2;35;5;1;1;2;24;;1 566,11;;4;OQ;53
07098171;1;2;44;4;1;1;1;42;;2 317,96;1 680,56;18;FZ;32
07098423;1;1;32;5;1;1;1;40;;1 452,90;;7;OQ;11
07099272;1;1;49;5;3;8;1;48;;0,00;;-1;GZ;32
07099454;1;1;38;2;2;2;1;29;;3 184,66;;12;GZ;28
07099721;1;2;42;3;1;1;1;37;;999 999,00;;9;OQ;76
07100484;1;1;33;3;1;2;1;37;;2 067,00;3 858,32;3;RU;84
07101258;1;1;30;6;1;1;1;46;;2 442,85;;12;AZ;32
07102379;1;1;63;4;1;1;2;20;;2 938,45;468,28;9;GZ;11
07104723;1;1;39;4;1;9;1;41;;999 999,00;2 450,79;2;BE;76
07105856;1;2;28;1;1;1;1;43;;2 167,51;;3;RU;11
07106872;1;2;63;3;2;1;9;37;;2 101,59;347,50;6;BE;93
07108488;1;2;35;2;2;1;1;35;;1 559,01;5 111,66;5;MN;27
07109334;1;1;48;4;1;1;1;37;;2 980,37;;2;GZ;11
07109612;1;1;26;5;2;1;1;33;;3 132,04;501,21;0;RU;52
07109782;1;2;31;1;1;1;1;43;;1 614,56;456,21;0;FZ;11
07109782;2;2;31;1;1;1;9;29;;730,55;;6;FZ;93
07110244;1;2;21;6;1;1;2;12;;1 090,14;;1;OQ;93
07111158;1;2;45;6;1;3;2;10;;999 999,00;999 999,00;0;HZ;84
07113382;1;1;25;5;2;1;1;34;;2 922,41;;9;MN;11
07113995;1;1;29;3;1;2;1;33;;3 092,38;3 010,84;6;BE;75
07114103;1;1;35;7;1;1;1;33;;2 639,06;1 466,66;7;MN;11
07114814;1;2;20;7;1;2;1;42;;999 999,00;;4;HZ;76
07117631;1;1;26;1;1;1;9;38;3;1 996,18;;4;BE;44
07117631;2;1;26;1;1;1;2;8;;538,65;;8;FZ;28
07118338;1;1;28;6;2;1;1;99;;2 636,58;379,88;1;OQ;53
07118482;1;2;60;7;2;1;1;60;;8 816,88;999 999,00;11;OQ;32
07118546;1;2;46;7;1;1;1;31;;6 336,45;;28;HZ;75
07118786;1;2;57;4;1;1;2;24;;1 793,07;629,84;1;MN;11
07119139;1;2;45;1;2;2;1;36;;1 577,96;1 540,90;6;GZ;93
07119946;1;2;31;7;2;1;1;44;;2 965,98;;7;OQ;76
07120369;1;1;42;5;2;1;1;28;;3 086,04;;1;JZ;28
07121128;1;1;64;1;1;1;1;40;;2 234,74;999 999,00;5;FZ;53
07122202;1;2;58;9;2;1;1;46;;1 535,50;1 317,73;2;OQ;84
07123374;1;1;39;3;1;1;1;41;;2 757,68;717,87;2;GZ;84
07125133;1;1;37;6;3;8;9;37;9;0,00;;-1;OQ;84
07126806;1;2;55;6;1;1;1;47;;2 757,12;442,31;8;BE;28
07127538;1;2;55;5;2;1;1;38;;4 127,53;;3;FZ;76
07127538;2;2;55;5;2;1;1;34;;6 693,51;;14;OQ;53
07128264;1;2;21;5;1;1;1;38;1;1 568,97;;3;JZ;24
07128726;1;1;25;3;2;2;1;48;;2 261,53;;9;FZ;11
07128795;1;1;49;5;2;2;1;31;;3 397,98;999 999,00;4;AZ;52
07129742;1;2;25;7;1;1;1;48;;1 890,38;;6;MN;11
07129779;1;2;41;4;1;1;1;47;;1 384,44;1 074,09;4;BE;84
07129941;1;1;56;3;1;1;1;36;;3 607,25;1 573,22;4;OQ;11
07131254;1;1;63;3;1;1;1;30;;4 029,56;705,09;4;GZ;32
07131263;1;1;57;3;1;1;1;34;2;3 698,48;510,26;0;GZ;75
07131577;1;1;48;3;1;1;1;48;;1 559,16;431,78;9;MN;11
07135161;1;2;47;6;1;1;1;99;1;3 700,91;;11;RU;11
07135791;1;1;58;6;1;1;1;45;;2 001,45;788,29;5;OQ;52
07136028;1;1;36;7;1;1;1;37;;2 763,01;;4;HZ;93
07139549;1;1;54;6;1;1;1;32;;6 236,93;570,48;35;OQ;32
07140458;1;1;43;5;1;1;1;52;;4 484,19;3 129,04;15;BE;93
07140929;1;1;41;1;3;8;1;50;2;0,00;;-1;OQ;84
07141868;1;2;30;4;1;1;1;38;;1 872,98;416,92;0;RU;27
07142001;1;1;61;1;1;2;1;28;;2 264,77;1 510,44;9;HZ;84
07143017;1;1;29;7;1;1;1;34;;4 229,09;675,37;8;GZ;24
07145147;1;1;39;6;1;2;1;60;;2 916,19;1 735,60;8;BE;44
07146251;1;1;34;4;1;1;1;32;1;2 746,08;;0;JZ;93
07149466;1;2;38;4;1;1;1;35;;1 276,83;1 204,82;4;GZ;75
07151309;1;1;54;4;1;1;1;37;;4 082,18;332,69;2;HZ;52
07153249;1;2;64;2;1;1;1;41;;1 627,15;671,08;4;GZ;32
07154509;1;1;53;6;3;8;1;60;;0,00;;-1;GZ;93
07155982;1;1;45;1;1;1;1;42;;3 271,70;520,68;8;BE;11
07157664;1;1;27;6;1;2;1;60;;3 224,44;2 377,54;11;MN;11
07157723;1;2;29;2;2;1;1;99;;2 059,53;628,85;0;BE;32
07158069;1;1;30;7;1;1;1;40;;2 073,71;6 343,78;7;OQ;11
07158069;2;1;30;7;1;1;2;26;;2 926,23;830,04;5;BE;84
07158915;1;2;59;7;2;2;2;23;2;2 841,99;;6;OQ;53
07159331;1;2;48;7;2;1;2;15;;4 071,41;;11;FZ;44
07163916;1;2;32;2;1;3;1;31;;1 456,17;;6;BE;44
07164143;1;1;59;5;1;1;1;30;;995,32;1 204,71;2;MN;75
07168720;1;1;61;7;1;1;1;36;;2 475,46;999 999,00;7;BE;24
07170017;1;1;27;7;1;1;1;35;;3 228,21;;2;GZ;44
07170017;2;1;27;7;1;1;2;16;;1 759,59;3 336,59;2;OQ;75
07171822;1;2;29;5;1;1;1;35;;2 973,26;;13;OQ;11
07172082;1;2;56;5;1;1;1;47;;4 188,66;1 324,68;6;BE;76
07172587;1;2;35;6;1;1;9;43;;9 601,47;;13;OQ;28
07172587;2;2;35;6;1;1;1;30;1;8 023,84;999 999,00;2;RU;75
07175157;1;1;59;5;1;1;1;34;;2 735,13;319,93;2;GZ;84
07175325;1;2;58;3;3;8;1;51;;0,00;;-1;BE;24
07176912;1;2;46;3;2;1;2;18;;1 006,03;;2;OQ;93
07180542;1;1;36;3;1;2;1;45;;1 846,72;;1;JZ;75
07181647;1;2;42;5;1;1;1;35;1;4 358,25;993,32;13;MN;28
07182148;1;2;38;7;1;1;1;46;;2 382,28;1 767,95;8;OQ;44
07182457;1;2;55;3;1;1;1;35;;4 337,66;576,09;3;BE;44
07182457;2;2;55;3;1;1;1;28;;4 581,56;;14;OQ;11
07185248;1;2;49;3;1;1;1;60;1;999 999,00;;8;RU;11
07188160;1;2;43;1;2;2;1;36;;1 626,92;;11;GZ;84
07189874;1;2;27;4;1;2;1;43;;2 205,50;1 037,38;2;RU;53
07193052;1;1;41;1;2;2;2;23;;999 999,00;1 360,60;10;BE;11
07193815;1;2;64;5;1;1;2;30;;2 479,25;;7;RU;24
07193815;2;2;64;5;1;1;2;22;;726,02;;1;OQ;52
07196176;1;1;50;3;1;1;1;43;4;2 973,03;;12;GZ;75
07205593;1;1;55;3;1;1;1;99;;1 457,26;;5;OQ;53
07210201;1;2;51;4;2;1;9;37;;3 596,83;2 442,48;7;MN;32
07210391;1;2;56;4;1;1;1;44;2;3 609,92;219,06;2;GZ;76
07210391;2;2;56;4;1;1;2;30;;2 420,85;;9;GZ;11
07213083;1;2;49;6;2;1;1;37;;3 620,45;5 675,58;11;OQ;44
07213944;1;2;64;9;2;1;2;19;;3 920,87;635,35;20;RU;32
07213944;2;2;64;9;2;1;1;42;;4 448,39;;9;OQ;27
07214169;1;1;35;7;2;1;1;29;;999 999,00;;4;OQ;76
07214550;1;1;41;3;1;1;1;42;;2 670,41;;6;GZ;75
07216879;1;2;20;3;3;8;2;34;;0,00;;-1;MN;52
07217063;1;1;45;4;2;2;1;39;;2 596,12;;5;JZ;84
07217063;2;1;45;4;2;1;1;33;;2 311,73;858,23;6;OQ;11
07217402;1;2;50;2;1;1;2;22;;1 842,81;910,55;7;MN;75
07217493;1;1;49;4;1;1;1;39;;3 344,06;;1;RU;76
07219499;1;2;47;3;1;1;1;41;;3 504,63;741,66;6;MN;11
07219499;2;2;47;3;1;1;2;23;1;1 206,66;;1;GZ;27
07222799;1;1;49;5;3;8;1;60;;0,00;;-1;RU;44
07224160;1;2;26;5;3;8;1;43;;0,00;;-1;OQ;52
07225192;1;1;30;3;1;1;1;41;;2 561,68;432,90;8;BE;28
07225324;1;1;45;4;1;1;2;22;;1 785,35;;2;AZ;11
07226528;1;2;54;7;1;2;2;8;;2 625,54;;8;FZ;32
07227417;1;2;41;4;1;1;2;99;;879,07;;5;BE;24
07227536;1;1;31;4;3;8;1;56;;0,00;;-1;BE;44
07228570;1;1;58;3;1;1;1;50;;4 812,91;5 151,43;16;OQ;84
07229535;1;1;21;9;1;1;1;41;;2 216,15;;0;MN;44
07238099;1;2;60;3;1;1;1;41;1;3 669,56;737,01;16;RU;84
07238306;1;1;34;2;1;1;1;33;;1 443,07;1 506,06;3;OQ;44
07238603;1;1;54;5;1;2;1;45;;1 737,01;993,84;6;JZ;75
07240083;1;1;16;3;2;2;1;40;1;2 009,94;;0;FZ;93
07244159;1;1;35;4;2;2;1;45;;3 163,72;828,77;14;BE;11
07246274;1;2;36;4;1;1;1;42;;974,24;1 014,54;3;RU;75
07250663;1;1;27;7;3;8;1;60;;0,00;;-1;FZ;44
07250751;1;1;56;6;1;1;1;41;;3 662,75;;8;OQ;27
07252288;1;1;43;5;1;1;1;99;;4 482,02;3 196,28;3;MN;84
07253638;1;1;58;1;2;3;1;35;;2 383,99;;5;OQ;76
07255973;1;1;28;4;1;1;1;29;;3 188,86;3 928,41;11;FZ;32
07257373;1;2;20;6;2;1;2;18;;1 492,94;;4;MN;44
07257373;2;2;20;6;2;1;2;20;2;1 557,96;;4;GZ;32
07258699;1;1;57;3;1;1;1;35;;3 255,35;;10;RU;11
07258699;2;1;57;3;1;1;2;28;1;771,45;;6;FZ;93
07259309;1;1;41;3;1;1;1;49;;2 397,95;;2;RU;52
07260862;1;2;21;3;3;8;1;60;;0,00;;-1;OQ;32
07262162;1;1;39;9;1;3;9;99;;3 875,83;;3;JZ;76
07264791;1;2;42;3;1;1;1;59;;1 884,09;;2;HZ;32
07265555;1;1;59;4;2;1;1;35;;2 759,21;544,70;5;BE;76
07265555;2;1;59;4;2;1;2;25;;1 833,73;;11;MN;52
07267610;1;1;59;5;1;1;1;40;;7 529,68;957,45;7;HZ;44
07268526;1;2;18;4;1;1;1;43;;1 610,86;2 496,60;0;MN;53
07268593;1;1;61;1;1;1;2;17;1;1 210,53;9 954,09;12;FZ;11
07269240;1;1;25;3;1;1;1;41;;1 657,04;351,72;6;OQ;11
07271371;1;2;72;5;1;1;1;39;;4 202,17;;23;OQ;32
07273344;1;2;56;5;1;9;1;43;;7 956,40;;22;OQ;75
07273354;1;1;47;1;1;1;1;44;;1 984,92;1 971,97;25;HZ;32
07274220;1;1;62;4;1;1;1;34;9;999 999,00;999 999,00;2;GZ;27
07274223;1;1;37;7;1;2;9;43;;2 419,17;689,81;0;GZ;11
07278420;1;2;59;7;1;1;1;34;1;999 999,00;;8;OQ;44
07280657;1;1;31;3;1;1;1;30;;2 056,98;883,59;8;HZ;44
07283621;1;1;21;1;1;1;2;9;;1 069,99;1 009,98;5;MN;11
07283621;2;1;21;1;1;1;2;24;;725,41;;5;AZ;11
07284311;1;1;30;4;3;8;1;49;;0,00;;-1;OQ;27
07285482;1;1;21;7;1;1;1;43;;3 162,63;288,53;0;OQ;76
07285482;2;1;21;7;1;1;2;27;;2 191,09;1 077,20;4;OQ;32
07285980;1;1;31;2;2;1;1;40;;3 010,46;;1;GZ;76
07286198;1;2;57;2;2;2;2;15;;1 119,04;;0;OQ;76
07286198;2;2;57;2;2;2;2;17;;3 658,37;476,79;6;OQ;11
07286883;1;1;55;4;1;1;1;36;;3 964,76;;3;BE;11
07288854;1;2;57;4;3;8;1;54;;0,00;;-1;OQ;52
07290386;1;1;41;1;1;1;1;49;1;1 141,93;1 972,82;3;GZ;52
07291639;1;1;23;7;2;1;9;47;;2 109,07;81,92;7;OQ;24
07292066;1;2;30;7;1;1;1;40;;999 999,00;;1;BE;32
07292066;2;2;30;7;1;1;2;15;4;849,01;;10;OQ;75
07293230;1;2;54;4;2;1;9;27;;1 416,14;;6;OQ;93
07294362;1;2;25;4;1;1;1;46;;1 698,51;;9;GZ;53
07294478;1;1;53;3;1;1;1;40;;3 003,34;;0;OQ;75
07294478;2;1;53;3;1;2;2;15;;3 279,15;;14;OQ;27
07296380;1;2;46;5;1;1;1;25;;1 974,41;;2;JZ;27
07296380;2;2;46;5;1;1;2;23;;1 245,17;;2;FZ;76
07299489;1;2;59;4;2;1;1;32;;3 939,23;981,02;5;AZ;11
07299736;1;1;44;3;2;1;1;31;;1 788,89;685,93;8;OQ;28
07300697;1;2;36;7;1;1;1;39;;999 999,00;2 495,76;15;JZ;53
07301776;1;2;24;2;1;1;1;43;;3 355,95;;8;OQ;84
07302136;1;2;62;1;1;2;1;37;;2 730,72;;7;GZ;44
07303799;1;2;58;6;1;1;1;42;;7 495,83;1 132,88;9;BE;76
07306125;1;1;54;5;3;8;1;60;;0,00;;-1;OQ;44
07306478;1;1;30;6;1;1;1;40;;7 618,35;1 430,72;8;OQ;44
07306631;1;1;54;1;1;1;2;18;1;1 483,90;;2;FZ;24
07307206;1;1;51;6;1;1;9;15;;999 999,00;;5;GZ;11
07307576;1;2;44;7;2;1;1;23;;2 104,50;2 758,90;0;GZ;32
07308678;1;2;54;6;1;1;2;15;2;1 221,61;964,86;7;OQ;84
07310524;1;2;32;6;1;1;1;29;;3 283,79;;1;BE;52
07315376;1;1;53;7;1;1;1;34;;9 036,70;429,54;37;MN;75
07321622;1;2;42;5;2;1;1;39;;999 999,00;2 607,38;2;GZ;52
07321848;1;2;26;3;1;1;1;44;1;3 221,10;;6;MN;84
07328210;1;2;71;6;1;1;1;41;;3 924,88;3 152,56;2;MN;11
07328520;1;2;44;5;1;2;1;34;;4 574,02;1 655,85;2;HZ;32
07329053;1;1;58;4;1;2;1;34;;2 602,13;;3;FZ;32
07331487;1;2;62;1;2;1;1;38;;2 171,52;;3;MN;32
07331487;2;2;62;1;2;1;2;23;;2 744,49;;7;OQ;32
07331961;1;1;46;4;2;2;1;43;;3 378,82;759,34;1;GZ;52
07334968;1;1;52;3;1;1;1;60;;2 815,65;;8;JZ;32
07336269;1;1;46;1;1;1;2;22;;1 955,36;;4;OQ;84
07336269;2;1;46;1;1;1;2;22;;963,40;1 312,74;5;RU;76
07336906;1;1;39;4;1;3;1;44;;2 064,59;;17;JZ;32
07337895;1;2;31;3;1;1;2;8;;545,52;438,61;0;OQ;84
07338007;1;2;51;3;1;1;1;36;;3 164,76;;3;MN;32
07338007;2;2;51;3;1;9;2;15;;1 329,15;387,78;7;HZ;32
07339636;1;1;35;1;1;1;1;37;;2 010,06;;1;BE;11
07341314;1;1;35;7;1;2;1;42;;2 236,70;1 124,88;5;AZ;44
07341493;1;1;51;6;1;1;1;28;;4 038,55;;6;GZ;11
07341564;1;1;39;1;1;9;1;45;;1 861,41;830,03;5;RU;76
07343185;1;1;23;1;2;1;1;45;;1 831,95;;1;OQ;11
07348558;1;2;43;6;1;2;9;48;;4 865,04;;2;BE;84
07349000;1;1;39;1;3;8;1;60;;0,00;;-1;RU;53
07350756;1;2;31;1;3;8;2;44;;0,00;;-1;JZ;76
07352156;1;2;62;5;1;1;2;99;;2 783,66;;0;MN;11
07353707;1;1;17;1;1;2;1;30;;1 988,53;422,29;1;GZ;84
07354727;1;1;42;6;2;1;1;32;;2 551,68;1 012,39;3;OQ;76
07354997;1;2;46;3;1;1;1;42;;2 494,51;;1;MN;53
07355199;1;1;60;6;3;8;1;54;;0,00;;-1;GZ;44
07355662;1;2;24;3;1;9;1;30;;1 434,26;;1;MN;84
07355662;2;2;24;3;1;2;1;38;99;2 180,82;;4;JZ;75
07356072;1;1;35;3;2;1;9;12;;2 352,27;374,98;19;GZ;11
07359952;1;1;40;5;2;2;1;50;;10 000,00;5 365,99;2;GZ;93
07361310;1;2;47;3;1;1;1;42;1;3 192,74;145,98;2;FZ;75
07363381;1;1;36;5;1;1;1;46;;2 337,60;;7;BE;52
07368208;1;2;64;6;1;2;2;20;;2 127,84;928,86;1;OQ;84
07370282;1;2;40;5;1;1;1;33;;4 141,29;;6;BE;75
07371175;1;2;50;6;1;1;1;36;;2 260,97;;1;HZ;32
07372325;1;1;42;3;1;2;1;48;;1 916,57;3 319,54;24;RU;75
07373751;1;1;54;4;2;1;1;50;1;4 564,50;;12;OQ;84
07375238;1;2;48;2;3;8;9;40;;0,00;;-1;JZ;11
07377139;1;2;31;4;3;8;1;52;;0,00;;-1;OQ;52
07377139;2;2;31;4;3;8;2;27;;0,00;;-1;GZ;32
07377269;1;1;40;4;2;1;1;35;;2 376,55;;2;OQ;32
07380383;1;2;50;7;1;1;1;35;;4 943,61;650,01;3;OQ;11
07381746;1;1;59;1;3;8;1;55;;0,00;;-1;HZ;44
07383256;1;1;56;2;2;1;1;36;;2 318,81;732,26;5;GZ;76
07385292;1;2;27;7;1;1;1;37;;999 999,00;;1;FZ;75
07387310;1;2;32;1;1;1;1;99;;2 026,49;;3;RU;84
07391468;1;2;56;7;2;1;1;39;;4 561,39;1 830,48;25;GZ;93
07392579;1;2;23;6;2;1;2;25;;954,70;921,04;4;HZ;44
07392700;1;2;71;2;3;8;2;40;;0,00;;-1;JZ;32
07392808;1;2;51;1;1;2;1;32;;1 748,39;;7;OQ;76
07396052;1;2;50;6;1;1;9;33;;999 999,00;352,25;2;GZ;53
07397356;1;2;51;5;1;1;1;36;;2 880,79;;5;GZ;44
07398786;1;2;40;6;3;8;1;60;;0,00;;-1;RU;32
07398786;2;2;40;6;3;8;9;18;;0,00;;-1;HZ;11
07400173;1;1;49;1;1;1;1;45;;2 416,05;;0;JZ;52
07401319;1;2;48;9;2;1;2;27;;1 260,34;;1;JZ;75
07401332;1;1;63;5;1;2;1;48;;3 531,36;927,60;4;OQ;28
07401427;1;2;39;1;1;1;1;35;;999 999,00;2 451,37;9;OQ;11
07401878;1;2;54;3;1;2;1;99;;1 943,46;2 166,43;16;OQ;84
07403922;1;1;67;3;1;1;2;16;;1 970,86;;7;BE;53
07403968;1;2;35;6;2;1;2;10;;1 825,48;;3;GZ;32
07403968;2;2;35;6;2;1;2;10;;1 951,55;;2;OQ;11
07404121;1;2;53;4;1;1;2;13;;2 027,48;;1;HZ;75
07405773;1;1;39;5;3;8;1;60;;0,00;;-1;OQ;28
07406402;1;1;63;7;1;1;1;36;;1 928,57;;1;OQ;52
07407126;1;1;27;4;1;1;1;46;;999 999,00;;11;BE;27
07409400;1;1;22;1;1;1;1;49;1;1 365,33;740,16;1;JZ;11
07411738;1;1;35;1;2;1;1;26;;3 278,18;;14;RU;11
07412645;1;2;57;1;1;1;1;37;;1 225,03;4 841,21;0;GZ;84
07413224;1;1;48;5;2;1;1;27;;999 999,00;;14;OQ;32
07415221;1;2;33;1;1;1;1;32;;1 876,42;740,59;1;MN;84
07415743;1;2;44;9;3;8;1;58;;0,00;;-1;FZ;11
07416440;1;1;45;2;1;1;1;36;;2 462,40;;29;GZ;53
07417719;1;1;15;7;1;1;1;38;;2 241,03;;0;MN;84
07418738;1;1;35;5;1;1;1;36;;4 003,85;999 999,00;6;FZ;84
07420654;1;2;37;1;2;3;1;42;;1 721,93;825,26;2;GZ;75
07421345;1;1;35;1;2;2;1;41;;2 722,80;1 142,35;1;BE;76
07422140;1;2;46;3;2;1;1;38;;2 549,82;587,84;8;OQ;75
07423410;1;1;22;2;2;1;1;31;;2 760,64;;6;GZ;28
07425540;1;1;64;4;1;1;1;29;;2 364,26;3 471,13;7;GZ;27
07425540;2;1;64;4;1;1;2;20;;1 758,24;;1;MN;44
07426023;1;2;56;3;1;1;1;37;;1 855,53;;3;JZ;11
07427033;1;2;46;3;1;1;2;18;;717,40;1 338,50;9;FZ;53
07428057;1;2;58;1;1;1;2;11;;981,93;1 033,62;13;BE;32
07428226;1;2;55;6;1;1;2;9;;1 500,69;1 140,84;5;HZ;28
07428775;1;2;41;1;1;2;1;38;;1 762,14;1 067,45;0;HZ;44
07429134;1;1;23;5;2;1;2;17;;999 999,00;;0;FZ;75
07429238;1;2;16;3;1;1;1;38;;1 270,46;1 286,84;0;BE;28
07430834;1;1;41;6;1;1;1;41;;2 536,80;786,30;0;RU;84
07431986;1;1;45;2;1;1;1;35;;1 799,37;;4;FZ;28
07432161;1;2;18;4;1;1;1;36;;2 063,96;472,25;1;FZ;76
07432860;1;2;56;4;1;3;1;43;;2 461,02;;13;OQ;11
07434011;1;1;49;5;1;1;1;41;;1 449,53;542,12;4;HZ;76
07434154;1;2;25;7;1;1;1;38;99;10 000,00;343,80;9;OQ;11
07440196;1;1;49;1;1;1;1;45;9;1 559,67;3 680,83;0;OQ;84
07440973;1;2;36;5;1;2;1;32;;2 757,82;257,83;12;FZ;24
07443256;1;2;58;3;1;1;1;30;;2 516,24;;2;GZ;32
07445489;1;2;32;1;1;1;1;45;;2 711,52;2 870,96;5;OQ;52
07445793;1;1;52;7;1;1;1;41;;10 000,00;756,10;0;BE;52
07446220;1;2;46;5;1;1;2;29;;999 999,00;1 121,88;4;HZ;11
07447881;1;2;18;5;1;1;1;38;;1 243,55;999 999,00;0;BE;32
07449967;1;2;28;6;2;2;1;21;;3 032,30;2 567,33;10;GZ;84
07450527;1;2;63;6;1;1;1;36;;2 923,97;;6;RU;32
07451092;1;1;29;6;1;1;1;40;;2 812,33;;5;OQ;76
07452146;1;1;40;6;2;1;1;34;;2 087,85;219,84;7;GZ;11
07454016;1;1;48;3;2;1;1;32;;2 801,04;;10;MN;44
07454518;1;1;59;3;1;2;1;41;;3 091,32;;6;BE;84
07456918;1;2;36;4;1;1;2;13;;1 801,25;;0;RU;11
07457736;1;1;30;5;3;8;1;56;;0,00;;-1;HZ;11
07458247;1;1;28;7;1;2;1;51;;999 999,00;135,09;12;RU;76
07458247;2;1;28;7;1;1;1;43;;3 942,50;;5;OQ;24
07459939;1;2;47;6;1;1;2;29;1;1 859,37;1 581,01;2;GZ;44
07463687;1;1;26;2;1;1;1;99;5;1 747,08;999 999,00;3;OQ;11
07464204;1;2;33;7;2;1;2;18;;1 651,41;607,46;1;GZ;84
07464792;1;2;28;6;1;1;1;32;;2 768,58;;12;GZ;44
07465330;1;2;58;3;1;1;9;28;;1 674,25;;11;JZ;76
07465836;1;1;59;7;3;8;9;44;;0,00;;-1;MN;53
07465836;2;1;59;7;3;8;1;60;;0,00;;-1;HZ;52
07468908;1;1;28;3;1;1;1;33;;2 493,86;317,02;12;GZ;11
07469045;1;2;61;4;1;1;1;34;;2 542,47;;1;GZ;11
07469553;1;1;49;5;1;1;1;35;;2 802,22;999 999,00;15;MN;84
07469553;2;1;49;5;1;1;2;21;;2 544,42;;7;AZ;53
07470544;1;1;51;9;1;1;1;36;;2 265,54;;4;BE;28
07471052;1;2;51;6;1;1;1;39;;3 978,03;1 268,63;14;GZ;11
07471718;1;1;46;7;1;1;1;35;;1 850,80;;7;OQ;32
07473649;1;1;53;1;1;1;1;29;;4 101,45;;29;JZ;75
07473649;2;1;53;1;1;1;2;17;1;588,93;;3;OQ;52
07474334;1;1;48;3;1;1;1;39;;3 227,18;999 999,00;4;BE;28
07475397;1;2;47;3;3;8;2;34;;0,00;;-1;MN;75
07476404;1;1;73;4;2;1;2;15;;2 915,23;172,51;42;AZ;52
07477151;1;1;44;5;2;1;1;41;;2 213,97;999 999,00;1;RU;11
07478860;1;2;35;3;2;1;1;27;;1 461,36;5 268,26;6;HZ;11
07479924;1;2;52;3;1;1;1;39;;1 725,40;;6;GZ;75
07480506;1;2;55;9;2;1;1;26;;3 580,76;;3;GZ;53
07481939;1;2;42;7;1;2;2;13;2;922,47;617,57;3;OQ;93
07482180;1;1;64;3;1;1;1;99;;2 684,16;1 718,22;0;GZ;75
07483223;1;1;33;3;3;8;1;32;;0,00;;-1;OQ;53
07484595;1;1;60;7;1;1;1;32;3;2 449,10;;11;GZ;44
07484621;1;2;38;3;2;1;1;39;;3 493,50;878,72;5;MN;24
07484633;1;1;58;5;1;3;1;25;;999 999,00;573,07;21;OQ;75
07485434;1;2;39;1;1;2;1;48;;3 297,38;;23;HZ;32
07486475;1;2;34;3;1;1;1;44;;1 540,12;1 796,35;1;RU;84
07487845;1;1;57;6;1;1;1;47;1;2 754,81;1 415,50;3;GZ;44
07488064;1;2;16;1;1;1;1;52;;3 168,24;;0;BE;84
07488292;1;2;34;5;1;1;2;11;;1 231,04;;0;GZ;75
07489571;1;1;59;3;2;1;1;30;;3 448,25;764,34;4;HZ;84
07491920;1;2;33;2;1;1;1;39;;1 188,44;;2;MN;28
07492204;1;2;28;3;1;1;1;35;;1 580,18;;9;HZ;52
07493001;1;2;33;3;1;1;2;27;;1 487,96;;1;OQ;32
07493498;1;1;46;5;1;1;1;42;;2 403,81;1 460,45;1;OQ;84
07496501;1;1;59;7;2;1;1;33;2;4 649,60;2 727,04;7;HZ;28
07500614;1;1;56;3;1;2;2;29;;2 345,31;;7;GZ;76
07502003;1;2;44;2;3;8;1;56;;0,00;;-1;OQ;76
07505356;1;1;36;1;1;1;1;57;;1 836,06;;5;GZ;53
07505534;1;2;36;6;1;1;2;10;;1 265,70;1 799,73;0;RU;84
07506372;1;2;60;5;3;8;1;60;;0,00;;-1;OQ;32
07506865;1;2;40;3;3;8;9;60;;0,00;;-1;GZ;32
07508660;1;1;44;1;2;1;2;17;;1 027,36;;1;OQ;53
07508660;2;1;44;1;2;1;1;26;;4 841,75;;20;OQ;84
07509248;1;2;63;1;2;1;1;37;;1 819,13;1 055,09;1;OQ;52
07509721;1;2;58;3;1;1;1;27;;3 076,33;;1;MN;24
07509795;1;2;28;3;1;1;1;31;;2 065,53;;3;GZ;24
07510036;1;1;31;5;1;1;1;39;;1 213,52;;7;HZ;84
07510367;1;1;26;4;1;1;2;22;;999 999,00;583,33;10;GZ;28
07510775;1;1;60;7;1;1;1;46;99;6 087,51;;12;OQ;52
07510832;1;1;36;1;1;1;1;27;;1 080,92;;14;GZ;32
07511416;1;2;50;9;1;1;1;28;1;2 793,79;;15;OQ;27
07512838;1;1;55;1;1;1;1;33;2;3 967,82;1 768,29;16;BE;44
07514101;1;2;49;6;1;1;2;13;1;1 955,69;999 999,00;11;GZ;11
07516963;1;1;57;4;2;9;1;34;;3 203,28;818,35;4;OQ;11
07517759;1;2;30;7;1;1;2;10;2;1 810,59;;4;OQ;28
07521273;1;2;45;1;1;1;2;12;;588,44;1 809,44;4;GZ;11
07521273;2;2;45;1;1;1;2;10;;2 333,73;2 438,84;13;BE;52
07521282;1;2;45;9;1;1;1;99;1;1 761,53;;4;GZ;84
07522738;1;1;24;4;2;2;1;33;;1 533,82;870,46;8;MN;44
07523204;1;1;26;4;2;1;9;39;;3 187,68;846,59;2;OQ;53
07524152;1;1;42;7;3;8;1;60;;0,00;;-1;FZ;76
07527187;1;2;55;6;3;8;1;46;;0,00;;-1;GZ;76
07527748;1;1;49;4;1;1;1;36;2;3 288,06;241,40;1;FZ;28
07530597;1;1;41;1;2;1;2;21;;977,13;;8;RU;11
07531069;1;1;26;6;2;1;1;32;;3 320,69;;5;MN;32
07532321;1;1;23;3;1;1;1;44;2;1 831,78;;2;RU;32
07533378;1;2;19;4;1;1;1;30;;3 159,61;1 044,49;3;OQ;52
07533943;1;1;24;1;1;2;1;35;;2 182,72;587,70;1;BE;76
07534209;1;2;35;2;2;1;1;40;;1 744,97;622,88;0;OQ;27
07535220;1;2;20;4;1;1;1;42;;3 192,97;1 664,69;4;MN;24
07538873;1;1;39;6;1;1;1;35;;4 592,16;;11;RU;11
07539152;1;1;64;6;3;8;1;57;;0,00;;-1;OQ;32
07539227;1;2;26;6;2;1;2;10;;1 202,42;1 062,75;0;BE;11
07539326;1;2;55;5;1;1;1;34;;3 609,16;;6;RU;75
07541743;1;1;28;2;1;1;1;36;1;1 478,26;658,76;5;OQ;84
07543143;1;1;32;3;1;1;1;33;;3 166,03;;1;OQ;76
07543766;1;1;19;6;1;1;1;38;;1 942,74;;3;AZ;11
07544798;1;1;48;5;2;1;1;42;;999 999,00;1 078,90;3;OQ;76
07545883;1;1;52;3;1;2;1;40;;2 511,56;;2;RU;75
07548184;1;2;40;2;1;1;1;38;;1 594,47;;6;HZ;76
07552501;1;1;59;6;1;1;2;12;;1 103,83;;2;MN;11
07553365;1;1;43;4;2;1;1;46;;3 150,27;;9;RU;11
07553365;2;1;43;4;2;1;2;19;;1 404,84;6 074,99;1;BE;27
07553509;1;2;57;3;1;1;1;42;;2 129,54;;4;OQ;27
07553894;1;2;31;2;1;1;1;34;;1 302,37;572,97;5;JZ;24
07554022;1;2;31;3;1;2;1;38;;2 519,10;;8;OQ;53
07554022;2;2;31;3;1;1;2;23;;1 346,18;;14;BE;76
07554362;1;1;48;4;1;1;1;46;;2 163,02;2 770,26;6;RU;11
07554693;1;1;40;5;1;1;1;28;;3 644,64;861,87;2;RU;11
07555143;1;1;40;7;1;1;1;42;;4 433,73;207,84;4;BE;93
07555143;2;1;40;7;1;1;9;26;;989,95;379,51;1;MN;27
07555325;1;1;34;1;1;2;1;36;;1 966,15;374,75;4;RU;32
07556934;1;1;45;1;1;1;1;51;1;3 848,51;;18;RU;93
07557786;1;1;57;3;1;1;1;28;;1 653,50;;10;BE;76
07559885;1;2;46;1;1;1;1;38;;2 770,29;;5;OQ;53
07561415;1;1;32;6;1;1;1;99;;3 410,59;1 862,45;3;GZ;52
07561700;1;2;36;6;1;1;1;26;;2 880,98;;11;OQ;32
07563814;1;2;62;6;3;8;1;60;;0,00;;-1;BE;76
07565453;1;2;37;3;3;8;1;48;;0,00;;-1;HZ;53
07566246;1;1;35;6;1;9;1;28;;2 333,42;2 373,25;11;BE;32
07566246;2;1;35;6;1;1;2;13;;1 506,87;;0;HZ;24
07566675;1;2;34;4;1;1;2;26;;1 219,77;;16;OQ;44
07569605;1;2;42;1;2;1;1;40;;999 999,00;;5;MN;11
07570761;1;2;48;4;1;1;1;34;;999 999,00;2 824,08;2;MN;76
07571322;1;2;47;9;1;1;1;40;;1 008,16;610,98;2;MN;32
07571457;1;2;29;7;1;1;1;36;;2 679,76;;11;RU;84
07572401;1;2;32;7;1;1;9;47;;3 545,89;267,10;11;OQ;76
07576280;1;2;46;5;2;1;1;38;;2 917,79;999 999,00;4;RU;75
07578132;1;1;27;3;1;1;1;39;;1 538,52;294,27;2;OQ;44
07578158;1;1;32;5;1;1;1;44;;933,94;;2;GZ;11
07578323;1;1;39;7;2;1;1;33;9;3 835,14;;11;OQ;76
07578389;1;2;54;3;1;1;1;37;;1 276,45;92,53;6;RU;93
07578521;1;1;49;5;1;1;1;99;;1 614,27;;2;RU;27
07578565;1;2;28;6;1;1;2;25;;1 843,98;;1;JZ;32
07579788;1;2;49;5;3;8;1;59;;0,00;;-1;JZ;32
07583257;1;2;31;1;1;1;2;28;;855,75;999 999,00;1;RU;11
07584836;1;1;47;4;3;8;9;99;;0,00;;-1;HZ;32
07585582;1;1;39;4;1;1;1;99;;2 285,81;;1;MN;32
07586222;1;2;21;2;1;1;9;40;;1 578,71;783,27;3;BE;28
07589287;1;1;35;6;1;1;1;37;;10 000,00;;2;GZ;52
07589770;1;2;31;3;1;1;1;99;;2 304,02;439,61;15;BE;11
07589881;1;2;21;5;1;1;2;99;;999 999,00;;2;BE;84
07590049;1;2;18;1;2;1;1;43;9;841,37;1 440,69;2;MN;24
07591393;1;1;31;4;1;1;1;40;;1 826,20;437,24;1;MN;11
07593027;1;2;57;1;1;1;1;33;1;1 108,70;;5;GZ;11
07594680;1;1;33;3;2;1;1;99;;1 505,99;927,77;5;OQ;44
07595787;1;1;36;4;1;1;1;31;;1 424,72;1 598,38;5;OQ;11
07596110;1;2;58;3;1;1;1;23;;999 999,00;;9;HZ;28
07596292;1;2;44;6;1;1;1;45;;4 533,42;;6;FZ;44
07597346;1;1;48;5;2;1;1;43;;2 392,40;;5;FZ;32
07597836;1;1;53;4;1;1;1;42;1;3 117,44;;2;MN;84
07598541;1;2;41;6;1;9;1;28;;2 384,87;3 356,59;4;OQ;52
07600155;1;2;50;6;1;1;1;35;;2 800,21;999 999,00;0;OQ;52
07603110;1;2;33;7;3;8;1;60;;0,00;;-1;FZ;32
07603220;1;1;56;5;1;1;1;47;;2 189,07;582,37;7;JZ;28
07604294;1;1;64;3;1;1;1;31;;2 644,31;;4;MN;53
07604676;1;2;41;3;3;8;1;43;;0,00;;-1;OQ;11
07606555;1;1;64;1;1;1;1;39;;3 526,74;;12;GZ;28
07607518;1;2;58;3;1;1;2;18;;1 878,24;;5;OQ;11
07608200;1;2;23;5;1;1;1;38;;1 202,82;2 680,45;0;MN;44
07610395;1;1;22;3;1;1;1;53;;1 220,99;6 145,87;3;OQ;93
07613343;1;1;29;9;2;1;1;36;;2 048,18;;1;OQ;84
07614969;1;1;29;6;1;1;1;40;;1 852,62;1 055,16;13;FZ;11
07617865;1;2;41;3;1;1;2;15;;647,52;;7;FZ;11
07620646;1;1;55;4;1;3;1;35;;5 058,27;709,20;4;BE;11
07623291;1;2;50;5;1;1;1;39;;3 020,53;999 999,00;1;GZ;32
07624482;1;2;31;1;1;2;1;41;;1 916,59;;3;JZ;84
07625969;1;1;26;3;1;1;1;31;;1 510,28;;4;GZ;32
07625969;2;1;26;3;1;1;2;27;;1 625,06;;10;RU;53
07627012;1;1;63;4;1;1;1;30;;4 710,86;493,41;3;GZ;75
07629578;1;2;49;6;1;1;1;38;2;2 581,43;388,73;5;HZ;11
07630404;1;1;40;3;1;1;1;53;;4 106,25;678,93;6;OQ;53
07630516;1;1;58;1;1;2;1;49;1;2 097,70;512,97;8;OQ;93
07632798;1;1;41;7;1;1;1;48;;3 091,55;372,22;1;HZ;84
07633098;1;1;51;3;3;8;1;45;;0,00;;-1;GZ;24
07633909;1;1;60;4;1;1;1;38;;2 567,93;4 809,62;3;GZ;11
07634748;1;1;63;7;2;1;1;34;;4 953,44;328,09;16;GZ;32
07634810;1;1;33;5;2;2;1;38;;3 965,89;;2;MN;76
07635981;1;2;64;4;1;1;1;44;;3 132,04;610,72;1;FZ;44
07636717;1;2;47;5;2;1;2;14;;1 675,74;680,80;1;JZ;44
07638170;1;2;64;7;2;1;1;27;9;4 577,52;;4;GZ;11
07638586;1;1;53;6;2;1;2;26;;2 796,32;;3;OQ;24
07638930;1;2;55;7;1;1;1;35;;4 609,92;;1;BE;75
07641613;1;1;23;4;1;1;1;35;;1 573,25;999 999,00;7;OQ;11
07641884;1;2;52;4;1;1;2;25;;1 214,30;;4;RU;32
07642325;1;1;49;3;1;1;1;35;;2 095,11;;2;OQ;84
07642601;1;1;55;2;1;1;1;40;;3 667,15;;3;OQ;32
07643053;1;2;69;5;1;1;1;39;;2 161,91;;12;BE;32
07643219;1;1;52;3;1;3;1;28;;4 583,90;1 974,84;33;MN;28
07643629;1;2;63;3;2;1;1;39;2;1 806,44;;4;RU;76
07643644;1;2;63;5;1;1;2;16;;3 171,28;1 040,09;5;JZ;11
07643727;1;1;47;9;1;1;1;47;;2 612,54;;2;GZ;32
07645323;1;1;22;3;2;1;2;27;;993,92;963,99;4;HZ;76
07645323;2;1;22;3;2;1;2;25;;1 246,31;;3;GZ;11
07646392;1;1;27;4;1;2;1;32;;3 278,99;3 891,79;11;FZ;32
07651567;1;1;20;5;1;1;1;40;;1 128,24;;4;GZ;53
07652315;1;1;31;4;1;1;1;35;;1 447,28;374,60;2;JZ;76
07653427;1;1;50;4;1;1;2;21;;1 495,57;;10;OQ;44
07653942;1;2;32;9;2;1;1;39;1;2 702,09;1 593,29;8;GZ;11
07654153;1;1;23;7;2;1;1;50;;5 959,52;;2;BE;52
07654391;1;1;30;6;2;1;1;34;;2 810,51;221,01;14;OQ;11
07659104;1;2;48;1;1;1;2;28;;999 999,00;1 222,19;14;OQ;11
07659104;2;2;48;1;1;1;2;26;;1 450,05;999 999,00;14;MN;76
07666250;1;2;24;4;2;1;2;23;;459,89;;6;FZ;76
07666511;1;1;45;1;1;1;1;34;;2 025,63;;3;AZ;53
07666653;1;2;47;6;1;1;1;39;;2 179,88;;9;GZ;44
07666653;2;2;47;6;1;1;1;30;;2 187,82;761,71;22;MN;93
07667733;1;1;31;5;2;1;1;47;;10 000,00;432,02;3;OQ;52
07667733;2;1;31;5;2;1;2;22;1;3 266,86;969,92;6;BE;53
07667913;1;1;63;9;1;1;1;35;;1 316,77;;13;GZ;11
07668308;1;1;38;7;1;2;9;99;;1 919,54;1 816,74;1;BE;93
07668308;2;1;38;7;1;1;2;22;;1 561,86;;2;OQ;76
07670543;1;1;57;3;1;1;1;36;;3 498,59;468,19;5;BE;44
07671673;1;2;52;3;1;1;9;37;;1 926,08;220,39;12;GZ;11
07673180;1;1;23;3;1;2;1;32;;1 119,95;1 372,62;7;JZ;93
07673283;1;1;27;1;1;1;1;48;;1 604,31;674,12;4;GZ;93
07674272;1;2;55;7;2;9;1;60;;2 547,15;401,95;6;HZ;84
07674756;1;2;27;3;1;1;1;45;;2 007,85;327,57;2;OQ;93
07675869;1;1;35;1;1;1;1;25;1;2 295,52;1 726,53;4;GZ;84
07677009;1;2;27;7;1;1;1;35;1;2 383,05;858,36;6;BE;32
07678520;1;2;39;3;1;9;1;32;;3 418,22;581,51;3;GZ;76
07678788;1;2;23;4;1;1;2;21;;1 086,65;809,21;3;GZ;53
07679243;1;2;16;6;1;1;1;36;;2 096,42;;0;BE;93
07680661;1;1;59;5;1;1;1;37;;1 828,82;;1;FZ;53
07681155;1;1;52;5;1;1;2;13;;1 268,60;;8;BE;28
07681155;2;1;52;5;1;1;1;45;;3 581,52;208,98;7;GZ;11
07682438;1;1;46;3;1;1;1;48;;2 700,82;639,34;5;BE;24
07683534;1;2;42;7;1;2;1;30;;3 245,24;4 510,60;2;MN;84
07684308;1;2;35;1;1;2;1;29;;1 170,50;609,75;5;OQ;28
07684668;1;1;37;7;3;8;1;42;;0,00;;-1;OQ;76
07685400;1;2;60;5;1;1;1;38;;4 194,22;2 797,30;10;OQ;93
07686322;1;1;50;5;1;1;1;56;;999 999,00;;8;OQ;53
07686433;1;1;16;4;1;1;1;43;;2 403,17;3 246,19;0;FZ;28
07686901;1;2;34;3;2;1;1;33;;1 608,77;;5;MN;75
07687382;1;2;46;9;1;1;2;99;;1 460,16;512,27;1;BE;53
07688181;1;2;43;4;2;1;1;41;;999 999,00;;4;GZ;84
07688181;2;2;43;4;2;1;2;28;;1 930,24;;3;MN;53
07688913;1;2;47;3;3;8;2;42;;0,00;;-1;OQ;76
07690201;1;2;23;4;1;1;1;25;;1 350,26;763,07;2;BE;75
07690973;1;1;29;5;1;2;1;46;3;2 283,60;1 116,44;13;BE;75
07692617;1;1;63;5;2;1;9;46;;3 158,90;443,96;2;OQ;84
07692669;1;2;40;5;1;1;2;29;;1 672,53;;5;OQ;24
07696241;1;1;45;2;3;8;2;26;;0,00;;-1;RU;53
07697695;1;1;42;1;1;1;1;44;;2 328,18;1 669,81;1;OQ;11
07699242;1;2;26;1;1;1;1;36;;1 897,81;;8;GZ;75
07703293;1;1;54;5;3;8;1;57;;0,00;;-1;OQ;93
07704903;1;2;26;4;1;1;1;41;;1 932,34;;7;OQ;75
07706992;1;2;28;7;1;1;1;36;;1 754,68;;9;GZ;32
07708691;1;1;43;7;1;1;1;33;;10 000,00;;14;BE;84
07709314;1;2;20;5;2;1;2;13;;1 140,17;777,13;3;OQ;11
07709428;1;2;63;1;1;1;1;60;;2 357,57;;13;OQ;44
07710514;1;1;47;7;1;1;1;99;;3 401,30;;13;BE;93
07711489;1;2;41;6;2;1;1;43;;2 858,48;;6;OQ;53
07712098;1;2;28;5;2;1;1;47;;2 460,13;2 011,95;4;MN;11
07712134;1;2;48;5;1;1;2;30;;1 509,50;2 107,91;2;BE;44
07712212;1;2;64;3;1;1;1;41;;3 302,15;;24;BE;32
07712504;1;1;40;1;1;1;1;47;2;2 162,44;;1;OQ;44
07713102;1;1;36;4;1;1;1;41;;999 999,00;983,98;20;OQ;32
07713272;1;2;53;5;2;1;1;42;;1 729,31;;5;OQ;11
07714521;1;2;49;6;1;1;1;46;1;2 647,38;542,73;5;OQ;76
07715605;1;1;54;2;1;1;1;39;;1 195,03;231,12;11;OQ;76
07718282;1;1;43;7;1;1;1;45;;999 999,00;;24;FZ;84
07718427;1;2;44;3;3;8;2;48;;0,00;;-1;HZ;27
07718431;1;1;35;6;2;1;1;37;;2 589,59;1 560,12;3;AZ;32
07721716;1;1;60;5;1;1;1;34;;6 543,25;;4;BE;11
07721734;1;1;54;1;1;1;1;39;;2 282,93;1 622,05;0;GZ;11
07722195;1;1;57;3;2;1;1;38;1;2 602,47;;1;MN;32
07722461;1;2;24;5;1;1;9;38;;1 501,99;;4;OQ;44
07722824;1;1;27;4;1;1;1;32;;2 567,07;2 184,07;11;OQ;75
07723195;1;1;24;1;1;1;1;34;;2 058,81;;7;OQ;93
07723195;2;1;24;1;1;2;2;23;3;501,23;934,80;2;RU;28
07724149;1;2;44;1;2;1;2;9;1;1 035,58;;7;RU;11
07724831;1;2;39;7;2;1;1;28;;3 896,63;;6;JZ;28
07727587;1;2;40;9;1;1;1;40;;2 650,68;;0;MN;84
07728580;1;2;23;1;1;1;1;29;;1 208,44;;7;OQ;11
07731153;1;2;64;6;1;1;1;42;1;5 110,60;;2;GZ;44
07732004;1;1;40;9;1;1;1;36;;2 695,56;;13;OQ;52
07732117;1;2;64;5;1;1;1;30;;5 400,55;472,23;9;BE;32
07732233;1;2;38;3;2;1;1;40;;2 998,71;196,66;12;BE;32
07732433;1;2;56;3;1;1;9;40;2;2 416,72;132,90;14;FZ;75
07734372;1;1;20;4;1;9;1;37;;2 064,27;1 531,71;4;OQ;11
07736171;1;2;42;7;1;2;2;21;;2 584,46;266,55;13;MN;11
07737210;1;2;46;2;1;2;1;34;99;1 862,85;929,54;0;GZ;76
07737973;1;2;47;7;1;1;2;11;;2 171,89;;6;OQ;32
07738057;1;2;50;6;1;1;1;32;;3 364,31;516,70;6;OQ;44
07739252;1;2;45;5;2;1;1;48;;2 332,07;;3;FZ;11
07739490;1;2;45;6;1;1;1;42;;4 611,25;655,75;4;OQ;93
07739490;2;2;45;6;1;1;2;23;;2 374,99;5 312,65;1;JZ;75
07740096;1;2;36;6;1;1;1;40;;999 999,00;1 010,99;4;RU;52
07740577;1;2;43;6;2;1;1;60;;3 211,58;564,98;4;JZ;52
07741046;1;1;44;6;1;1;1;29;;4 903,21;;12;BE;44
07741046;2;1;44;6;1;1;2;11;;1 535,29;;3;MN;75
07741868;1;2;27;1;2;1;2;21;;406,12;;3;OQ;44
07741868;2;2;27;1;2;1;2;23;;1 930,60;;11;MN;75
07743759;1;2;51;7;1;1;1;35;;3 812,01;999 999,00;1;GZ;32
07744396;1;1;19;3;2;2;1;43;;1 549,69;;3;OQ;44
07746328;1;1;29;2;1;1;2;8;4;1 213,28;;6;BE;11
07747972;1;1;29;3;2;1;1;30;;2 341,22;1 163,46;4;OQ;84
07751246;1;2;55;5;1;1;2;18;;2 112,92;700,85;6;OQ;11
07751246;2;2;55;5;1;1;2;10;;1 365,77;1 593,37;12;GZ;53
07752546;1;1;22;5;1;2;1;31;;3 066,12;;1;MN;11
07753184;1;1;60;2;1;1;1;38;;2 706,58;;6;JZ;76
07754503;1;1;59;3;1;1;1;35;;2 955,27;824,18;5;HZ;11
07755962;1;1;66;4;1;1;2;10;;1 749,66;;8;OQ;93
07756395;1;2;27;6;1;1;1;99;;1 938,14;;1;BE;11
07758403;1;1;62;3;1;2;1;26;2;1 773,61;1 118,77;5;MN;28
07758595;1;2;58;2;3;8;2;41;;0,00;;-1;OQ;44
07759507;1;2;41;6;2;1;1;35;;3 905,50;675,69;7;BE;44
07759559;1;2;25;6;1;1;1;29;;2 440,73;2 358,89;2;AZ;75
07759874;1;2;25;4;3;8;2;20;;0,00;;-1;GZ;84
07760920;1;2;26;3;1;1;1;34;;1 399,85;;10;MN;84
07762137;1;2;50;4;1;1;1;34;;3 359,14;;1;BE;52
07767600;1;2;33;6;3;8;1;43;;0,00;;-1;BE;27
07771675;1;1;58;2;3;8;1;44;;0,00;;-1;BE;53
07772785;1;1;59;6;3;8;2;37;;0,00;;-1;BE;32
07772907;1;2;36;4;2;3;1;33;;2 630,49;;1;JZ;93
07773429;1;1;59;6;3;8;1;55;;0,00;;-1;MN;11
07773429;2;1;59;6;3;8;9;16;;0,00;;-1;RU;75
07776451;1;1;24;7;3;8;2;28;;0,00;;-1;GZ;11
07777944;1;1;55;4;1;1;1;50;;2 398,28;437,73;5;HZ;11
07778132;1;2;28;3;1;1;1;42;;2 457,60;;1;OQ;32
07780029;1;2;70;4;2;1;1;48;;2 769,10;454,04;1;AZ;84
07782966;1;1;42;3;2;1;1;99;;3 013,93;2 086,28;6;BE;93
07785151;1;1;64;3;2;1;1;40;;2 024,47;;10;HZ;76
07785838;1;2;29;4;1;1;1;22;;970,50;835,49;1;FZ;44
07787451;1;1;26;5;2;1;2;21;;2 441,24;945,60;9;BE;28
07789426;1;1;63;2;1;1;1;34;;999 999,00;;2;GZ;75
07797398;1;2;51;3;1;2;1;26;;1 757,92;;6;HZ;84
07800850;1;2;59;5;1;3;1;40;;1 907,82;629,35;2;MN;84
07801075;1;1;35;3;2;1;1;35;;999 999,00;;13;GZ;32
07803265;1;1;28;1;1;1;9;17;;1 322,38;3 725,43;7;OQ;84
07804129;1;2;34;4;1;9;2;17;1;2 190,66;;4;OQ;44
07804129;2;2;34;4;1;1;2;10;;1 388,81;;16;OQ;53
07804968;1;2;31;3;2;1;2;19;;1 496,25;1 619,99;1;AZ;11
07805083;1;2;61;5;1;1;9;35;;4 261,92;;3;FZ;44
07805083;2;2;61;5;1;1;2;18;;1 435,24;1 250,99;11;OQ;32
07805720;1;2;39;5;1;1;1;45;;2 258,35;;2;FZ;24
07806605;1;2;41;3;1;1;1;36;;1 535,88;;6;BE;11
07806671;1;2;45;1;3;8;1;56;4;0,00;;-1;JZ;32
07807731;1;1;43;1;3;8;1;58;;0,00;;-1;OQ;27
07808578;1;1;39;1;1;1;1;28;;2 533,19;285,68;10;GZ;76
07809173;1;1;61;1;1;1;9;36;;1 273,93;;12;GZ;76
07810527;1;2;58;1;1;1;1;34;4;2 658,38;;4;GZ;32
07813395;1;2;48;3;1;2;1;35;;3 065,12;;8;MN;32
07813879;1;2;32;7;1;1;9;37;;1 820,47;;0;MN;52
07815653;1;1;33;6;1;1;1;48;;8 911,03;;1;OQ;24
07816074;1;1;58;2;2;2;1;39;;2 676,91;;1;BE;76
07816213;1;2;45;2;1;2;2;26;;1 871,35;;10;BE;11
07816719;1;2;48;1;2;2;1;43;;2 938,72;837,97;7;MN;75
07817376;1;2;62;5;1;1;1;39;;1 855,46;300,33;7;BE;75
07817785;1;2;51;6;2;1;1;37;;4 147,11;;5;MN;93
07818648;1;1;50;4;3;8;1;55;;0,00;;-1;FZ;84
07821225;1;2;27;5;2;1;1;39;1;2 182,02;;2;JZ;11
07822001;1;2;54;9;1;1;2;29;;1 192,86;;21;GZ;76
07822214;1;1;38;4;1;1;1;43;;2 316,25;;1;GZ;84
07822277;1;2;21;1;1;1;2;11;;588,40;666,36;1;JZ;52
07822277;2;2;21;1;1;1;1;46;;2 008,46;474,95;5;GZ;11
07822354;1;2;70;1;1;1;1;33;;3 035,64;1 143,59;0;BE;76
07824798;1;2;31;3;1;1;9;45;;2 869,74;;5;AZ;52
07824798;2;2;31;3;1;1;1;46;;999 999,00;3 332,78;13;HZ;32
07825250;1;2;74;4;1;1;1;28;;2 175,74;;10;RU;28
07825971;1;1;20;5;2;3;1;49;;1 804,43;;4;GZ;84
07826407;1;1;45;9;1;1;1;29;;5 391,41;;11;MN;24
07827375;1;2;63;3;1;2;1;35;;1 808,08;;12;HZ;44
07830895;1;1;51;7;1;2;1;99;2;5 021,04;999 999,00;1;MN;24
07833434;1;1;45;6;1;1;2;23;;1 397,90;1 038,04;5;BE;53
07833742;1;2;44;4;1;1;1;99;;1 800,57;;6;MN;75
07833811;1;1;26;7;1;1;1;39;;2 323,33;;10;OQ;44
07833871;1;1;30;4;2;1;1;27;4;999 999,00;;14;OQ;84
07834483;1;2;27;4;1;1;2;8;;1 683,14;;11;OQ;11
07835594;1;2;59;4;1;1;1;49;;999 999,00;3 876,45;0;GZ;52
07839078;1;1;20;3;1;1;1;49;;3 162,34;999 999,00;3;MN;75
07839699;1;1;32;7;1;1;1;39;;999 999,00;1 708,99;6;MN;32
07841595;1;2;34;1;1;1;9;35;;999 999,00;;6;OQ;28
07841770;1;2;38;3;2;1;1;26;;4 707,97;999 999,00;16;GZ;11
07842229;1;1;46;3;1;1;1;47;;1 431,60;812,33;6;OQ;24
07843037;1;1;46;1;1;3;1;38;2;1 386,88;393,64;1;OQ;24
07843117;1;2;33;1;1;1;9;40;;2 030,73;1 024,40;1;FZ;93
07844148;1;1;28;1;1;1;1;37;;1 684,22;;4;OQ;75
07844612;1;2;25;7;1;1;1;40;;2 050,16;;7;RU;28
07847246;1;2;45;5;1;1;1;32;;5 248,39;943,41;7;GZ;44
07848806;1;1;31;1;1;1;1;44;;1 786,35;644,27;7;JZ;93
07849897;1;2;37;4;1;1;2;8;;1 165,34;;8;RU;32
07851147;1;2;40;5;1;2;2;23;;3 205,12;202,72;2;FZ;32
07851229;1;2;54;6;1;1;2;28;;1 368,96;;2;FZ;76
07851691;1;2;36;3;1;1;1;37;;3 400,74;;16;GZ;75
07854228;1;2;41;4;2;1;2;9;;1 249,62;;5;AZ;24
07854370;1;1;57;2;3;8;1;60;1;0,00;;-1;GZ;53
07855113;1;2;64;6;2;1;1;36;;2 542,63;;3;MN;11
07855708;1;2;46;6;1;2;1;36;1;3 414,86;;0;BE;11
07856877;1;1;29;6;1;2;1;42;;2 115,99;999 999,00;7;JZ;32
07858098;1;1;25;5;3;8;1;52;;0,00;;-1;OQ;93
07858175;1;2;25;1;1;1;1;34;;1 619,29;;6;BE;84
07862509;1;2;53;3;1;2;1;38;;2 948,01;;2;RU;84
07863487;1;1;25;6;3;8;1;60;;0,00;;-1;BE;28
07863487;2;1;25;6;3;8;1;37;9;0,00;;-1;BE;32
07864304;1;2;35;3;1;1;2;9;;1 677,27;165,55;11;RU;28
07866673;1;1;55;4;2;1;1;41;2;3 083,33;999 999,00;7;MN;52
07867723;1;1;61;5;1;9;9;49;;2 296,19;999 999,00;3;GZ;84
07867886;1;1;30;1;2;9;9;45;;2 655,25;1 813,34;2;OQ;93
07868440;1;2;22;7;1;2;1;38;;2 122,44;;4;GZ;84
07869089;1;2;57;1;1;1;1;29;;1 847,60;;5;FZ;32
07871975;1;2;52;6;2;1;2;15;;2 368,47;;10;MN;84
07873592;1;1;34;1;1;1;1;41;2;1 291,59;;8;BE;28
07874591;1;2;37;3;1;1;2;16;;1 059,60;;2;MN;27
07874591;2;2;37;3;1;1;2;18;;804,68;2 090,20;1;GZ;84
07877711;1;2;28;7;1;3;1;32;;1 875,89;1 564,32;4;JZ;75
07877810;1;2;45;1;1;1;9;27;;2 220,38;743,56;1;FZ;84
07878033;1;1;33;6;1;1;1;35;;4 649,07;998,14;4;RU;84
07878682;1;2;49;5;2;1;1;23;;3 995,42;229,90;1;OQ;84
07879854;1;2;37;4;1;1;1;34;;2 767,24;;0;MN;24
07880019;1;2;33;3;1;1;2;17;;451,46;;9;RU;75
07882600;1;1;53;4;3;8;1;55;;0,00;;-1;RU;76
07882600;2;1;53;4;3;8;2;32;2;0,00;;-1;BE;75
07883154;1;1;20;5;1;1;1;41;;3 197,33;2 276,45;3;BE;93
07884107;1;1;32;7;1;1;1;40;;4 823,52;1 276,37;12;OQ;27
07884920;1;1;26;4;2;1;1;45;;2 461,11;;1;OQ;11
07885009;1;1;45;3;2;2;1;39;;3 274,14;2 359,29;12;BE;32
07885111;1;2;25;3;1;1;1;37;;2 259,64;784,58;7;HZ;53
07891529;1;1;52;6;2;1;1;36;2;999 999,00;;4;OQ;76
07893081;1;2;28;7;1;9;1;47;;3 147,40;;12;BE;32
07894370;1;2;36;4;1;1;1;26;;3 246,00;812,41;0;OQ;11
07896463;1;2;38;5;1;1;1;39;;999 999,00;;1;MN;32
07899333;1;1;46;5;2;1;1;36;;9 713,73;4 507,69;1;OQ;53
07899661;1;2;40;5;1;1;2;18;;1 656,32;587,06;4;FZ;76
07900144;1;1;59;5;1;1;1;48;;3 032,66;;8;MN;84
07900494;1;2;59;5;3;8;1;56;;0,00;;-1;MN;76
07902618;1;2;60;7;1;1;1;44;;2 285,33;1 953,62;0;MN;84
07903220;1;1;41;7;1;1;1;27;;4 473,71;;1;BE;53
07904831;1;1;63;9;2;1;1;41;;999 999,00;;6;GZ;76
07904978;1;1;42;7;1;1;1;40;;2 172,81;455,25;2;GZ;75
07909451;1;1;36;5;1;1;1;37;;3 741,64;999 999,00;1;BE;93
07909996;1;1;38;1;1;1;2;14;;829,90;4 213,94;4;MN;93
07910508;1;1;71;4;2;1;1;41;;2 697,93;;2;AZ;76
07911442;1;1;56;3;1;1;1;36;;4 897,04;999 999,00;24;RU;75
07911446;1;2;64;4;1;1;2;25;;2 387,20;;3;MN;52
07911592;1;1;34;1;3;8;1;50;;0,00;;-1;BE;75
07911958;1;1;20;4;2;1;2;16;;2 665,41;697,28;0;GZ;76
07912510;1;2;49;3;1;1;2;22;;1 599,77;999 999,00;8;OQ;32
07912966;1;1;57;7;1;1;1;49;;3 685,63;;2;GZ;53
07913355;1;1;21;3;1;1;1;27;;1 931,26;999 999,00;5;GZ;32
07913786;1;1;64;6;2;1;1;39;;3 073,31;1 353,83;4;RU;76
07915427;1;1;47;3;1;1;1;34;;1 982,25;611,13;15;BE;75
07916310;1;1;30;4;1;1;1;99;;1 500,18;1 829,49;1;OQ;11
07918361;1;2;70;5;1;2;2;23;;1 696,34;;2;GZ;32
07919111;1;1;36;1;3;8;1;59;;0,00;;-1;MN;84
07919635;1;2;56;9;1;3;1;40;1;1 493,72;;4;AZ;52
07920387;1;1;30;6;2;1;1;42;;3 206,94;;4;GZ;52
07924647;1;1;38;7;1;1;1;41;;2 822,12;;5;GZ;44
07924994;1;2;53;4;1;1;2;13;;2 171,44;2 409,11;3;GZ;75
07925319;1;1;47;3;1;1;1;41;;3 673,81;;1;OQ;32
07926858;1;1;46;4;1;1;9;28;;999 999,00;745,28;3;MN;84
07926899;1;1;26;1;2;1;1;47;;1 841,28;999 999,00;5;JZ;11
07927548;1;1;39;3;2;2;1;41;;1 997,30;211,57;1;OQ;11
07928178;1;2;36;9;1;1;2;19;;1 026,04;;5;OQ;76
07929167;1;1;58;7;1;1;1;43;;2 308,07;2 137,70;8;MN;75
07933880;1;1;55;5;2;1;1;27;;3 673,09;825,66;6;OQ;52
07934194;1;2;41;7;2;2;2;12;;1 433,53;1 276,53;7;GZ;44
07934589;1;1;38;4;1;1;1;36;;3 093,94;;0;RU;44
07934949;1;1;42;1;1;2;1;31;;1 576,46;463,35;4;OQ;93
07936759;1;2;36;4;3;8;1;59;;0,00;;-1;OQ;93
07936922;1;1;48;1;1;1;1;48;;1 659,86;;15;GZ;93
07940154;1;2;35;3;3;8;1;60;;0,00;;-1;BE;84
07940231;1;1;30;9;1;1;1;42;;2 980,91;;8;GZ;84
07943646;1;2;22;7;1;1;1;35;;1 994,01;;6;BE;84
07944325;1;2;57;7;1;1;2;19;;2 304,32;;1;AZ;28
07944837;1;2;62;1;1;1;9;43;1;2 799,64;;6;GZ;93
07951189;1;2;62;3;1;1;1;37;;2 482,57;;5;MN;93
07951648;1;1;56;1;2;1;1;36;;2 217,86;354,19;1;MN;28
07951913;1;1;59;3;1;1;1;99;;3 320,96;;0;RU;11
07952427;1;1;53;4;3;8;1;53;;0,00;;-1;GZ;75
07953677;1;1;29;2;2;2;1;48;;1 702,51;3 139,21;4;OQ;32
07954756;1;2;29;6;1;1;1;39;;3 153,05;511,32;2;GZ;27
07954806;1;2;35;7;1;1;2;28;;1 719,15;567,59;2;HZ;11
07955651;1;1;56;4;3;8;1;58;;0,00;;-1;GZ;93
07955832;1;1;59;6;1;1;1;40;;1 495,87;;4;BE;11
07957272;1;1;64;4;1;1;1;42;;999 999,00;675,51;1;RU;11
07957688;1;1;59;2;1;3;1;43;;3 160,08;;5;OQ;84
07957767;1;1;35;5;1;1;1;30;;2 592,25;2 263,82;16;GZ;32
07958744;1;2;57;6;2;1;1;38;;4 929,61;;41;OQ;53
07958744;2;2;57;6;2;1;1;25;;2 862,05;630,10;3;GZ;84
07958804;1;1;30;4;2;1;1;37;;1 277,57;583,72;2;BE;75
07959115;1;2;46;4;2;1;2;99;1;999 999,00;;16;OQ;52
07960592;1;2;50;4;3;8;1;55;1;0,00;;-1;GZ;44
07961671;1;1;54;6;1;3;1;51;;3 848,96;203,57;6;JZ;93
07962385;1;2;44;7;2;1;1;32;;2 229,55;;2;GZ;11
07966546;1;1;45;3;2;1;1;45;;2 492,04;;5;OQ;53
07966619;1;2;62;4;1;1;1;36;;5 052,16;2 521,83;2;GZ;11
07967505;1;1;26;4;2;2;1;99;;3 806,14;999 999,00;2;OQ;84
07968865;1;2;43;5;1;1;2;25;;1 513,38;713,75;0;AZ;93
07969342;1;2;72;5;1;2;1;51;;3 487,51;1 591,26;1;RU;76
07969642;1;1;64;7;1;1;1;45;1;999 999,00;;7;MN;52
07969747;1;2;33;7;2;1;1;35;;1 931,44;1 726,76;5;JZ;11
07970046;1;1;27;1;1;1;1;45;;2 571,77;;0;FZ;32
07971354;1;1;22;5;1;1;1;41;;3 209,90;;6;HZ;28
07971575;1;1;40;3;1;1;1;41;;2 882,44;;14;GZ;84
07972533;1;1;32;1;2;1;1;36;;2 049,44;;7;GZ;24
07972533;2;1;32;1;2;1;2;30;;1 448,30;;16;MN;32
07974317;1;1;59;5;2;1;1;42;99;2 068,80;1 021,25;19;HZ;53
07974915;1;1;35;3;2;1;1;37;;2 450,29;;5;OQ;52
07976347;1;1;41;3;1;2;1;43;;2 499,34;;9;BE;11
07979417;1;1;27;3;2;1;2;19;;685,74;;2;GZ;32
07979566;1;2;57;1;1;1;1;42;1;3 807,15;1 296,91;3;BE;75
07980142;1;2;56;4;1;1;2;20;;1 093,84;4 707,01;7;OQ;32
07980144;1;1;47;1;1;1;1;46;;3 163,70;;8;MN;84
07981114;1;2;32;3;1;1;1;32;;1 029,11;2 076,71;2;FZ;28
07981674;1;1;26;1;1;3;2;27;;755,20;999 999,00;3;GZ;52
07984717;1;1;27;4;1;1;2;19;;860,59;;11;BE;44
07985723;1;2;23;6;2;1;1;47;;2 834,83;;3;RU;24
07986281;1;1;52;4;2;1;1;26;4;2 133,22;;1;OQ;28
07986291;1;1;47;3;2;2;1;31;;1 722,99;497,37;24;GZ;44
07986360;1;1;25;4;2;1;1;60;2;1 704,77;;9;BE;76
07987611;1;2;49;3;1;1;2;28;;1 523,44;;1;BE;76
07988187;1;1;25;7;2;1;1;41;;5 048,65;;5;OQ;76
07988564;1;1;32;1;1;2;1;32;;2 133,53;819,02;5;MN;28
07990191;1;1;33;7;1;1;1;99;5;5 471,22;;5;GZ;11
07992693;1;2;28;1;3;8;1;60;2;0,00;;-1;AZ;53
07993411;1;2;28;1;1;2;2;26;;1 026,60;;12;HZ;76
07994392;1;1;62;6;2;9;2;20;;2 073,04;976,70;3;BE;28
07995555;1;2;19;3;2;9;1;15;;2 538,53;;1;MN;44
07996297;1;1;50;3;1;1;1;99;;3 604,82;381,09;4;MN;53
07997140;1;2;21;7;1;1;2;26;;1 395,54;2 802,17;5;JZ;32
07998228;1;1;57;4;1;2;1;40;;2 201,11;;0;BE;93
08000192;1;1;60;6;1;1;1;37;;3 896,87;;12;RU;93
08000338;1;2;63;6;1;1;2;23;;2 227,90;654,43;9;GZ;93
08003854;1;1;50;3;1;1;1;28;;1 964,91;;2;FZ;84
08004570;1;1;23;3;1;1;1;41;1;1 599,47;;0;MN;53
08006848;1;2;33;5;1;1;1;34;;1 327,84;;3;FZ;44
08006971;1;1;58;1;1;1;1;37;1;999 999,00;;1;OQ;11
08007260;1;2;24;5;1;9;9;19;;750,51;;8;OQ;44
08007268;1;1;40;3;1;1;2;28;;1 348,94;;8;OQ;11
08008534;1;2;32;6;1;1;1;32;;2 317,38;;10;FZ;11
08008854;1;2;40;7;1;2;2;15;;2 695,86;;4;BE;32
08009702;1;2;27;3;1;1;9;30;;835,51;;2;BE;84
08010835;1;1;28;7;1;1;1;46;;3 688,98;;9;JZ;93
08011882;1;1;25;5;1;1;1;38;;1 961,24;;4;OQ;84
08011955;1;1;28;3;2;1;1;32;;999 999,00;2 833,51;1;OQ;28
08011955;2;1;28;3;2;1;2;13;;963,83;1 271,74;12;GZ;32
08012608;1;2;28;5;1;1;2;9;;1 492,32;1 639,74;10;MN;52
08012756;1;1;29;7;1;1;1;49;;1 803,27;;1;OQ;75
08013812;1;2;54;7;1;1;1;38;;3 280,47;1 100,46;1;MN;44
08014266;1;2;32;3;1;1;2;23;;1 060,67;;3;OQ;27
08014313;1;1;54;3;1;2;1;37;;5 580,31;1 950,80;18;GZ;44
08015048;1;2;46;3;1;1;1;56;;999 999,00;620,56;1;BE;11
08018640;1;1;24;3;1;1;1;26;;1 605,76;;8;GZ;52
08019568;1;1;42;3;1;1;1;39;;3 569,68;723,69;3;OQ;11
08020157;1;1;55;3;3;8;1;51;;0,00;;-1;AZ;93
08021873;1;2;37;2;1;1;2;12;;1 783,99;1 511,46;0;AZ;84
08026026;1;2;40;5;1;1;1;42;;4 241,82;;7;BE;24
08026292;1;2;38;2;1;1;1;31;;2 092,84;;12;HZ;11
08029903;1;1;51;3;1;1;1;50;;2 570,05;999 999,00;4;OQ;76
08031052;1;1;45;7;2;1;1;29;;4 321,99;999,75;0;FZ;84
08032650;1;2;38;3;1;1;1;31;;1 966,76;999 999,00;4;GZ;53
08033374;1;1;51;3;1;1;1;50;5;1 397,80;251,93;3;GZ;27
08034079;1;1;42;9;1;2;1;41;;1 969,90;1 870,73;0;MN;24
08034627;1;2;37;1;2;1;1;48;;2 791,68;;19;OQ;93
08036280;1;2;57;4;1;1;1;34;;4 163,83;;0;OQ;11
08036360;1;2;22;5;3;8;1;54;;0,00;;-1;FZ;11
08039532;1;2;35;4;1;1;1;42;;2 848,18;1 294,91;5;OQ;11
08041724;1;1;55;5;1;2;1;37;;3 142,83;805,52;14;MN;11
08041778;1;2;23;7;3;8;2;32;;0,00;;-1;OQ;52
08042507;1;2;28;3;3;8;1;60;;0,00;;-1;OQ;32
08043288;1;1;34;3;1;1;1;44;;2 435,69;;9;OQ;84
08043934;1;1;24;1;1;2;2;12;;472,78;;1;BE;27
08043985;1;2;32;4;3;8;1;60;;0,00;;-1;BE;32
08044126;1;2;46;1;3;8;1;50;;0,00;;-1;BE;11
08044591;1;2;22;1;1;1;1;35;1;2 152,20;;3;OQ;11
08044692;1;1;58;9;2;9;1;35;;1 979,77;1 566,44;2;MN;76
08045246;1;2;45;3;1;1;1;39;;1 235,11;;2;OQ;75
08045357;1;1;59;3;2;1;1;43;;2 752,71;402,77;18;MN;27
08046536;1;2;49;6;1;1;1;41;;999 999,00;2 151,30;1;GZ;11
08048546;1;1;38;6;1;1;1;33;;3 083,33;;4;RU;75
08051445;1;1;56;7;1;1;2;15;;2 007,35;;0;GZ;28
08052399;1;1;59;6;1;1;1;39;;3 026,80;817,37;1;MN;27
08053792;1;1;45;7;1;1;1;32;;3 386,91;999 999,00;13;OQ;53
08054950;1;2;33;3;2;1;2;22;;1 040,49;;0;AZ;52
08058300;1;2;53;7;2;1;1;56;;3 574,61;1 117,96;9;MN;84
08059408;1;2;57;7;2;1;1;34;;5 969,72;1 047,84;1;OQ;84
08059603;1;2;28;7;2;1;2;12;;999 999,00;;5;MN;76
08059738;1;1;25;7;1;1;9;39;1;999 999,00;1 271,62;0;BE;76
08059738;2;1;25;7;1;1;2;11;;2 469,46;808,72;5;AZ;11
08059766;1;2;43;6;1;1;1;40;;1 655,11;;7;MN;44
08060252;1;1;24;3;2;1;1;34;;2 529,86;763,91;2;MN;28
08060341;1;2;29;4;1;1;2;17;2;1 400,76;;0;FZ;32
08060641;1;2;35;1;1;1;1;23;;1 804,11;;10;BE;11
08060801;1;1;30;4;2;2;1;40;;2 982,65;;14;JZ;27
08060801;2;1;30;4;2;1;1;34;1;999 999,00;1 771,09;4;OQ;76
08061644;1;1;34;2;3;8;1;30;1;0,00;;-1;HZ;52
08061992;1;1;33;3;1;2;1;33;;1 617,83;1 651,47;4;RU;93
08062754;1;1;44;4;2;1;1;40;;3 973,03;;0;BE;44
08069598;1;1;20;1;2;1;2;9;;1 199,34;;0;HZ;76
08070395;1;1;26;3;1;1;1;30;;1 705,93;564,98;6;BE;27
08070817;1;1;46;3;1;1;1;36;;2 334,05;;7;GZ;75
08072054;1;1;48;3;1;1;1;37;9;1 693,92;483,26;3;BE;53
08072996;1;1;39;3;2;1;1;35;;2 599,63;999 999,00;4;GZ;76
08073063;1;1;59;4;1;1;2;19;;1 220,67;;4;GZ;24
08073796;1;2;50;4;1;1;1;39;;4 870,65;1 794,78;5;MN;11
08073796;2;2;50;4;1;1;2;10;;1 795,17;765,64;15;GZ;11
08075612;1;1;43;1;1;1;1;40;;1 339,07;362,18;1;OQ;44
08081044;1;2;29;4;1;1;1;99;2;2 656,87;;1;OQ;53
08083959;1;1;37;2;2;2;1;46;;1 813,28;;4;MN;52
08088786;1;2;38;7;1;1;1;30;;3 019,11;999 999,00;7;GZ;76
08089887;1;2;20;3;1;2;1;36;;2 188,74;259,33;4;BE;84
08090133;1;1;47;3;1;1;1;37;;2 246,70;;4;BE;11
08093051;1;2;50;6;1;1;1;45;;4 593,73;999 999,00;4;MN;76
08093597;1;2;21;5;1;1;1;36;;2 083,51;;3;OQ;76
08094028;1;1;32;2;2;1;1;45;;2 532,07;;3;RU;32
08095634;1;2;32;9;1;1;1;36;;1 096,29;;1;MN;44
08095677;1;1;27;1;3;8;1;36;;0,00;;-1;OQ;11
08095677;2;1;27;1;3;8;2;24;;0,00;;-1;MN;28
08095698;1;1;52;4;3;8;1;60;;0,00;;-1;OQ;75
08097091;1;1;40;7;1;1;1;34;;8 057,52;;3;HZ;27
08097895;1;2;43;1;1;1;1;46;;3 414,23;1 560,12;27;MN;84
08098574;1;2;25;4;1;1;1;51;;966,11;512,71;9;OQ;84
08099064;1;1;54;4;1;3;1;40;;2 738,92;529,59;5;MN;76
08099755;1;2;31;3;2;1;1;31;;3 394,05;;15;JZ;75
08099845;1;1;28;7;3;8;1;50;;0,00;;-1;FZ;93
08100220;1;2;60;4;1;1;1;41;;4 773,18;;3;BE;75
08101614;1;2;48;1;1;1;1;42;9;1 410,84;;7;MN;24
08102309;1;1;58;5;1;1;1;37;;1 838,51;;9;OQ;76
08102387;1;2;33;6;1;1;1;35;;3 472,01;;4;GZ;93
08103240;1;1;42;4;2;1;1;39;;2 459,38;895,54;0;OQ;93
08103576;1;2;33;7;3;8;1;44;;0,00;;-1;GZ;53
08104399;1;1;21;1;2;1;1;42;;1 797,64;999 999,00;4;OQ;11
08104484;1;2;45;9;1;1;1;99;;2 940,84;;9;HZ;11
08104543;1;2;60;7;1;1;1;48;;2 708,43;;5;MN;84
08104819;1;2;30;5;2;1;1;37;;4 722,64;;11;BE;11
08107620;1;2;35;3;2;1;1;34;;1 737,16;573,95;13;MN;93
08108593;1;2;27;3;1;1;2;11;1;1 175,43;;2;OQ;84
08108869;1;1;68;7;1;2;1;46;;7 112,12;;6;OQ;11
08110187;1;1;28;5;2;2;1;53;;2 790,58;;1;AZ;75
08110398;1;1;22;9;1;1;1;33;;1 841,16;;6;BE;11
08111288;1;1;38;5;1;1;1;35;;2 236,92;1 359,78;2;GZ;11
08111662;1;1;37;4;1;2;1;40;;2 103,65;;11;GZ;32
08111970;1;2;31;3;1;1;1;39;;3 672,29;;15;BE;52
08112430;1;1;30;3;3;8;1;53;1;0,00;;-1;MN;93
08112890;1;1;53;6;1;1;1;37;;3 602,64;;1;GZ;84
08115287;1;1;30;3;1;1;1;41;;1 819,61;;4;FZ;84
08115352;1;1;39;4;1;1;1;45;;4 753,83;708,14;11;OQ;24
08115962;1;2;47;4;1;1;1;35;;1 798,90;;3;OQ;24
08117047;1;2;48;3;2;1;1;34;;3 196,72;951,97;7;AZ;93
08117047;2;2;48;3;2;1;1;34;;1 464,51;2 634,03;7;RU;52
08117601;1;2;60;5;1;1;1;37;;3 734,21;;2;RU;11
08118825;1;1;31;9;1;1;2;25;;1 046,56;999 999,00;7;OQ;27
08120220;1;2;28;5;1;1;1;36;;4 667,50;475,12;12;GZ;76
08121367;1;2;25;5;1;1;1;36;;1 803,94;1 493,78;1;OQ;76
08121367;2;2;25;5;1;1;1;36;1;3 174,13;1 268,89;5;OQ;84
08122532;1;2;29;9;3;8;2;22;;0,00;;-1;OQ;76
08122532;2;2;29;9;3;8;2;29;;0,00;;-1;BE;93
08122863;1;2;48;3;1;1;2;15;;1 626,24;;7;HZ;75
08123393;1;2;36;4;3;8;1;56;;0,00;;-1;GZ;32
08124777;1;2;38;5;1;1;1;42;;2 455,64;4 705,03;5;GZ;76
08126317;1;2;44;3;1;1;1;33;1;2 042,33;;21;GZ;53
08130390;1;2;49;7;1;1;1;33;;3 945,76;;3;OQ;52
08130985;1;1;61;3;1;1;9;35;;2 848,27;1 178,20;2;OQ;84
08131283;1;1;52;3;1;1;1;99;;2 819,16;;2;JZ;28
08132890;1;2;34;6;3;8;1;44;;0,00;;-1;OQ;44
08132991;1;2;34;5;1;1;1;47;;1 950,64;;12;FZ;93
08135803;1;1;51;3;1;2;1;35;1;2 480,62;;14;RU;11
08136375;1;2;64;4;1;1;1;37;;1 965,82;;2;GZ;52
08136684;1;1;27;5;1;1;1;43;;2 859,46;;3;OQ;53
08138113;1;1;43;6;2;1;1;43;;3 677,90;;8;JZ;76
08140239;1;2;63;3;1;1;1;41;;2 907,01;;6;FZ;93
08142786;1;2;35;6;1;2;1;38;;2 248,56;3 874,22;7;GZ;44
08145723;1;2;21;5;1;3;1;47;;1 839,43;;1;BE;11
08147079;1;2;38;6;1;1;1;38;;999 999,00;2 119,56;1;AZ;44
08147079;2;2;38;6;1;1;2;30;;999 999,00;;0;GZ;11
08147409;1;2;54;3;1;1;1;52;;2 867,35;;15;FZ;32
08148343;1;2;21;1;2;2;1;99;;937,84;676,28;4;MN;76
08151212;1;1;21;5;2;1;1;31;;2 605,95;;5;OQ;53
08153689;1;2;59;3;2;1;1;38;;1 905,15;325,65;1;RU;28
08155062;1;2;26;1;1;1;1;45;;2 227,83;;10;OQ;84
08155073;1;1;54;6;2;1;1;42;4;3 905,01;1 217,76;4;MN;52
08155731;1;2;37;2;1;1;1;31;;740,47;3 116,77;3;GZ;28
08155986;1;1;24;3;1;2;1;40;;2 612,74;;7;HZ;28
08156032;1;2;23;2;1;2;1;47;;717,33;208,14;1;OQ;52
08156174;1;1;33;4;2;3;1;99;;999 999,00;;4;OQ;11
08159073;1;1;49;2;1;1;1;31;;2 943,79;647,46;15;JZ;11
08159638;1;2;17;4;3;8;1;51;;0,00;;-1;JZ;11
08159917;1;2;61;3;1;1;1;36;;1 395,94;1 877,49;18;MN;27
08159917;2;2;61;3;1;3;9;25;;2 201,54;;6;OQ;27
08160264;1;2;45;3;1;1;1;33;;2 229,34;;6;AZ;11
08161297;1;1;34;4;2;1;1;39;;2 497,84;;2;MN;11
08162223;1;2;36;7;3;8;1;45;;0,00;;-1;OQ;32
08163131;1;1;25;9;1;1;1;37;;3 255,58;1 228,03;9;JZ;93
08163202;1;2;53;3;1;1;1;47;;3 612,56;;7;GZ;93
08163949;1;2;49;4;2;1;2;17;;1 436,99;674,09;2;OQ;52
08164989;1;1;32;3;3;8;1;60;;0,00;;-1;JZ;32
08168278;1;2;44;5;3;8;2;20;;0,00;;-1;GZ;11
08168934;1;2;56;5;1;1;1;40;;2 869,38;;3;GZ;53
08169635;1;1;40;7;1;1;1;40;;2 313,39;;5;GZ;24
08170530;1;1;27;1;1;1;9;42;;1 547,74;4 873,78;1;OQ;28
08171666;1;1;31;3;1;1;1;32;;2 516,64;;15;OQ;44
08171707;1;1;42;7;1;1;1;60;;4 264,52;120,55;4;GZ;11
08171758;1;2;57;4;2;1;1;35;;3 151,98;;14;OQ;11
08173964;1;2;24;7;1;2;1;36;;2 908,83;;0;OQ;27
08173970;1;2;65;4;1;1;1;40;99;3 299,33;494,27;3;GZ;24
08174563;1;1;27;6;2;1;1;44;;2 114,46;;5;RU;93
08174826;1;2;37;3;1;1;1;35;;2 235,48;;10;GZ;76
08175341;1;1;52;1;3;8;1;60;;0,00;;-1;MN;28
08178802;1;1;28;3;1;1;1;31;;3 981,99;;2;OQ;76
08182706;1;1;47;5;1;1;1;46;;4 787,60;859,19;6;OQ;84
08183114;1;1;43;1;1;1;1;23;;1 426,00;;1;BE;75
08184121;1;2;27;2;1;1;1;42;;4 095,34;999 999,00;6;OQ;44
08184947;1;1;48;6;2;2;1;48;;4 104,84;;4;FZ;75
08188628;1;2;64;1;1;1;1;33;;2 992,02;;0;OQ;76
08188764;1;2;49;4;1;1;2;13;;792,43;224,09;8;OQ;76
08189009;1;1;31;5;2;1;1;34;;1 951,11;486,97;9;RU;24
08189326;1;1;34;3;3;8;1;60;;0,00;;-1;HZ;84
08192011;1;1;41;3;3;8;9;50;;0,00;;-1;OQ;11
08194294;1;1;35;5;1;1;1;41;5;4 388,29;1 227,08;10;MN;27
08195686;1;2;64;3;1;2;1;32;;1 528,12;;14;MN;76
08197228;1;2;33;5;1;2;2;20;;767,68;;2;FZ;52
08198895;1;1;33;7;2;1;1;45;;2 522,27;;2;OQ;76
08199901;1;1;44;4;1;1;1;34;9;3 987,76;1 052,20;6;OQ;52
08200610;1;2;26;4;1;1;2;19;1;2 098,19;1 363,93;2;OQ;76
08200610;2;2;26;4;1;1;2;29;;755,80;3 076,91;10;GZ;11
08201175;1;2;64;4;1;2;1;40;;2 423,96;;1;OQ;52
08201503;1;2;49;1;1;1;1;32;;1 706,89;;4;GZ;84
08201559;1;2;56;5;2;1;1;40;;3 074,16;440,91;1;OQ;32
08202044;1;2;29;3;2;1;1;48;;2 354,37;999 999,00;13;OQ;84
08202155;1;2;23;4;1;1;1;60;;2 559,53;3 112,79;2;GZ;75
08202805;1;1;24;7;1;1;2;25;;2 211,89;;1;GZ;11
08203541;1;2;24;7;1;1;1;34;;999 999,00;312,22;8;OQ;75
08203655;1;2;59;4;1;1;1;44;;3 306,27;286,33;4;MN;76
08204660;1;2;31;3;1;2;2;13;;1 814,39;3 322,70;3;GZ;84
08205258;1;1;60;6;1;2;1;39;;2 888,51;;2;GZ;84
08206056;1;1;47;1;1;1;1;32;;1 731,97;1 332,96;2;BE;11
08208190;1;2;63;6;1;1;1;42;2;2 649,32;1 267,24;4;HZ;11
08209657;1;1;48;4;1;2;1;99;;1 258,71;;3;RU;32
08209657;2;1;48;4;1;2;2;17;;1 721,81;1 037,25;22;MN;84
08209721;1;1;35;3;1;1;2;20;;2 810,23;;19;BE;84
08210097;1;1;48;3;1;1;1;99;;2 572,28;734,41;1;GZ;75
08210276;1;1;36;3;2;1;1;46;;792,42;999 999,00;2;FZ;44
08214530;1;1;25;3;1;2;1;33;1;999 999,00;999 999,00;4;MN;27
08214839;1;2;30;5;2;1;1;28;4;1 916,00;999 999,00;0;JZ;44
08217456;1;2;42;3;1;1;2;26;;1 128,19;;10;FZ;84
08217668;1;1;35;5;1;2;1;33;;2 961,84;682,08;11;AZ;11
08217893;1;2;52;6;1;1;2;14;;3 190,76;;2;HZ;11
08218559;1;2;28;4;1;2;1;35;;2 706,94;;3;GZ;93
08219414;1;1;40;5;1;1;1;43;;2 936,76;;0;GZ;32
08220572;1;2;46;3;1;9;2;22;;1 831,05;;7;MN;11
08221866;1;2;38;4;1;1;1;33;;2 416,78;;3;FZ;24
08222638;1;1;29;3;2;1;1;60;;1 709,18;537,44;11;BE;76
08222657;1;1;22;7;3;8;1;58;;0,00;;-1;AZ;32
08224191;1;2;34;2;1;1;2;30;;1 122,56;;3;BE;28
08226768;1;1;45;5;1;1;1;42;;999 999,00;;4;OQ;84
08226771;1;1;61;1;1;1;1;40;;2 466,03;893,34;3;RU;24
08227046;1;2;36;3;3;8;1;59;;0,00;;-1;BE;44
08227887;1;1;44;7;1;1;1;43;;2 441,61;877,97;2;FZ;11
08228945;1;1;50;4;1;2;1;45;1;2 471,03;;13;OQ;44
08229156;1;2;49;7;1;2;1;48;;3 748,41;;2;OQ;11
08229873;1;1;29;4;2;1;1;36;;3 313,28;405,30;13;HZ;93
08231972;1;1;39;7;2;1;1;36;;2 288,74;;11;MN;75
08233543;1;1;28;7;1;1;1;34;;2 654,59;;6;BE;28
08235393;1;1;56;1;1;1;1;40;;2 860,89;;11;MN;75
08235846;1;1;42;6;1;1;1;36;;999 999,00;675,59;26;OQ;84
08235846;2;1;42;6;1;1;2;15;;1 592,76;999 999,00;8;OQ;52
08235947;1;2;54;9;1;1;1;39;;4 209,74;;8;GZ;11
08236941;1;2;59;5;3;8;1;55;;0,00;;-1;GZ;75
08239638;1;2;53;3;1;1;1;35;;4 445,08;439,13;5;HZ;75
08240112;1;2;35;5;1;1;1;38;2;2 307,31;;19;GZ;52
08241321;1;2;43;7;1;1;9;27;;1 955,23;999 999,00;2;BE;44
08241515;1;2;62;6;1;1;1;26;;10 000,00;5 928,63;3;GZ;76
08245328;1;1;58;4;1;1;1;34;;4 425,88;;0;BE;84
08245451;1;1;28;7;2;1;1;45;;2 526,99;;1;FZ;75
08245675;1;1;48;1;2;1;1;33;;1 684,16;2 568,41;11;BE;11
08246115;1;1;35;6;1;1;1;44;;2 471,88;908,59;1;GZ;93
08246511;1;1;43;9;1;1;1;35;;2 492,14;951,51;6;BE;11
08248326;1;1;38;1;2;1;1;45;;1 809,81;506,53;13;JZ;28
08248993;1;2;47;7;1;1;9;99;;3 472,18;1 312,49;3;OQ;75
08250061;1;1;67;6;1;1;1;38;;5 072,04;;1;MN;75
08253365;1;2;36;2;1;1;1;38;;1 308,95;;3;OQ;24
08255379;1;2;49;7;1;1;9;42;;4 581,79;1 876,17;9;GZ;11
08257791;1;1;48;4;2;1;9;60;1;4 191,46;494,77;7;OQ;11
08258615;1;2;21;5;1;1;1;60;;1 320,06;1 723,19;2;BE;53
08260914;1;1;58;4;2;3;1;54;;6 151,23;;6;HZ;28
08262870;1;2;56;4;2;1;2;99;;2 756,65;1 776,93;16;BE;93
08265425;1;1;55;4;1;1;1;37;;2 845,77;1 358,65;0;BE;44
08266660;1;2;37;3;1;1;9;14;;999 999,00;251,69;12;GZ;76
08269035;1;1;39;4;2;3;1;31;;2 541,07;;6;BE;28
08273059;1;2;16;2;3;8;1;49;;0,00;;-1;OQ;84
08273663;1;2;31;2;2;1;1;35;;1 381,94;;2;AZ;32
08273694;1;2;33;7;1;1;1;54;9;3 811,98;931,80;7;HZ;52
08273851;1;1;42;1;2;1;1;99;;2 995,94;482,80;17;RU;52
08275371;1;2;35;3;1;1;2;28;;999 999,00;;13;BE;32
08275559;1;2;71;3;1;1;1;38;;2 164,42;;7;OQ;27
08275902;1;2;27;3;1;1;1;35;;1 286,71;;10;BE;44
08278603;1;2;30;4;2;2;2;15;;1 437,33;;7;BE;11
08279701;1;1;38;5;1;1;1;31;;4 634,54;;11;MN;93
08279777;1;2;49;1;2;1;1;34;;2 330,43;850,17;22;MN;11
08279777;2;2;49;1;2;2;2;27;;1 525,89;;2;GZ;53
08280197;1;2;25;3;2;1;2;28;;1 310,16;;8;MN;84
08281494;1;2;41;3;1;1;1;31;;2 083,98;;10;GZ;11
08282591;1;1;49;4;2;1;2;22;;1 326,42;1 352,63;1;GZ;24
08283711;1;2;58;9;1;1;1;34;;2 020,73;1 504,65;2;GZ;75
08284805;1;2;55;4;3;8;1;44;5;0,00;;-1;JZ;76
08285031;1;1;26;3;1;1;1;33;;3 549,91;883,51;4;RU;32
08285602;1;2;55;7;1;1;2;16;;930,48;;0;FZ;32
08285983;1;2;44;7;2;1;1;52;;5 206,36;;3;GZ;93
08286651;1;1;44;7;1;1;1;32;;5 175,07;362,83;4;OQ;11
08288911;1;1;21;1;1;1;1;44;;1 872,23;1 447,07;5;GZ;28
08288962;1;1;40;3;2;2;1;34;;1 109,22;;2;GZ;11
08290069;1;2;38;3;3;8;9;48;;0,00;;-1;OQ;52
08290069;2;2;38;3;3;8;2;20;;0,00;;-1;BE;84
08290809;1;1;20;7;2;2;1;29;;3 766,44;2 422,35;4;GZ;28
08291478;1;2;36;6;1;1;1;32;1;4 146,62;882,74;8;HZ;84
08293600;1;2;62;5;2;1;1;48;;3 398,59;;2;FZ;28
08295608;1;1;24;3;1;1;1;39;;1 627,16;5 469,75;8;OQ;93
08296266;1;2;46;7;1;1;2;17;;4 995,26;1 615,98;0;OQ;32
08297225;1;2;38;3;1;3;1;39;;3 719,14;;5;FZ;11
08297225;2;2;38;3;1;1;1;39;;1 551,17;;1;BE;75
08297358;1;2;51;3;1;1;2;13;;2 617,42;;8;JZ;24
08300526;1;1;55;4;1;1;9;22;;4 339,70;1 283,63;12;BE;76
08300668;1;2;40;1;1;2;9;46;;2 504,18;;10;FZ;44
08303231;1;1;38;4;2;1;1;30;;3 703,86;;10;BE;52
08305172;1;1;54;4;1;1;1;43;1;1 281,88;226,72;1;OQ;84
08305353;1;2;36;3;3;8;1;59;;0,00;;-1;MN;84
08306320;1;1;43;1;1;1;1;41;;2 489,18;;10;FZ;24
08309483;1;1;33;7;1;2;9;39;;999 999,00;1 572,30;13;HZ;84
08309483;2;1;33;7;1;1;2;10;;2 373,36;264,13;9;MN;75
08310283;1;1;25;4;1;1;1;35;;2 273,04;673,21;2;GZ;76
08312198;1;1;51;3;2;1;1;42;9;999 999,00;2 107,59;6;AZ;44
08313201;1;1;40;6;3;8;1;60;;0,00;;-1;GZ;53
08313825;1;1;30;1;1;1;1;31;;3 883,45;170,66;14;BE;11
08314425;1;1;42;7;2;2;1;38;;2 702,36;2 050,80;6;OQ;44
08316701;1;2;36;7;1;1;1;28;;1 962,07;1 232,76;5;MN;11
08318053;1;2;49;6;2;2;2;8;1;1 949,87;282,52;2;OQ;52
08318486;1;2;47;5;2;2;1;40;;3 794,71;863,65;5;OQ;76
08318814;1;2;41;3;1;1;2;20;;999 999,00;778,14;2;OQ;27
08318814;2;2;41;3;1;1;2;8;;2 583,75;;13;OQ;32
08318908;1;1;64;4;3;8;1;60;;0,00;;-1;OQ;84
08320181;1;2;43;3;1;1;1;51;;2 190,15;812,73;4;OQ;44
08321534;1;1;24;4;2;1;1;49;;4 061,53;;2;BE;28
08322730;1;2;25;6;1;1;1;40;;3 251,07;754,92;6;FZ;52
08322865;1;1;66;1;1;1;1;36;;1 479,73;;2;JZ;75
08322922;1;1;48;5;2;1;1;44;1;2 413,32;967,80;5;OQ;11
08323043;1;1;32;6;1;1;1;37;;3 127,08;;1;OQ;75
08323549;1;2;50;6;1;1;1;44;;1 213,14;;4;GZ;52
08324165;1;1;60;7;3;8;9;55;;0,00;;-1;BE;32
08325535;1;1;64;4;2;1;1;36;;2 855,80;;2;BE;11
08325559;1;2;47;1;2;1;1;39;;999 999,00;;1;RU;84
08327201;1;2;40;5;1;1;1;44;;999 999,00;;4;BE;84
08329159;1;2;27;1;1;2;1;36;;2 663,34;612,54;5;OQ;75
08329197;1;1;54;4;1;1;1;45;;2 368,50;999 999,00;2;OQ;11
08329887;1;1;67;5;3;8;1;49;;0,00;;-1;BE;75
08331186;1;1;46;5;1;1;2;21;;1 812,36;;9;MN;11
08332432;1;2;30;3;1;2;1;36;;1 428,88;999 999,00;1;RU;44
08332432;2;2;30;3;1;1;2;8;;1 731,69;;10;BE;76
08336210;1;1;41;5;2;1;1;41;;2 273,96;;1;GZ;75
08337920;1;2;62;7;1;1;9;44;;2 455,73;;1;GZ;28
08339164;1;2;24;3;1;1;2;24;;729,86;1 920,46;3;GZ;28
08339252;1;2;23;1;1;1;1;44;;686,66;2 331,48;6;OQ;32
08339252;2;2;23;1;1;1;1;38;;1 487,69;453,66;2;GZ;93
08340873;1;1;59;7;2;1;1;36;99;10 000,00;;9;OQ;76
08340909;1;2;45;3;1;9;2;14;;1 847,25;2 790,23;5;RU;11
08341947;1;2;50;3;1;1;1;43;;2 477,29;;0;FZ;84
08342262;1;2;57;3;1;1;9;34;;3 821,91;;7;HZ;44
08342286;1;1;47;7;1;2;1;24;;3 464,11;486,26;11;MN;24
08342286;2;1;47;7;1;1;9;27;;6 030,26;392,81;21;HZ;76
08342862;1;2;25;7;1;1;2;25;;1 159,82;;2;OQ;84
08343825;1;1;38;5;1;1;1;37;;1 615,23;;0;JZ;76
08344916;1;2;27;5;1;1;1;34;;1 938,31;686,05;8;RU;93
08349505;1;2;46;4;1;1;1;39;;2 312,58;1 940,32;0;GZ;93
08350677;1;1;48;3;1;1;1;41;;3 244,30;;3;GZ;84
08351050;1;1;34;7;1;1;1;32;;2 329,20;177,17;5;GZ;84
08354307;1;1;27;7;1;1;1;41;;999 999,00;999 999,00;10;GZ;11
08354307;2;1;27;7;1;1;2;10;;2 387,45;1 048,88;1;BE;76
08355985;1;2;59;7;1;1;2;25;;1 973,37;;11;BE;11
08356467;1;2;20;6;1;1;2;22;;863,76;;4;GZ;76
08356777;1;1;58;3;1;1;1;42;;8 884,74;450,99;12;OQ;52
08357547;1;2;64;3;1;1;1;36;;2 427,80;18 218,57;8;JZ;11
08358417;1;1;34;6;1;1;1;26;;2 672,62;;8;AZ;84
08358826;1;1;45;3;2;1;1;39;;2 243,96;;22;GZ;11
08359493;1;1;20;4;2;1;1;24;;993,46;2 991,88;4;OQ;53
08359767;1;1;15;2;1;1;1;46;5;1 818,73;;0;RU;75
08361240;1;2;43;5;1;9;1;44;;4 977,05;439,84;24;OQ;84
08364286;1;2;34;1;1;1;2;27;1;523,38;999 999,00;0;OQ;11
08364487;1;2;36;1;2;1;1;35;;2 910,26;599,35;14;OQ;75
08365015;1;2;48;5;1;1;1;45;;2 635,37;;8;FZ;24
08366015;1;2;27;7;1;1;1;27;;3 735,07;999 999,00;11;MN;27
08366237;1;1;51;5;1;1;1;29;;3 721,91;864,70;14;RU;93
08368917;1;1;47;6;1;1;1;33;;10 000,00;2 236,51;3;RU;52
08368956;1;2;23;2;1;1;1;28;;1 388,18;;7;MN;93
08370489;1;2;23;3;2;1;1;47;;2 272,87;;7;BE;52
08371049;1;1;23;2;2;2;2;10;;951,84;;7;OQ;93
08371750;1;1;62;1;2;1;1;37;;1 821,07;2 110,48;3;OQ;27
08372794;1;1;40;5;1;1;1;32;;3 498,19;;2;OQ;75
08375157;1;1;60;9;1;1;1;50;;2 839,90;;14;GZ;11
08375500;1;2;54;3;1;1;2;99;;2 038,24;;4;RU;76
08377119;1;1;25;6;2;1;1;26;;3 772,54;2 292,92;9;BE;44
08378079;1;2;29;3;1;1;1;40;;2 531,89;;8;FZ;75
08378129;1;1;38;3;1;1;1;40;;2 249,53;;7;MN;11
08378129;2;1;38;3;1;1;2;10;;1 197,45;910,82;8;GZ;11
08378619;1;2;56;1;1;1;2;20;;650,41;480,42;5;GZ;27
08378619;2;2;56;1;1;1;2;11;;1 625,98;1 208,15;0;MN;93
08379288;1;2;74;3;1;9;1;41;;2 162,90;;27;BE;28
08381166;1;2;64;7;1;1;2;15;1;1 357,60;;1;OQ;84
08382691;1;2;45;5;1;1;1;34;;2 039,54;1 393,65;5;GZ;76
08383134;1;1;34;3;1;1;1;34;;1 702,36;;3;BE;84
08383977;1;1;38;3;2;1;2;11;;2 004,84;1 327,59;17;OQ;75
08384117;1;2;44;4;1;1;1;43;;2 065,23;999 999,00;13;OQ;44
08386593;1;1;41;3;3;8;1;40;;0,00;;-1;OQ;11
08387377;1;2;39;4;1;2;1;35;;4 052,83;;18;BE;84
08387534;1;2;29;9;1;1;2;27;;1 402,31;;0;OQ;27
08387852;1;1;32;4;1;1;1;30;;1 821,83;1 408,70;16;GZ;11
08394110;1;1;25;4;2;1;1;31;;1 990,87;1 536,37;9;OQ;11
08395188;1;1;37;3;1;3;1;37;;999 999,00;;9;BE;93
08396221;1;1;31;5;3;8;1;51;;0,00;;-1;BE;11
08398089;1;1;23;4;1;1;1;44;;999 999,00;;3;BE;84
08398089;2;1;23;4;1;1;2;8;;1 868,08;234,32;3;AZ;84
08398370;1;2;39;5;1;1;1;57;;1 779,96;;7;MN;11
08398370;2;2;39;5;1;1;2;99;;1 394,21;5 462,98;23;OQ;84
08398416;1;1;19;4;1;1;1;20;;1 315,52;979,46;1;MN;93
08399699;1;2;64;3;1;1;2;20;;1 302,56;296,39;9;OQ;52
08399943;1;2;48;3;1;1;2;8;;1 482,11;1 614,60;4;HZ;44
08400377;1;2;49;4;1;1;1;35;;3 140,93;5 841,00;5;OQ;44
08401689;1;2;25;5;1;1;1;43;;2 220,06;;9;GZ;52
08402111;1;2;45;4;2;1;1;35;;4 091,41;;5;OQ;84
08405741;1;2;44;1;1;2;1;49;;1 608,16;;13;OQ;76
08405882;1;1;28;6;3;8;2;35;;0,00;;-1;FZ;32
08405882;2;1;28;6;3;8;2;49;;0,00;;-1;MN;75
08406967;1;1;28;4;1;1;1;42;;1 936,05;999 999,00;12;OQ;32
08410821;1;1;33;7;1;1;1;40;;6 302,27;;9;GZ;76
08414428;1;1;57;6;3;8;1;52;;0,00;;-1;JZ;32
08415721;1;1;63;3;1;1;1;44;;2 061,85;410,76;5;OQ;32
08416195;1;2;34;3;1;2;1;37;;2 195,17;723,98;0;GZ;53
08416339;1;1;56;3;2;2;1;36;;3 973,60;1 352,93;5;RU;53
08417425;1;1;62;6;1;1;1;21;;5 891,34;;1;OQ;84
08420742;1;2;52;6;1;1;1;46;;2 781,68;262,43;0;MN;28
08420912;1;1;51;3;1;1;1;45;;1 652,05;;15;OQ;84
08421863;1;1;21;1;1;1;1;38;;1 817,67;;5;OQ;11
08422175;1;1;29;4;1;1;1;51;;2 573,79;;13;BE;27
08422175;2;1;29;4;1;2;1;53;5;2 098,68;820,29;1;OQ;44
08422613;1;1;21;7;1;1;1;51;;4 478,79;401,65;5;FZ;75
08422878;1;1;39;6;2;1;1;49;;999 999,00;;5;GZ;76
08423307;1;1;54;3;1;1;1;40;;3 217,45;1 118,22;5;OQ;24
08425632;1;1;44;3;3;8;1;60;3;0,00;;-1;BE;84
08426531;1;1;37;7;1;1;9;42;;999 999,00;;1;GZ;32
08426854;1;1;58;2;1;1;1;34;;3 176,82;612,76;16;FZ;52
08426854;2;1;58;2;1;1;2;17;;999 999,00;824,61;8;OQ;84
08426960;1;2;37;7;1;1;1;30;;3 798,89;;3;GZ;93
08428701;1;1;29;7;1;1;9;30;;2 767,66;338,22;1;MN;76
08428807;1;2;46;7;1;1;1;35;;3 226,98;1 076,28;6;OQ;53
08430163;1;1;36;4;1;1;1;42;;1 816,66;1 461,61;1;OQ;93
08431092;1;2;50;3;1;1;2;17;;999 999,00;994,39;8;OQ;11
08431157;1;1;32;4;1;1;1;28;;3 313,91;3 011,77;12;GZ;28
08431161;1;2;48;3;1;2;1;41;;2 538,28;1 238,65;10;RU;44
08431901;1;1;46;1;1;1;1;38;;1 704,72;;5;OQ;75
08432081;1;1;38;5;3;8;1;47;;0,00;;-1;MN;76
08432497;1;2;52;5;1;1;1;22;;999 999,00;1 969,47;15;BE;44
08436275;1;2;45;5;2;1;2;99;;1 951,68;1 292,02;2;GZ;11
08437295;1;2;53;3;3;8;1;44;;0,00;;-1;GZ;84
08437684;1;1;25;5;2;1;1;34;;2 251,41;3 622,87;1;BE;44
08437807;1;2;25;4;2;2;1;32;1;2 672,37;2 022,10;3;GZ;28
08440358;1;1;27;4;1;1;1;32;;3 110,89;4 806,66;4;HZ;84
08440561;1;1;33;6;1;1;1;31;;2 528,65;416,33;17;OQ;44
08440649;1;1;30;3;1;2;1;41;;1 928,61;;4;OQ;44
08441453;1;2;47;4;2;1;9;20;;2 024,36;365,63;1;OQ;28
08441814;1;1;34;7;1;1;1;30;2;2 319,57;300,53;17;MN;44
08443150;1;1;60;1;1;1;1;99;;3 585,17;169,77;18;GZ;53
08443576;1;1;59;3;2;1;1;43;;7 170,91;2 437,61;3;OQ;75
08444696;1;2;31;5;2;1;9;37;;4 271,09;411,93;4;BE;27
08445266;1;1;19;5;1;2;1;42;;2 249,76;;3;GZ;75
08445266;2;1;19;5;1;1;2;8;;1 780,79;;3;JZ;76
08446858;1;1;47;3;1;1;1;35;;3 029,90;;1;AZ;75
08448051;1;2;37;1;2;1;1;43;;2 292,60;337,50;18;BE;84
08448269;1;2;38;3;1;1;1;48;;2 933,99;;7;OQ;75
08449041;1;1;32;7;1;1;1;40;;3 247,77;;2;RU;84
08450412;1;1;48;7;1;1;9;14;;2 340,98;254,70;32;OQ;24
08451318;1;2;60;3;1;2;1;30;;2 318,81;623,81;1;OQ;11
08454086;1;1;39;5;1;1;1;60;;4 756,72;;13;OQ;76
08454751;1;1;61;1;1;1;1;39;;3 769,81;;5;GZ;11
08454816;1;1;24;6;1;1;1;37;;2 474,05;1 325,65;8;GZ;93
08455334;1;2;49;1;1;9;2;14;;1 299,66;1 548,50;2;GZ;11
08455334;2;2;49;1;1;1;2;30;;1 376,35;;0;BE;44
08455917;1;2;27;1;2;1;1;30;;1 019,39;239,23;0;OQ;27
08457649;1;2;44;5;2;2;2;20;;1 415,75;866,74;1;BE;93
08457649;2;2;44;5;2;2;2;28;;1 615,16;266,27;12;OQ;28
08459664;1;2;23;4;3;8;1;59;;0,00;;-1;OQ;28
08462693;1;2;54;4;2;1;2;24;;3 183,67;;9;GZ;75
08462693;2;2;54;4;2;1;2;22;;2 295,61;1 706,81;0;JZ;84
08466109;1;1;16;5;1;1;1;33;;3 087,98;;0;OQ;53
08466507;1;2;54;7;2;1;1;33;2;3 100,75;621,99;2;FZ;84
08466829;1;1;35;1;3;8;1;57;;0,00;;-1;OQ;76
08466829;2;1;35;1;3;8;1;60;;0,00;;-1;GZ;84
08467709;1;1;50;6;1;1;1;31;;2 140,64;1 770,91;2;OQ;75
08467899;1;2;41;4;1;1;1;28;;2 659,41;657,11;1;GZ;93
08467925;1;1;48;7;1;1;1;46;;4 096,76;;4;OQ;84
08467925;2;1;48;7;1;1;2;29;;1 967,47;1 219,25;1;MN;84
08468113;1;1;50;4;1;1;1;32;;1 759,36;;5;JZ;11
08468614;1;1;44;1;1;1;1;36;5;2 355,95;657,92;10;OQ;52
08469903;1;2;40;5;1;1;1;28;2;1 543,87;1 831,17;7;RU;93
08470110;1;2;42;1;1;1;1;41;;2 616,93;;13;GZ;32
08470458;1;2;64;3;1;1;1;41;;2 213,36;1 384,60;5;MN;44
08470770;1;1;60;5;2;1;1;43;1;2 859,85;;6;HZ;52
08474035;1;2;35;1;2;1;2;14;;1 394,29;;19;MN;27
08474035;2;2;35;1;2;1;2;27;4;538,99;1 470,20;3;BE;27
08475630;1;2;48;6;1;2;1;38;1;3 663,48;;19;OQ;75
08475630;2;2;48;6;1;1;1;40;;3 375,47;;2;GZ;44
08475869;1;1;37;5;3;8;1;55;;0,00;;-1;MN;53
08476130;1;2;42;2;1;1;1;30;;1 862,78;759,90;2;OQ;11
08477248;1;2;63;5;1;1;9;46;;4 825,02;1 373,27;1;OQ;84
08478578;1;2;33;4;1;1;1;44;;3 785,29;;17;OQ;44
08480459;1;2;35;4;1;1;2;28;;2 377,09;663,53;4;HZ;75
08484871;1;1;52;7;1;1;1;47;;3 130,63;898,16;4;MN;84
08484945;1;2;63;4;1;1;1;32;;3 016,17;1 876,87;6;BE;93
08487538;1;1;58;5;1;1;9;35;;999 999,00;865,37;2;HZ;84
08487843;1;1;45;1;3;8;1;60;;0,00;;-1;HZ;28
08488244;1;1;42;7;1;1;1;36;;4 692,09;;14;OQ;28
08488788;1;2;35;7;1;1;2;18;;999 999,00;;2;GZ;11
08488788;2;2;35;7;1;3;2;21;;3 006,92;913,26;2;MN;53
08489602;1;2;55;1;2;1;1;32;;1 754,98;1 400,64;4;OQ;24
08489846;1;1;49;5;2;1;1;33;;3 385,40;996,47;2;AZ;52
08490207;1;1;30;1;2;1;1;37;;1 659,86;;4;OQ;44
08490207;2;1;30;1;2;1;2;21;;1 243,69;;3;HZ;32
08490891;1;2;42;3;2;1;1;60;;2 582,57;995,29;4;RU;93
08492058;1;2;39;6;2;1;1;40;;10 000,00;433,94;2;MN;44
08494060;1;1;18;6;3;8;1;59;;0,00;;-1;GZ;11
08494383;1;2;47;5;1;1;1;37;;2 520,23;1 658,70;10;GZ;11
08494383;2;2;47;5;1;1;2;18;;2 083,00;;6;GZ;27
08496896;1;1;53;1;3;8;1;50;;0,00;;-1;OQ;44
08497026;1;2;59;4;1;1;1;49;;999 999,00;703,89;7;OQ;76
08497379;1;1;26;6;1;1;1;42;;1 694,55;;10;OQ;76
08498800;1;2;27;2;2;1;1;34;;1 449,92;146,09;11;BE;84
08499308;1;2;27;6;1;1;1;37;;1 859,27;999 999,00;7;BE;75
08499701;1;1;40;4;2;1;1;40;;3 823,40;1 555,30;8;OQ;32
08500986;1;1;43;7;1;1;1;39;;999 999,00;;10;MN;44
08501021;1;2;50;7;1;1;1;42;;2 217,82;999 999,00;3;BE;75
08502350;1;1;34;5;1;1;1;40;2;2 600,36;2 852,93;8;BE;93
08502777;1;2;32;7;1;1;1;47;;3 521,27;;10;BE;44
08502979;1;2;51;2;1;1;1;35;;2 729,74;999 999,00;6;MN;75
08503814;1;1;23;6;1;1;1;34;;2 394,00;4 589,16;2;OQ;75
08505669;1;2;31;3;1;1;2;23;;2 474,80;;0;OQ;52
08507482;1;1;38;4;2;1;2;8;;999 999,00;1 035,97;3;OQ;28
08510983;1;1;56;3;2;1;1;36;;1 929,05;2 014,80;3;MN;44
08511606;1;2;36;1;1;1;2;26;2;1 004,69;555,43;1;HZ;32
08512439;1;1;44;4;1;2;9;47;;3 567,26;1 135,87;5;GZ;28
08512439;2;1;44;4;1;1;2;14;;1 153,73;1 345,53;10;MN;84
08512849;1;1;33;4;1;1;1;34;;2 002,59;1 097,29;2;OQ;76
08512849;2;1;33;4;1;1;2;14;;1 019,41;1 088,60;4;OQ;11
08514214;1;1;30;5;1;1;1;46;2;1 397,21;999 999,00;10;BE;75
08516171;1;2;17;5;2;1;2;27;;2 241,41;;1;GZ;11
08516931;1;1;22;3;2;3;1;45;;893,06;;2;GZ;28
08517514;1;1;41;4;1;1;1;39;;2 769,44;459,38;3;GZ;24
08517830;1;1;58;6;1;1;1;26;;4 062,74;1 949,16;6;OQ;52
08517866;1;1;55;4;1;3;1;46;;1 733,44;;5;HZ;93
08519176;1;2;31;9;1;1;1;36;;1 865,67;;1;GZ;44
08522800;1;1;43;1;1;1;1;23;;1 752,07;;7;OQ;84
08524126;1;1;22;1;1;2;1;37;;1 338,00;;0;OQ;52
08524452;1;2;61;4;1;1;1;22;;2 843,39;;2;RU;11
08524809;1;1;41;2;2;1;9;99;;2 101,85;;7;OQ;11
08525399;1;1;33;3;1;1;1;30;;2 599,34;;14;MN;32
08526972;1;1;54;6;1;1;2;28;;3 748,31;;11;OQ;53
08527236;1;2;24;4;1;1;1;24;;3 177,53;;6;GZ;24
08527472;1;1;45;3;3;8;1;38;;0,00;;-1;MN;84
08530939;1;2;42;6;1;1;1;25;;2 977,57;;9;OQ;32
08533803;1;2;48;4;1;1;9;37;;3 445,55;;9;GZ;75
08533803;2;2;48;4;1;2;2;20;;2 384,71;5 613,16;10;OQ;24
08535883;1;1;35;5;1;1;1;35;;1 913,30;636,35;11;GZ;11
08539694;1;1;22;4;1;1;1;49;1;2 697,60;5 170,32;6;GZ;84
08541844;1;2;26;9;3;8;1;60;;0,00;;-1;OQ;24
08543220;1;2;36;7;1;1;1;41;;4 020,79;;19;AZ;11
08545371;1;1;56;1;1;1;1;51;;2 311,46;;6;RU;11
08545371;2;1;56;1;1;1;2;12;;1 382,42;;0;GZ;76
08546110;1;1;46;3;1;3;1;37;;4 201,53;;0;BE;76
08548870;1;1;29;3;1;1;1;39;1;1 562,03;;5;GZ;93
08548870;2;1;29;3;1;1;1;36;2;2 773,66;283,73;1;GZ;11
08549061;1;1;26;4;2;1;1;38;;2 714,01;;5;FZ;75
08551111;1;1;28;7;3;8;1;43;1;0,00;;-1;RU;11
08553360;1;2;28;2;2;1;2;27;;1 522,96;693,29;9;OQ;76
08553551;1;2;30;6;1;1;1;27;;999 999,00;;6;HZ;44
08554511;1;1;39;5;1;1;1;49;;3 780,58;307,39;6;MN;75
08556058;1;1;45;3;1;1;1;24;;2 911,82;488,24;1;MN;53
08556588;1;2;40;3;1;1;1;40;;1 213,04;1 649,11;2;JZ;84
08558040;1;2;41;7;2;1;1;31;;3 265,48;2 151,48;0;GZ;24
08558562;1;2;73;7;1;1;1;38;;999 999,00;999 999,00;9;MN;11
08559845;1;2;44;7;1;1;2;25;1;2 035,75;571,99;10;OQ;93
08560241;1;1;61;2;2;1;2;19;;1 632,50;;3;BE;93
08561864;1;1;46;7;1;1;2;28;1;2 731,08;542,83;22;BE;27
08562804;1;2;51;3;1;1;2;24;;2 089,79;;12;GZ;75
08564563;1;2;33;3;1;1;1;38;;1 902,75;712,49;4;OQ;52
08564563;2;2;33;3;1;1;2;29;;947,02;1 074,55;17;MN;11
08566600;1;2;48;3;1;9;1;33;;2 264,00;;1;FZ;44
08567733;1;1;31;1;2;1;1;30;4;2 132,34;3 073,81;10;OQ;27
08569620;1;1;38;3;3;8;1;60;;0,00;;-1;GZ;44
08571228;1;2;63;1;1;3;1;46;;2 601,97;794,90;0;OQ;44
08571436;1;1;44;6;1;2;9;40;;2 563,86;;8;MN;76
08571725;1;1;40;1;1;1;1;25;;4 123,86;999 999,00;5;FZ;52
08572002;1;2;53;3;1;2;1;29;;1 478,18;;1;BE;11
08572111;1;2;64;6;1;1;1;40;;5 839,05;;34;FZ;84
08572565;1;2;45;5;2;9;9;29;;2 938,48;;0;MN;44
08572762;1;1;24;4;1;2;1;33;;1 449,92;;0;MN;76
08574108;1;2;64;4;1;2;1;42;;4 655,95;;1;BE;75
08576205;1;1;35;3;2;2;2;11;;1 154,02;451,10;5;OQ;11
08576941;1;2;28;4;1;2;2;30;;999,21;438,94;12;OQ;11
08580349;1;2;51;4;1;3;1;46;;3 678,47;;9;BE;11
08581156;1;1;43;6;1;1;1;46;1;2 545,06;1 054,03;3;MN;75
08581293;1;2;49;3;2;1;2;23;;1 934,53;984,45;1;GZ;53
08581652;1;1;53;4;2;2;2;11;;2 470,81;462,10;14;OQ;28
08581893;1;1;37;9;1;2;1;39;1;2 257,87;;0;HZ;32
08582722;1;2;61;2;1;1;1;35;;3 023,08;;6;OQ;32
08586508;1;2;24;7;1;1;1;32;9;3 050,97;;2;MN;84
08592924;1;2;22;7;2;1;1;36;;3 184,91;;6;RU;84
08594145;1;1;40;3;2;2;1;41;;3 355,69;1 304,57;10;GZ;11
08595426;1;1;25;4;1;1;1;38;2;1 856,47;;2;BE;27
08599117;1;2;41;4;1;9;1;32;;1 884,09;1 817,66;6;GZ;27
08599857;1;1;46;7;1;1;1;37;;3 225,70;;4;OQ;27
08600690;1;1;22;3;2;1;1;31;;2 277,45;660,85;1;JZ;93
08603866;1;2;53;4;2;1;1;40;;1 297,44;;1;OQ;93
08603887;1;1;37;7;2;2;1;35;;4 755,09;;2;OQ;11
08605033;1;1;33;4;1;1;2;18;;1 443,10;;2;HZ;75
08605106;1;1;42;4;1;1;2;20;;1 338,33;702,88;5;OQ;75
08605920;1;1;36;1;1;1;1;38;;2 102,15;12 347,25;4;HZ;75
08608559;1;2;51;1;1;1;1;39;;999 999,00;;0;HZ;84
08608826;1;2;36;6;1;1;2;13;;1 815,74;537,41;1;BE;84
08610864;1;2;48;3;1;1;1;40;;4 247,46;;0;JZ;11
08610864;2;2;48;3;1;1;1;37;;1 831,59;1 340,49;8;RU;11
08611022;1;1;43;6;2;1;1;34;2;4 388,76;;4;MN;93
08611348;1;2;46;4;2;1;1;48;1;1 837,89;330,30;7;OQ;75
08613743;1;2;57;3;1;1;9;99;1;2 592,47;292,04;3;MN;75
08613923;1;2;21;9;1;1;1;48;;1 381,18;;2;RU;32
08614752;1;1;40;4;1;1;1;38;5;1 748,39;;3;OQ;11
08615359;1;2;43;6;1;1;2;19;1;1 473,18;3 117,38;1;MN;53
08617294;1;1;42;5;2;1;1;35;;2 547,89;1 163,48;0;OQ;24
08622224;1;2;43;3;2;1;1;99;;2 586,56;;9;GZ;93
08622758;1;1;47;3;1;1;1;45;1;2 538,64;2 237,49;1;MN;84
08622921;1;1;21;2;1;1;1;42;;1 403,10;;5;BE;53
08623628;1;1;57;7;1;1;1;48;;999 999,00;;5;GZ;44
08623642;1;1;40;6;1;1;1;49;;4 211,32;775,85;18;BE;11
08625121;1;1;35;2;1;1;1;28;;3 131,99;1 197,66;6;OQ;84
08625518;1;1;24;3;1;1;1;32;4;3 180,87;1 792,67;6;BE;11
08625759;1;2;29;4;1;2;1;38;;1 923,28;;2;BE;32
08627967;1;1;52;4;1;1;1;45;;3 123,64;;3;AZ;32
08628258;1;1;45;5;1;9;1;33;;2 279,20;;6;BE;84
08628258;2;1;45;5;1;1;2;25;1;1 899,92;1 344,34;21;MN;24
08630967;1;1;28;7;1;1;1;35;;2 347,79;;12;GZ;93
08636511;1;1;52;3;1;1;2;17;;1 954,84;4 608,18;0;HZ;75
08636723;1;2;48;1;1;2;1;36;;2 157,46;314,39;16;OQ;75
08637975;1;2;39;1;1;1;1;36;1;1 760,82;1 553,50;7;JZ;44
08640166;1;1;50;3;3;8;1;59;;0,00;;-1;RU;53
08640610;1;2;20;5;1;1;2;8;;1 640,65;;4;MN;28
08644373;1;1;37;7;1;9;1;44;;4 505,71;;3;AZ;76
08646274;1;2;15;4;2;1;1;46;;2 854,38;;0;RU;52
08646741;1;1;73;4;2;1;1;37;1;2 622,30;2 284,70;11;MN;32
08646975;1;1;21;9;1;1;2;22;;1 229,11;303,16;5;BE;52
08647170;1;1;46;5;3;8;1;99;;0,00;;-1;BE;11
08650965;1;1;30;5;2;1;1;46;;2 316,10;1 051,17;3;MN;84
08651010;1;2;46;7;1;2;9;37;;3 784,08;;3;MN;84
08653640;1;1;38;7;2;1;1;38;;3 674,09;1 124,63;8;MN;32
08654417;1;1;61;4;1;1;1;38;;3 694,32;;2;FZ;11
08654417;2;1;61;4;1;2;9;9;;1 286,39;;4;MN;84
08654782;1;2;47;1;2;2;2;25;;1 465,16;;9;MN;93
08654795;1;1;38;3;1;1;1;38;;2 559,46;743,94;4;OQ;24
08655426;1;1;36;4;3;8;9;60;;0,00;;-1;GZ;28
08657272;1;2;47;5;1;1;1;34;1;1 204,35;220,62;4;BE;32
08658493;1;2;44;3;2;1;1;35;;2 875,54;772,32;9;RU;11
08658861;1;1;27;3;1;1;1;42;;1 893,52;;9;BE;44
08659902;1;2;27;7;1;2;1;42;;2 430,85;;4;HZ;75
08663575;1;2;40;4;1;1;1;42;;2 359,16;1 326,91;3;BE;76
08663575;2;2;40;4;1;1;2;16;;992,54;702,35;2;OQ;52
08664189;1;1;25;1;2;1;1;36;;2 640,47;1 074,38;9;OQ;76
08664949;1;1;27;2;2;1;1;40;;1 186,75;;11;BE;11
08666736;1;2;57;7;1;1;1;41;;2 728,96;405,46;2;MN;76
08671881;1;2;33;3;1;1;9;34;1;1 116,50;380,80;9;MN;76
08672912;1;2;29;7;3;8;1;59;;0,00;;-1;AZ;84
08673069;1;2;29;5;1;1;1;31;;999 999,00;999 999,00;1;OQ;27
08673069;2;2;29;5;1;1;2;10;;927,39;;3;GZ;52
08673639;1;2;59;6;1;3;1;38;;3 722,46;;7;OQ;32
08678225;1;1;52;6;1;1;1;32;;4 125,97;3 054,07;1;MN;11
08678429;1;2;62;4;1;2;1;29;;1 532,54;532,80;4;JZ;32
08679648;1;1;48;6;1;1;1;44;;3 886,38;;4;OQ;11
08680224;1;1;57;5;3;8;2;21;;0,00;;-1;HZ;52
08681206;1;2;37;4;1;1;2;10;;971,48;;4;HZ;76
08682745;1;2;54;6;1;2;1;33;;1 895,07;295,83;1;MN;84
08686534;1;1;57;7;1;2;1;36;;3 743,82;2 551,97;13;AZ;76
08686534;2;1;57;7;1;1;2;26;;3 103,29;1 834,95;0;MN;24
08687238;1;2;56;7;2;1;1;39;;2 764,15;608,74;16;OQ;11
08688295;1;1;24;6;1;1;1;33;;4 893,73;;3;OQ;44
08689224;1;1;28;4;1;1;1;33;;1 774,35;;1;BE;75
08690511;1;2;28;4;1;1;1;35;;3 076,50;;2;MN;27
08690570;1;1;26;3;2;1;1;34;;2 712,65;;9;OQ;32
08690879;1;2;46;5;1;9;1;37;;3 846,50;693,75;5;FZ;84
08692642;1;2;32;5;1;3;1;45;;5 626,17;440,64;16;OQ;52
08693320;1;2;51;6;2;2;1;42;;3 429,37;;2;GZ;76
08695530;1;1;46;4;3;8;1;50;;0,00;;-1;HZ;52
08695955;1;1;56;3;1;2;1;43;;2 971,90;990,14;7;OQ;76
08697472;1;1;48;3;1;1;1;46;;2 675,65;769,02;7;GZ;32
08700238;1;2;48;4;1;1;1;99;;1 982,55;;0;BE;84
08702400;1;2;63;3;1;1;1;41;;2 982,89;;1;GZ;84
08703240;1;1;34;4;1;1;1;32;;1 770,89;;2;BE;76
08703733;1;2;31;3;1;1;1;27;;1 794,41;1 212,33;2;OQ;53
08706766;1;1;57;2;1;1;1;39;1;2 322,99;459,47;1;OQ;84
08706766;2;1;57;2;1;1;2;17;;1 175,55;2 142,93;10;OQ;93
08707069;1;1;25;1;1;2;2;20;;1 039,78;1 052,04;9;FZ;44
08709370;1;1;59;3;1;1;1;43;4;2 837,23;;3;OQ;76
08711348;1;2;25;6;1;1;1;53;;2 405,00;;1;BE;11
08711609;1;2;45;1;2;1;2;14;;1 226,24;3 307,66;6;GZ;11
08711920;1;1;58;5;2;1;1;49;;999 999,00;;7;HZ;28
08712663;1;1;57;2;3;8;1;56;;0,00;;-1;OQ;11
08713587;1;1;27;6;1;1;1;44;;3 750,82;232,01;4;OQ;27
08714401;1;1;39;4;1;1;1;43;;1 944,51;;1;RU;52
08714800;1;1;60;5;1;1;1;43;;2 487,58;2 031,20;1;RU;93
08715238;1;1;48;3;1;2;1;31;;999 999,00;;4;OQ;11
08715571;1;1;47;3;1;2;1;40;;2 873,36;;6;MN;28
08718065;1;2;40;4;1;1;9;34;;1 778,67;2 752,63;1;OQ;44
08718990;1;2;45;9;1;1;2;8;;1 483,17;1 619,23;22;HZ;24
08719600;1;1;59;4;2;3;1;42;;3 040,97;1 008,06;0;AZ;32
08721533;1;1;58;3;1;1;9;45;;4 587,76;1 554,71;18;GZ;76
08721533;2;1;58;3;1;1;2;30;;1 669,76;;2;OQ;93
08721722;1;1;20;3;2;1;1;17;;2 457,99;951,77;3;OQ;84
08723398;1;2;62;7;1;2;2;26;;1 769,46;1 284,92;2;OQ;75
08726044;1;1;50;7;1;1;1;38;;2 391,09;;10;OQ;84
08726249;1;1;30;1;1;1;1;38;;893,88;1 511,23;2;HZ;11
08727868;1;2;22;3;1;1;2;25;;435,64;;3;RU;11
08729908;1;2;55;7;1;1;1;48;;7 197,97;;3;MN;11
08730062;1;2;69;6;2;2;1;60;;2 729,33;257,66;2;OQ;11
08731617;1;2;27;3;1;3;9;35;;1 893,08;2 467,98;9;MN;27
08731725;1;2;24;2;1;1;1;37;;999 999,00;;5;MN;84
08732371;1;1;62;7;2;3;1;38;1;999 999,00;2 079,90;2;MN;75
08732947;1;2;36;5;1;1;1;30;;1 903,97;13 737,11;2;OQ;11
08733580;1;2;51;9;2;1;1;34;;3 593,67;;1;MN;11
08734290;1;2;57;6;1;1;1;42;2;6 335,85;;12;BE;32
08735071;1;1;29;4;2;2;1;32;;2 173,54;;3;MN;76
08735410;1;2;44;4;1;1;1;34;;1 452,61;;14;GZ;32
08736212;1;2;21;7;1;1;1;34;;2 142,75;;2;FZ;27
08738905;1;2;49;4;1;1;2;22;;1 387,56;725,94;3;MN;75
08740534;1;1;33;1;2;1;1;50;;1 885,68;;0;BE;76
08740944;1;1;41;1;1;1;1;32;;1 879,14;;5;FZ;11
08744188;1;2;25;3;1;1;2;25;1;815,07;;2;HZ;52
08745713;1;1;20;6;2;1;9;38;;3 236,00;;3;OQ;11
08746829;1;1;28;5;1;2;1;99;;3 246,86;650,49;1;BE;93
08746904;1;1;37;5;1;2;1;36;;2 532,63;1 495,75;7;AZ;84
08748512;1;2;31;7;3;8;2;39;;0,00;;-1;AZ;76
08749719;1;2;58;3;1;1;2;16;;832,26;;4;MN;27
08749719;2;2;58;3;1;1;2;19;;1 611,88;2 889,69;8;BE;93
08750128;1;2;52;6;1;1;2;29;;2 043,75;211,79;0;OQ;76
08751810;1;2;51;7;1;3;1;38;;4 131,44;635,74;3;RU;11
08751810;2;2;51;7;1;1;1;37;;3 495,58;;13;GZ;76
08753490;1;2;45;3;1;1;2;9;;1 235,56;;17;GZ;11
08758209;1;1;39;1;1;1;1;36;;2 269,03;;2;FZ;11
08760125;1;2;25;5;1;1;1;36;;4 035,35;;7;GZ;44
08760879;1;2;21;5;1;1;9;38;;2 552,80;;5;AZ;11
08762199;1;1;58;3;1;2;1;54;;2 650,95;;12;AZ;11
08764427;1;2;22;3;1;1;1;41;;1 276,09;;3;AZ;84
08765741;1;2;37;4;1;2;1;31;;1 660,57;652,03;3;OQ;11
08765741;2;2;37;4;1;1;2;8;;988,20;;0;BE;28
08766774;1;2;24;2;1;1;1;41;;1 564,68;2 685,74;5;OQ;11
08766985;1;1;52;3;1;1;1;28;;1 640,56;;1;FZ;27
08767333;1;1;38;1;2;1;1;35;;2 052,66;;4;BE;93
08772005;1;2;50;1;1;1;1;45;;3 392,87;;6;MN;32
08772030;1;1;50;4;1;1;1;38;;1 510,46;;3;MN;32
08772030;2;1;50;4;1;1;2;8;;1 571,82;;1;FZ;11
08772164;1;1;46;6;1;3;1;42;99;10 000,00;1 164,36;4;GZ;28
08772310;1;1;40;5;2;1;1;45;;4 112,09;531,31;0;MN;44
08773769;1;2;57;3;1;1;1;60;;2 377,57;;7;OQ;75
08774303;1;2;59;9;2;1;2;12;;2 340,89;999 999,00;2;BE;84
08774465;1;2;37;6;2;1;1;43;;2 305,13;;2;GZ;11
08775113;1;2;48;4;1;1;1;99;;2 345,65;298,91;25;MN;28
08777744;1;1;58;3;1;1;1;29;;2 456,15;947,77;11;FZ;76
08777744;2;1;58;3;1;1;2;22;;999 999,00;;16;JZ;24
08779130;1;2;32;3;1;1;2;22;;1 995,34;1 920,66;7;BE;75
08779168;1;1;52;2;3;8;1;42;;0,00;;-1;OQ;76
08779281;1;2;53;1;2;1;9;17;;2 220,24;2 648,66;0;OQ;75
08782054;1;2;50;3;1;3;1;40;4;999 999,00;;9;BE;11
08783500;1;2;31;6;1;1;9;18;;1 889,93;;5;OQ;75
08784016;1;1;59;2;1;1;1;47;;4 015,66;;0;GZ;44
08785591;1;1;20;1;1;1;2;24;;911,60;1 427,09;2;MN;75
08787208;1;2;59;9;1;1;1;46;;4 050,50;;16;GZ;76
08788105;1;1;48;3;1;1;9;60;;2 808,25;1 542,12;6;GZ;84
08788597;1;1;39;7;1;1;1;22;;999 999,00;;3;RU;11
08788958;1;1;64;1;2;1;9;36;;1 578,67;524,21;2;OQ;27
08788971;1;2;21;6;2;9;1;49;;1 403,89;;1;OQ;84
08789495;1;2;60;4;1;1;1;35;;2 121,01;;3;GZ;44
08789495;2;2;60;4;1;1;2;19;9;1 916,31;;8;OQ;84
08790498;1;1;39;6;1;1;1;37;;6 639,60;6 037,27;1;JZ;27
08791422;1;2;58;5;1;1;1;38;;4 203,72;;21;RU;11
08792081;1;1;30;3;1;1;1;44;;1 283,87;;4;GZ;28
08793379;1;2;36;3;2;1;1;33;;3 196,68;1 552,06;12;MN;76
08795564;1;1;51;6;1;1;1;99;;10 000,00;414,56;2;MN;53
08798091;1;2;21;6;1;1;1;40;;2 522,60;;5;GZ;76
08799896;1;2;59;2;1;1;2;9;;2 461,27;;12;BE;53
08802364;1;2;42;4;2;1;1;46;9;999 999,00;;7;FZ;93
08803015;1;2;24;1;3;8;1;60;;0,00;;-1;RU;75
08803377;1;1;40;6;2;3;1;47;;2 208,27;371,30;0;GZ;76
08803851;1;2;40;3;1;1;1;41;;2 847,12;2 313,74;2;AZ;75
08803971;1;1;42;7;1;1;1;40;;6 860,45;1 230,36;26;BE;28
08804219;1;2;57;3;1;1;1;38;4;2 417,09;;0;OQ;84
08805281;1;1;37;6;1;1;1;41;;4 322,88;;7;GZ;84
08805485;1;2;51;3;2;2;1;40;;2 027,41;;1;OQ;53
08805894;1;2;48;3;1;1;9;35;;2 485,25;4 435,31;1;GZ;53
08806514;1;2;40;2;2;1;1;40;;2 949,34;1 037,11;1;BE;32
08806608;1;2;59;3;1;1;1;34;;2 758,08;;8;MN;93
08807075;1;1;50;3;1;1;1;24;;4 421,13;999 999,00;17;GZ;52
08809716;1;2;37;7;1;1;1;36;;2 468,30;2 063,37;8;BE;24
08811467;1;1;51;7;2;1;1;35;;5 135,37;2 453,59;4;MN;28
08811795;1;1;47;2;2;1;1;35;;2 912,22;;18;BE;53
08813803;1;2;30;5;1;1;1;38;;1 319,75;;7;GZ;84
08813877;1;2;43;3;1;1;1;38;;2 299,70;973,58;5;RU;75
08815413;1;2;43;4;2;1;9;33;;2 214,01;1 255,06;1;GZ;84
08815491;1;2;34;3;1;2;2;16;;1 111,16;594,24;2;OQ;93
08817180;1;2;47;3;1;1;2;8;;671,82;;9;RU;11
08817676;1;1;49;3;3;8;1;99;;0,00;;-1;OQ;44
08818235;1;2;51;3;1;2;1;45;;3 983,22;1 447,41;1;BE;32
08818235;2;2;51;3;1;2;2;17;;1 656,16;;14;JZ;76
08818936;1;2;39;6;1;2;1;46;;3 707,26;686,00;2;OQ;52
08821668;1;2;52;4;1;1;1;58;4;2 435,08;1 726,54;7;HZ;11
08822203;1;1;43;3;1;1;2;11;;621,94;;5;GZ;44
08823061;1;2;58;3;3;8;1;58;;0,00;;-1;GZ;53
08827431;1;1;57;1;1;1;1;31;1;1 482,64;1 176,53;10;FZ;27
08830649;1;2;21;4;1;1;2;19;;1 737,30;990,43;3;GZ;24
08830855;1;1;22;1;1;1;1;60;;1 843,57;622,30;6;OQ;76
08831366;1;2;26;5;2;1;1;39;;999 999,00;357,93;6;OQ;93
08831366;2;2;26;5;2;1;2;25;;1 177,51;;1;GZ;27
08832620;1;1;29;1;1;1;1;36;1;2 436,58;2 477,34;0;OQ;52
08833685;1;1;28;3;1;2;9;40;;1 391,65;3 363,91;6;MN;93
08834839;1;2;49;7;1;1;2;18;2;1 618,06;1 517,20;1;GZ;76
08838061;1;1;46;7;2;2;1;33;;2 346,49;193,95;13;BE;76
08840705;1;1;28;3;1;3;2;20;;700,65;;0;GZ;75
08843232;1;2;54;3;1;1;1;33;;2 757,64;;19;JZ;84
08844893;1;1;26;4;1;1;2;20;;1 421,69;;5;JZ;75
08844984;1;2;26;4;1;1;9;43;;1 946,11;;2;JZ;76
08846344;1;2;57;6;1;1;1;40;;4 167,05;4 316,81;1;OQ;11
08852500;1;1;49;4;2;1;1;46;;3 164,65;;3;GZ;24
08853415;1;2;54;6;1;1;2;24;;2 614,69;662,76;4;GZ;27
08853607;1;2;20;4;2;2;1;49;;1 494,80;1 011,99;4;BE;44
08855116;1;2;26;1;1;1;1;39;;2 033,28;214,64;6;OQ;52
08855505;1;1;37;3;1;1;1;25;;3 257,50;;9;HZ;75
08857858;1;2;45;4;1;2;2;8;;999 999,00;1 394,02;0;GZ;11
08857858;2;2;45;4;1;1;2;17;;1 674,59;;1;OQ;24
08861616;1;2;52;6;1;2;2;20;;906,29;418,44;4;AZ;84
08862191;1;1;50;2;2;1;1;35;;999 999,00;;5;FZ;52
08862374;1;2;38;2;1;1;1;30;;2 560,59;263,93;8;OQ;93
08862606;1;2;48;3;1;1;2;18;;1 432,80;;15;AZ;44
08862684;1;1;48;4;1;1;2;15;;1 996,47;;5;OQ;11
08864052;1;1;55;6;1;2;1;25;;2 601,40;;1;RU;24
08864249;1;1;41;7;1;2;1;35;;3 340,97;1 213,84;5;JZ;53
08868006;1;2;33;7;1;1;1;32;;2 265,20;1 235,20;0;HZ;76
08868407;1;2;33;2;2;1;1;33;;1 726,93;;7;RU;52
08870572;1;2;26;3;2;1;1;30;;2 577,36;;3;GZ;84
08870839;1;2;33;4;1;1;1;60;;3 142,11;;9;FZ;32
08871965;1;2;30;7;2;1;2;16;;1 589,02;;7;OQ;76
08873161;1;2;53;2;1;1;2;14;;1 156,69;1 952,73;0;GZ;11
08873376;1;1;37;3;2;1;1;27;;3 164,20;;9;OQ;76
08873383;1;1;52;2;1;1;1;33;;2 527,27;1 275,01;5;OQ;93
08874118;1;2;27;3;2;1;1;34;;2 596,20;1 611,12;2;OQ;75
08875685;1;1;57;4;1;2;1;30;1;5 420,14;;13;BE;93
08879676;1;2;40;7;1;1;2;8;2;3 837,02;;11;OQ;11
08885322;1;2;28;3;1;1;1;33;4;2 946,87;999 999,00;12;GZ;32
08886278;1;1;29;3;1;1;1;40;;1 478,30;;3;GZ;75
08887886;1;1;60;9;1;1;1;35;;3 066,92;;3;RU;76
08889701;1;1;34;3;3;8;1;56;;0,00;;-1;JZ;53
08889975;1;1;57;5;1;1;1;49;1;4 629,62;1 826,73;2;AZ;84
08891360;1;2;30;5;1;1;2;20;4;1 654,24;;3;MN;53
08892621;1;2;40;4;2;1;1;33;;5 723,12;;16;MN;28
08893196;1;2;29;1;2;1;1;54;;770,80;;5;GZ;28
08894712;1;2;53;1;2;1;1;99;99;2 771,85;;5;MN;93
08894951;1;2;48;5;1;1;9;29;;5 054,44;410,68;2;OQ;11
08899222;1;2;54;6;1;1;1;33;;1 732,67;1 174,66;6;GZ;24
08899808;1;1;35;1;2;3;1;33;;1 553,74;;8;MN;93
08899808;2;1;35;1;2;1;2;18;;666,82;658,21;5;BE;11
08900292;1;1;27;5;1;1;1;41;;1 696,97;;1;GZ;76
08900491;1;2;42;6;1;1;2;14;;2 274,44;1 542,34;3;FZ;11
08901188;1;1;52;9;1;1;9;39;;3 592,32;464,92;1;OQ;11
08901739;1;2;49;7;1;1;1;39;9;4 113,82;2 616,10;5;GZ;84
08901739;2;2;49;7;1;1;2;28;;1 425,21;409,15;11;GZ;11
08901946;1;1;51;6;1;1;1;35;;3 444,09;999 999,00;20;OQ;75
08902235;1;1;42;6;1;2;1;47;;2 709,77;;4;HZ;76
08902610;1;1;45;9;1;1;1;29;;2 837,97;;1;GZ;11
08907334;1;1;42;6;1;1;1;49;;999 999,00;;17;GZ;32
08907469;1;2;32;3;2;1;2;8;;2 580,56;999 999,00;14;AZ;84
08908223;1;2;26;5;1;1;2;28;;1 534,14;1 185,53;10;JZ;11
08908529;1;2;55;5;1;2;1;48;;3 205,58;331,02;1;MN;76
08909682;1;1;29;1;1;2;1;38;;2 095,45;;13;BE;84
08912308;1;1;40;4;1;1;1;23;;3 214,50;;13;OQ;84
08912308;2;1;40;4;1;1;2;27;;1 574,92;;1;BE;53
08913300;1;2;22;6;1;1;2;9;;1 485,19;1 060,59;6;JZ;84
08914810;1;2;40;3;1;1;1;99;;1 472,31;;1;FZ;76
08915837;1;2;22;4;2;1;2;14;;1 110,33;566,14;1;HZ;84
08916520;1;2;47;3;2;1;2;26;;1 845,13;703,56;0;RU;44
08916520;2;2;47;3;2;1;1;36;;1 260,96;;3;MN;11
08918309;1;1;27;9;1;1;9;43;;2 388,15;;5;MN;93
08919946;1;1;62;4;3;8;9;60;;0,00;;-1;GZ;11
08920446;1;2;28;3;1;1;2;9;;1 678,11;;12;GZ;28
08921251;1;2;36;3;2;1;1;39;;3 238,29;2 714,45;20;BE;84
08921251;2;2;36;3;2;1;2;12;;1 364,36;999 999,00;14;GZ;11
08924920;1;1;20;5;3;8;1;41;;0,00;;-1;OQ;53
08925351;1;2;51;5;1;1;1;47;;7 603,82;2 484,90;7;JZ;24
08925556;1;1;54;3;1;1;1;42;;4 186,99;;12;GZ;32
08925894;1;2;70;6;2;1;9;37;;999 999,00;;2;OQ;76
08928093;1;2;42;9;1;1;1;39;;2 055,05;;0;OQ;52
08930421;1;1;42;5;2;1;2;28;;1 257,55;;3;OQ;53
08931785;1;1;23;2;2;2;2;18;;1 672,45;308,27;7;BE;32
08931919;1;1;50;4;1;1;1;48;;3 268,38;;13;MN;75
08931919;2;1;50;4;1;1;2;8;;1 353,62;;2;BE;52
08932263;1;1;28;6;1;1;1;41;;2 465,02;;1;MN;24
08932313;1;2;36;3;1;1;2;28;1;1 172,32;427,56;4;RU;84
08932759;1;2;31;1;1;1;1;37;;1 525,94;;10;OQ;28
08933085;1;2;38;7;1;1;1;99;;2 030,05;;2;OQ;11
08933173;1;1;33;5;1;1;2;19;;1 408,05;;12;MN;76
08934533;1;1;36;4;3;8;1;56;;0,00;;-1;MN;11
08935275;1;2;63;3;1;1;1;42;;999 999,00;1 693,28;9;FZ;75
08935394;1;1;55;5;1;1;1;39;;999 999,00;2 177,64;4;FZ;93
08938207;1;1;39;3;1;2;1;30;;2 534,53;465,42;9;RU;11
08940261;1;2;48;4;1;2;1;40;;3 350,01;732,85;21;GZ;11
08941729;1;2;41;4;1;1;2;13;;2 788,70;1 275,44;15;OQ;75
08942112;1;2;60;1;1;1;2;17;;662,92;999 999,00;5;OQ;93
08942255;1;1;31;7;2;1;1;28;;10 000,00;;2;RU;11
08944120;1;2;21;3;2;2;1;43;;1 820,32;1 254,84;5;BE;11
08944731;1;2;56;6;1;1;2;22;;2 665,80;;6;MN;11
08944792;1;1;46;1;1;1;1;32;;1 635,02;633,06;7;MN;52
08945670;1;2;40;5;1;1;1;46;;3 286,89;133,61;6;GZ;27
08947147;1;1;42;4;2;1;1;43;;2 428,14;106,93;1;BE;32
08949142;1;1;62;5;1;1;1;99;;2 444,98;999 999,00;1;OQ;53
08950901;1;2;36;6;2;9;1;34;;3 199,71;1 353,93;6;GZ;53
08952468;1;2;42;3;1;2;1;36;;1 518,89;;4;GZ;44
08953329;1;2;39;6;1;2;1;34;;1 779,06;;4;FZ;11
08954443;1;1;51;3;2;1;1;32;;3 995,37;;2;GZ;76
08957864;1;2;46;1;1;1;1;38;;999 999,00;;11;OQ;75
08959709;1;2;27;6;1;1;1;33;;2 784,46;1 457,46;3;BE;24
08960182;1;2;65;2;1;2;9;33;;3 571,87;;4;GZ;76
08960333;1;2;29;5;1;2;2;25;;1 213,28;1 294,67;6;OQ;11
08961778;1;1;40;6;1;1;1;42;;4 742,61;1 871,04;9;MN;76
08962730;1;2;59;5;1;1;2;22;;2 488,39;;2;BE;24
08962774;1;1;33;3;1;2;2;10;;1 079,00;;17;GZ;27
08962794;1;1;28;5;1;1;1;32;;2 917,31;597,36;2;FZ;11
08964184;1;2;37;4;1;1;2;17;;1 356,49;;4;GZ;11
08964202;1;1;39;2;1;1;1;39;;2 041,89;;3;GZ;53
08965228;1;2;65;3;2;1;1;39;;2 962,18;999 999,00;1;RU;75
08965830;1;2;20;7;1;1;2;25;;1 291,30;;4;BE;93
08966085;1;1;35;5;3;8;1;43;;0,00;;-1;BE;11
08966729;1;1;59;6;1;1;1;45;;5 831,01;438,27;3;BE;53
08966827;1;1;24;6;1;1;1;39;;999 999,00;1 648,65;1;BE;75
08966827;2;1;24;6;1;1;2;25;;2 105,41;;3;BE;11
08967097;1;2;60;6;1;2;1;31;;5 421,06;;26;OQ;24
08970925;1;2;54;6;1;2;1;43;;10 000,00;;1;BE;27
08972472;1;2;30;6;3;8;2;37;;0,00;;-1;JZ;32
08973475;1;2;59;4;1;1;2;27;;2 588,55;;12;GZ;44
08974330;1;1;43;3;1;1;1;42;;2 893,33;802,12;12;BE;11
08975065;1;2;48;7;1;1;1;38;1;1 774,65;1 728,72;0;MN;32
08979034;1;1;43;4;1;1;1;28;;2 714,99;858,66;4;AZ;44
08979034;2;1;43;4;1;1;2;17;;2 309,18;;13;RU;84
08979953;1;2;47;3;1;1;1;60;;3 609,69;1 694,66;0;BE;44
08981094;1;1;50;5;1;1;1;30;;5 367,46;1 152,31;5;GZ;44
08981169;1;2;23;5;3;8;1;49;;0,00;;-1;BE;11
08981678;1;1;35;6;2;1;1;35;;5 861,51;;1;OQ;52
08981754;1;2;33;3;3;8;1;44;;0,00;;-1;OQ;84
08984079;1;1;61;7;1;1;1;45;;6 423,07;4 930,23;8;FZ;93
08984953;1;1;36;5;2;1;1;34;;3 299,31;2 562,55;3;OQ;84
08984955;1;1;55;4;2;1;1;42;;5 296,19;;2;OQ;44
08985366;1;2;58;9;2;1;1;42;;2 527,43;2 487,05;3;JZ;24
08985376;1;1;36;3;2;1;1;39;;2 528,20;2 166,08;2;BE;93
08988281;1;2;41;5;1;3;1;99;;2 235,49;2 901,27;0;MN;84
08988649;1;2;36;3;2;2;1;40;;2 074,36;1 280,92;9;OQ;75
08989801;1;1;65;3;1;2;1;28;;2 499,96;2 200,72;5;BE;84
08989904;1;2;54;4;1;1;1;44;;3 557,33;;1;FZ;44
08991110;1;2;54;5;1;1;1;46;;4 289,98;999 999,00;12;BE;84
08993383;1;2;42;5;1;2;1;45;;3 434,45;;1;BE;44
08994229;1;1;52;1;1;1;1;32;;2 731,03;1 674,43;14;OQ;11
08994397;1;1;21;3;1;9;2;22;;537,15;1 357,64;5;OQ;84
08994482;1;2;47;1;1;1;1;27;;3 258,23;;5;GZ;11
08994750;1;2;63;1;1;1;1;33;;2 290,93;;3;OQ;93
08995185;1;2;50;3;2;2;1;40;;3 272,57;;1;BE;93
08997188;1;2;34;3;1;1;1;30;;1 718,15;3 543,43;4;MN;32
08997280;1;1;52;1;2;1;1;36;;1 782,67;470,52;4;FZ;76
08997674;1;1;57;3;2;1;1;38;;4 567,42;642,17;10;RU;32
08997780;1;1;37;5;1;1;1;48;;999 999,00;2 358,96;1;FZ;32
08999472;1;1;58;7;3;8;1;60;;0,00;;-1;GZ;28
00616268;2;2;52;4;2;1;2;17;;3 734,14;;5;OQ;84
01720222;1;1;26;3;1;1;1;33;;2 360,11;;10;GZ;11
03775518;1;2;61;2;2;2;2;18;;1 658,90;1 634,01;1;OQ;32
04582872;1;2;24;3;1;1;1;47;;999 999,00;4 880,89;6;GZ;76
04842680;1;1;30;1;1;1;1;37;;1 222,06;;14;OQ;75
05256738;2;2;59;6;3;8;9;36;;0,00;;-1;JZ;44
05710311;1;2;63;4;1;2;1;49;;3 953,52;;2;OQ;75
06342043;1;1;29;4;1;1;1;60;3;1 255,51;;3;OQ;93
06343486;1;1;41;7;1;2;9;39;;2 611,51;2 126,23;5;MN;32
06829598;1;2;35;4;2;1;1;38;;2 101,23;;11;OQ;52
07060117;1;1;23;1;1;1;1;37;;1 324,48;420,24;3;OQ;52
08070395;1;1;26;3;1;1;1;30;;1 705,93;564,98;6;BE;27
